Workbook

Sheet RESUMEN
A1: 46104 | C1: =IFERROR(__xludf.DUMMYFUNCTION("unique(filter($C$81:$C1195,$C$81:$C1195<>""Proveedor"",$B$81:$B1195=C5,$C$81:$C1195<>""""))"),"Coporate Coffe") -> Coporate Coffe | D1: =IFERROR(__xludf.DUMMYFUNCTION("unique(filter($C$81:$C1195,$C$81:$C1195<>""Proveedor"",$B$81:$B1195=D5,$C$81:$C1195<>""""))"),"Cafe Caribe") -> Cafe Caribe | E1: =IFERROR(__xludf.DUMMYFUNCTION("unique(filter($C$81:$C1195,$C$81:$C1195<>""Proveedor"",$B$81:$B1195=E5,$C$81:$C1195<>""""))"),"Cafe Caribe") -> Cafe Caribe | F1: =IFERROR(__xludf.DUMMYFUNCTION("unique(filter($C$81:$C1195,$C$81:$C1195<>""Proveedor"",$B$81:$B1195=F5,$C$81:$C1195<>""""))"),"Coporate Coffe") -> Coporate Coffe | G1: =IFERROR(__xludf.DUMMYFUNCTION("unique(filter($C$81:$C1195,$C$81:$C1195<>""Proveedor"",$B$81:$B1195=G5,$C$81:$C1195<>""""))"),"Cafe Caribe") -> Cafe Caribe | H1: =IFERROR(__xludf.DUMMYFUNCTION("unique(filter($C$81:$C1195,$C$81:$C1195<>""Proveedor"",$B$81:$B1195=H5,$C$81:$C1195<>""""))"),"Cafe Caribe") -> Cafe Caribe | I1: =IFERROR(__xludf.DUMMYFUNCTION("unique(filter($C$81:$C1195,$C$81:$C1195<>""Proveedor"",$B$81:$B1195=I5,$C$81:$C1195<>""""))"),"Cafeteria") -> Cafeteria | J1: =IFERROR(__xludf.DUMMYFUNCTION("unique(filter($C$81:$C1195,$C$81:$C1195<>""Proveedor"",$B$81:$B1195=J5,$C$81:$C1195<>""""))"),"Cafe Caribe") -> Cafe Caribe | K1: =IFERROR(__xludf.DUMMYFUNCTION("unique(filter($C$81:$C1195,$C$81:$C1195<>""Proveedor"",$B$81:$B1195=K5,$C$81:$C1195<>""""))"),"Cafe Caribe") -> Cafe Caribe | L1: =IFERROR(__xludf.DUMMYFUNCTION("unique(filter($C$81:$C1195,$C$81:$C1195<>""Proveedor"",$B$81:$B1195=L5,$C$81:$C1195<>""""))"),"Corporate Coffe") -> Corporate Coffe
A2: 46100 | C2: =IFERROR(__xludf.DUMMYFUNCTION("""COMPUTED_VALUE"""),"Cafeteria") -> Cafeteria | D2: =IFERROR(__xludf.DUMMYFUNCTION("""COMPUTED_VALUE"""),"Cafeteria") -> Cafeteria | E2: =IFERROR(__xludf.DUMMYFUNCTION("""COMPUTED_VALUE"""),"Cafeteria") -> Cafeteria | F2: =IFERROR(__xludf.DUMMYFUNCTION("""COMPUTED_VALUE"""),"Cafeteria") -> Cafeteria | G2: =IFERROR(__xludf.DUMMYFUNCTION("""COMPUTED_VALUE"""),"Cafeteria") -> Cafeteria | H2: =IFERROR(__xludf.DUMMYFUNCTION("""COMPUTED_VALUE"""),"Cafeteria") -> Cafeteria | I2: =IFERROR(__xludf.DUMMYFUNCTION("""COMPUTED_VALUE"""),"Cafe Caribe") -> Cafe Caribe | J2: =IFERROR(__xludf.DUMMYFUNCTION("""COMPUTED_VALUE"""),"Cafeteria") -> Cafeteria | K2: =IFERROR(__xludf.DUMMYFUNCTION("""COMPUTED_VALUE"""),"Cafeteria") -> Cafeteria | L2: =IFERROR(__xludf.DUMMYFUNCTION("""COMPUTED_VALUE"""),"Cafeteria") -> Cafeteria
C3: =IFERROR(__xludf.DUMMYFUNCTION("""COMPUTED_VALUE"""),"Aseo") -> Aseo | D3: =IFERROR(__xludf.DUMMYFUNCTION("""COMPUTED_VALUE"""),"Aseo") -> Aseo | E3: =IFERROR(__xludf.DUMMYFUNCTION("""COMPUTED_VALUE"""),"Aseo") -> Aseo | F3: =IFERROR(__xludf.DUMMYFUNCTION("""COMPUTED_VALUE"""),"Aseo") -> Aseo | G3: =IFERROR(__xludf.DUMMYFUNCTION("""COMPUTED_VALUE"""),"Aseo") -> Aseo | H3: =IFERROR(__xludf.DUMMYFUNCTION("""COMPUTED_VALUE"""),"Cocina") -> Cocina | I3: =IFERROR(__xludf.DUMMYFUNCTION("""COMPUTED_VALUE"""),"Aseo") -> Aseo | J3: =IFERROR(__xludf.DUMMYFUNCTION("""COMPUTED_VALUE"""),"Aseo") -> Aseo | K3: =IFERROR(__xludf.DUMMYFUNCTION("""COMPUTED_VALUE"""),"Aseo") -> Aseo | L3: =IFERROR(__xludf.DUMMYFUNCTION("""COMPUTED_VALUE"""),"Aseo") -> Aseo
H4: =IFERROR(__xludf.DUMMYFUNCTION("""COMPUTED_VALUE"""),"Aseo") -> Aseo
C5: =IFERROR(__xludf.DUMMYFUNCTION("TRANSPOSE(unique(filter(B80:B1195,B80:B1195<>""Sede"",B80:B1195<>"""")))"),"Abedules ") -> Abedules | D5: =IFERROR(__xludf.DUMMYFUNCTION("""COMPUTED_VALUE"""),"Alto el Golf") -> Alto el Golf | E5: =IFERROR(__xludf.DUMMYFUNCTION("""COMPUTED_VALUE"""),"Apoquindo") -> Apoquindo | F5: =IFERROR(__xludf.DUMMYFUNCTION("""COMPUTED_VALUE"""),"Los Militares") -> Los Militares | G5: =IFERROR(__xludf.DUMMYFUNCTION("""COMPUTED_VALUE"""),"Monjitas") -> Monjitas | H5: =IFERROR(__xludf.DUMMYFUNCTION("""COMPUTED_VALUE"""),"Isidora") -> Isidora | I5: =IFERROR(__xludf.DUMMYFUNCTION("""COMPUTED_VALUE"""),"Vespucio") -> Vespucio | J5: =IFERROR(__xludf.DUMMYFUNCTION("""COMPUTED_VALUE"""),"Kennedy") -> Kennedy | K5: =IFERROR(__xludf.DUMMYFUNCTION("""COMPUTED_VALUE"""),"Nueva Las Condes") -> Nueva Las Condes | L5: =IFERROR(__xludf.DUMMYFUNCTION("""COMPUTED_VALUE"""),"Cerro el Plomo") -> Cerro el Plomo
B6: =IFERROR(__xludf.DUMMYFUNCTION("unique(filter(D80:D1195,D80:D1195<>""Producto"",D80:D1195<>""""))"),"Cafe Grano (KG)") -> Cafe Grano (KG) | C6: =IFERROR(INDEX($E$82:$CY$96,MATCH($B6,$D$82:$D$96,0),MATCH($A$2,$E$80:$CY$80,0))&" ---> "&INDEX($E$82:$CY$96,MATCH($B6,$D$82:$D$96,0),MATCH($A$1,$E$80:$CY$80,0)),"-") -> 0 ---> 0 | D6: =IFERROR(INDEX($E$100:$CY$113,MATCH($B6,$D$100:$D$113,0),MATCH($A$2,$E$98:$CY$98,0))&" ---> "&INDEX($E$100:$CY$113,MATCH($B6,$D$100:$D$113,0),MATCH($A$1,$E$98:$CY$98,0)),"-") -> 14 ---> 12 | E6: =IFERROR(INDEX($E$117:$CY$130,MATCH($B6,$D$117:$D$130,0),MATCH($A$2,$E$115:$CY$115,0))&" ---> "&INDEX($E$117:$CY$130,MATCH($B6,$D$117:$D$130,0),MATCH($A$1,$E$115:$CY$115,0)),"-") -> 13,5 kl ---> 11 kl | F6: =IFERROR(INDEX($E$134:$CY$147,MATCH($B6,$D$134:$D$147,0),MATCH($A$2,$E$132:$CY$132,0))&" ---> "&INDEX($E$134:$CY$147,MATCH($B6,$D$134:$D$147,0),MATCH($A$1,$E$132:$CY$132,0)),"-") -> 7 ---> 6 | G6: =IFERROR(INDEX($E$151:$CY$164,MATCH($B6,$D$151:$D$164,0),MATCH($A$2,$E$149:$CY$149,0))&" ---> "&INDEX($E$151:$CY$164,MATCH($B6,$D$151:$D$164,0),MATCH($A$1,$E$149:$CY$149,0)),"-") -> 13,5 kg ---> 11 kg | H6: =IFERROR(INDEX($E$169:$CY$182,MATCH($B6,$D$169:$D$182,0),MATCH($A$2,$E$167:$CY$167,0))&" ---> "&INDEX($E$169:$CY$182,MATCH($B6,$D$169:$D$182,0),MATCH($A$1,$E$167:$CY$167,0)),"-") -> 14.5kg ---> 13 kg | I6: =IFERROR(INDEX($E$186:$CY$224,MATCH($B6,$D$186:$D$224,0),MATCH($A$2,$E$184:$CY$184,0))&" ---> "&INDEX($E$186:$CY$224,MATCH($B6,$D$186:$D$224,0),MATCH($A$1,$E$184:$CY$184,0)),"-") -> 15 1/2 ---> 13 | J6: =IFERROR(INDEX($E$228:$BK$243,MATCH($B6,$D$228:$D$243,0),MATCH($A$2,$E$226:$BK$226,0))&" ---> "&INDEX($E$228:$BK$243,MATCH($B6,$D$228:$D$243,0),MATCH($A$1,$E$226:$BK$226,0)),"-") -> 20 kg ---> 10 Kg | K6: =IFERROR(INDEX($E$246:$CY$260,MATCH($B6,$D$246:$D$260,0),MATCH($A$2,$E$244:$CY$244,0))&" ---> "&INDEX($E$246:$CY$260,MATCH($B6,$D$246:$D$260,0),MATCH($A$1,$E$244:$CY$244,0)),"-") -> 9,5 ---> 8 | L6: {=IFERROR(INDEX($E$268:$CY$302,MATCH($B6,$D$268:$D$302,0),MATCH($A$2,$E$266:$CY$266,0))&" ---> "&INDEX($E$268:$CY$302,MATCH($B6,$D$268:$D$302,0),MATCH($A$1,$E$266:$CY$266,0)),"-")} -> 12 ---> 12
B7: =IFERROR(__xludf.DUMMYFUNCTION("""COMPUTED_VALUE"""),"Toalla de Papel Jumbo (UN)") -> Toalla de Papel Jumbo (UN) | C7: =IFERROR(INDEX($E$82:$CY$96,MATCH($B7,$D$82:$D$96,0),MATCH($A$2,$E$80:$CY$80,0))&" ---> "&INDEX($E$82:$CY$96,MATCH($B7,$D$82:$D$96,0),MATCH($A$1,$E$80:$CY$80,0)),"-") -> 2 ---> 3 | D7: =IFERROR(INDEX($E$100:$CY$113,MATCH($B7,$D$100:$D$113,0),MATCH($A$2,$E$98:$CY$98,0))&" ---> "&INDEX($E$100:$CY$113,MATCH($B7,$D$100:$D$113,0),MATCH($A$1,$E$98:$CY$98,0)),"-") -> 5 ---> 4 | E7: =IFERROR(INDEX($E$117:$CY$130,MATCH($B7,$D$117:$D$130,0),MATCH($A$2,$E$115:$CY$115,0))&" ---> "&INDEX($E$117:$CY$130,MATCH($B7,$D$117:$D$130,0),MATCH($A$1,$E$115:$CY$115,0)),"-") -> 2 und ---> 0 | F7: =IFERROR(INDEX($E$134:$CY$147,MATCH($B7,$D$134:$D$147,0),MATCH($A$2,$E$132:$CY$132,0))&" ---> "&INDEX($E$134:$CY$147,MATCH($B7,$D$134:$D$147,0),MATCH($A$1,$E$132:$CY$132,0)),"-") -> 7 paquetes ---> 4 paquetes | G7: =IFERROR(INDEX($E$151:$CY$164,MATCH($B7,$D$151:$D$164,0),MATCH($A$2,$E$149:$CY$149,0))&" ---> "&INDEX($E$151:$CY$164,MATCH($B7,$D$151:$D$164,0),MATCH($A$1,$E$149:$CY$149,0)),"-") -> 4 und ---> 4 und | H7: =IFERROR(INDEX($E$169:$CY$182,MATCH($B7,$D$169:$D$182,0),MATCH($A$2,$E$167:$CY$167,0))&" ---> "&INDEX($E$169:$CY$182,MATCH($B7,$D$169:$D$182,0),MATCH($A$1,$E$167:$CY$167,0)),"-") -> 8 ---> 7 | I7: =IFERROR(INDEX($E$186:$CY$224,MATCH($B7,$D$186:$D$224,0),MATCH($A$2,$E$184:$CY$184,0))&" ---> "&INDEX($E$186:$CY$224,MATCH($B7,$D$186:$D$224,0),MATCH($A$1,$E$184:$CY$184,0)),"-") -> 13 ---> 4 | J7: =IFERROR(INDEX($E$228:$BK$243,MATCH($B7,$D$228:$D$243,0),MATCH($A$2,$E$226:$BK$226,0))&" ---> "&INDEX($E$228:$BK$243,MATCH($B7,$D$228:$D$243,0),MATCH($A$1,$E$226:$BK$226,0)),"-") -> 4 ---> 30 | K7: =IFERROR(INDEX($E$246:$CY$260,MATCH($B7,$D$246:$D$260,0),MATCH($A$2,$E$244:$CY$244,0))&" ---> "&INDEX($E$246:$CY$260,MATCH($B7,$D$246:$D$260,0),MATCH($A$1,$E$244:$CY$244,0)),"-") -> 3 ---> 1 | L7: =IFERROR(INDEX($E$268:$CY$293,MATCH($B7,$D$268:$D$293,0),MATCH($A$2,$E$266:$CY$266,0))&" ---> "&INDEX($E$268:$CY$293,MATCH($B7,$D$268:$D$293,0),MATCH($A$1,$E$266:$CY$266,0)),"-") -> 0 ---> 0
B8: =IFERROR(__xludf.DUMMYFUNCTION("""COMPUTED_VALUE"""),"Papel Higienico (UN)") -> Papel Higienico (UN) | C8: =IFERROR(INDEX($E$82:$CY$96,MATCH($B8,$D$82:$D$96,0),MATCH($A$2,$E$80:$CY$80,0))&" ---> "&INDEX($E$82:$CY$96,MATCH($B8,$D$82:$D$96,0),MATCH($A$1,$E$80:$CY$80,0)),"-") -> 5 ---> 6 | D8: =IFERROR(INDEX($E$100:$CY$113,MATCH($B8,$D$100:$D$113,0),MATCH($A$2,$E$98:$CY$98,0))&" ---> "&INDEX($E$100:$CY$113,MATCH($B8,$D$100:$D$113,0),MATCH($A$1,$E$98:$CY$98,0)),"-") -> 16 ---> 16 | E8: =IFERROR(INDEX($E$117:$CY$130,MATCH($B8,$D$117:$D$130,0),MATCH($A$2,$E$115:$CY$115,0))&" ---> "&INDEX($E$117:$CY$130,MATCH($B8,$D$117:$D$130,0),MATCH($A$1,$E$115:$CY$115,0)),"-") -> 2 und ---> 0 | F8: =IFERROR(INDEX($E$134:$CY$147,MATCH($B8,$D$134:$D$147,0),MATCH($A$2,$E$132:$CY$132,0))&" ---> "&INDEX($E$134:$CY$147,MATCH($B8,$D$134:$D$147,0),MATCH($A$1,$E$132:$CY$132,0)),"-") -> 7 paquetes ---> 4 paquetes | G8: =IFERROR(INDEX($E$151:$CY$164,MATCH($B8,$D$151:$D$164,0),MATCH($A$2,$E$149:$CY$149,0))&" ---> "&INDEX($E$151:$CY$164,MATCH($B8,$D$151:$D$164,0),MATCH($A$1,$E$149:$CY$149,0)),"-") -> 44 und ---> 40 und | H8: =IFERROR(INDEX($E$169:$CY$182,MATCH($B8,$D$169:$D$182,0),MATCH($A$2,$E$167:$CY$167,0))&" ---> "&INDEX($E$169:$CY$182,MATCH($B8,$D$169:$D$182,0),MATCH($A$1,$E$167:$CY$167,0)),"-") -> 10 ---> 9 | I8: =IFERROR(INDEX($E$186:$CY$224,MATCH($B8,$D$186:$D$224,0),MATCH($A$2,$E$184:$CY$184,0))&" ---> "&INDEX($E$186:$CY$224,MATCH($B8,$D$186:$D$224,0),MATCH($A$1,$E$184:$CY$184,0)),"-") -> 32 ---> 26 | J8: =IFERROR(INDEX($E$228:$BK$243,MATCH($B8,$D$228:$D$243,0),MATCH($A$2,$E$226:$BK$226,0))&" ---> "&INDEX($E$228:$BK$243,MATCH($B8,$D$228:$D$243,0),MATCH($A$1,$E$226:$BK$226,0)),"-") -> 5 ---> 36 | K8: =IFERROR(INDEX($E$246:$CY$260,MATCH($B8,$D$246:$D$260,0),MATCH($A$2,$E$244:$CY$244,0))&" ---> "&INDEX($E$246:$CY$260,MATCH($B8,$D$246:$D$260,0),MATCH($A$1,$E$244:$CY$244,0)),"-") -> 4 ---> 3 | L8: =IFERROR(INDEX($E$268:$CY$293,MATCH($B8,$D$268:$D$293,0),MATCH($A$2,$E$266:$CY$266,0))&" ---> "&INDEX($E$268:$CY$293,MATCH($B8,$D$268:$D$293,0),MATCH($A$1,$E$266:$CY$266,0)),"-") -> 12 ---> 8
B9: =IFERROR(__xludf.DUMMYFUNCTION("""COMPUTED_VALUE"""),"Resma Papel Fotocopia (UN)") -> Resma Papel Fotocopia (UN) | C9: =IFERROR(INDEX($E$82:$CY$96,MATCH($B9,$D$82:$D$96,0),MATCH($A$2,$E$80:$CY$80,0))&" ---> "&INDEX($E$82:$CY$96,MATCH($B9,$D$82:$D$96,0),MATCH($A$1,$E$80:$CY$80,0)),"-") -> 0 ---> 0 | D9: =IFERROR(INDEX($E$100:$CY$113,MATCH($B9,$D$100:$D$113,0),MATCH($A$2,$E$98:$CY$98,0))&" ---> "&INDEX($E$100:$CY$113,MATCH($B9,$D$100:$D$113,0),MATCH($A$1,$E$98:$CY$98,0)),"-") -> 5 ---> 5 | E9: =IFERROR(INDEX($E$117:$CY$130,MATCH($B9,$D$117:$D$130,0),MATCH($A$2,$E$115:$CY$115,0))&" ---> "&INDEX($E$117:$CY$130,MATCH($B9,$D$117:$D$130,0),MATCH($A$1,$E$115:$CY$115,0)),"-") -> 6 ---> 4 | F9: =IFERROR(INDEX($E$134:$CY$147,MATCH($B9,$D$134:$D$147,0),MATCH($A$2,$E$132:$CY$132,0))&" ---> "&INDEX($E$134:$CY$147,MATCH($B9,$D$134:$D$147,0),MATCH($A$1,$E$132:$CY$132,0)),"-") -> 10 resmas ---> 10 resmas | G9: =IFERROR(INDEX($E$151:$CY$164,MATCH($B9,$D$151:$D$164,0),MATCH($A$2,$E$149:$CY$149,0))&" ---> "&INDEX($E$151:$CY$164,MATCH($B9,$D$151:$D$164,0),MATCH($A$1,$E$149:$CY$149,0)),"-") -> 7 ---> 6 und | H9: =IFERROR(INDEX($E$169:$CY$182,MATCH($B9,$D$169:$D$182,0),MATCH($A$2,$E$167:$CY$167,0))&" ---> "&INDEX($E$169:$CY$182,MATCH($B9,$D$169:$D$182,0),MATCH($A$1,$E$167:$CY$167,0)),"-") -> 14 ---> 14 | I9: =IFERROR(INDEX($E$186:$CY$224,MATCH($B9,$D$186:$D$224,0),MATCH($A$2,$E$184:$CY$184,0))&" ---> "&INDEX($E$186:$CY$224,MATCH($B9,$D$186:$D$224,0),MATCH($A$1,$E$184:$CY$184,0)),"-") -> - | J9: =IFERROR(INDEX($E$228:$BK$243,MATCH($B9,$D$228:$D$243,0),MATCH($A$2,$E$226:$BK$226,0))&" ---> "&INDEX($E$228:$BK$243,MATCH($B9,$D$228:$D$243,0),MATCH($A$1,$E$226:$BK$226,0)),"-") -> carta: 4 oficio:29 A3 75: 8 ---> carta: 6 oficio:29 A3 75: 8 | K9: =IFERROR(INDEX($E$246:$CY$260,MATCH($B9,$D$246:$D$260,0),MATCH($A$2,$E$244:$CY$244,0))&" ---> "&INDEX($E$246:$CY$260,MATCH($B9,$D$246:$D$260,0),MATCH($A$1,$E$244:$CY$244,0)),"-") -> 6 ---> 6 | L9: =IFERROR(INDEX($E$268:$CY$293,MATCH($B9,$D$268:$D$293,0),MATCH($A$2,$E$266:$CY$266,0))&" ---> "&INDEX($E$268:$CY$293,MATCH($B9,$D$268:$D$293,0),MATCH($A$1,$E$266:$CY$266,0)),"-") -> 4 ---> 4
B10: =IFERROR(__xludf.DUMMYFUNCTION("""COMPUTED_VALUE"""),"Cafe Granulado") -> Cafe Granulado | C10: =IFERROR(INDEX($E$82:$CY$96,MATCH($B10,$D$82:$D$96,0),MATCH($A$2,$E$80:$CY$80,0))&" ---> "&INDEX($E$82:$CY$96,MATCH($B10,$D$82:$D$96,0),MATCH($A$1,$E$80:$CY$80,0)),"-") -> ---> 0 | D10: =IFERROR(INDEX($E$100:$CY$113,MATCH($B10,$D$100:$D$113,0),MATCH($A$2,$E$98:$CY$98,0))&" ---> "&INDEX($E$100:$CY$113,MATCH($B10,$D$100:$D$113,0),MATCH($A$1,$E$98:$CY$98,0)),"-") -> - | E10: =IFERROR(INDEX($E$117:$CY$130,MATCH($B10,$D$117:$D$130,0),MATCH($A$2,$E$115:$CY$115,0))&" ---> "&INDEX($E$117:$CY$130,MATCH($B10,$D$117:$D$130,0),MATCH($A$1,$E$115:$CY$115,0)),"-") -> - | F10: =IFERROR(INDEX($E$134:$CY$147,MATCH($B10,$D$134:$D$147,0),MATCH($A$2,$E$132:$CY$132,0))&" ---> "&INDEX($E$134:$CY$147,MATCH($B10,$D$134:$D$147,0),MATCH($A$1,$E$132:$CY$132,0)),"-") -> - | G10: =IFERROR(INDEX($E$151:$CY$164,MATCH($B10,$D$151:$D$164,0),MATCH($A$2,$E$149:$CY$149,0))&" ---> "&INDEX($E$151:$CY$164,MATCH($B10,$D$151:$D$164,0),MATCH($A$1,$E$149:$CY$149,0)),"-") -> - | H10: =IFERROR(INDEX($E$169:$CY$182,MATCH($B10,$D$169:$D$182,0),MATCH($A$2,$E$167:$CY$167,0))&" ---> "&INDEX($E$169:$CY$182,MATCH($B10,$D$169:$D$182,0),MATCH($A$1,$E$167:$CY$167,0)),"-") -> ---> | I10: =IFERROR(INDEX($E$186:$CY$224,MATCH($B10,$D$186:$D$224,0),MATCH($A$2,$E$184:$CY$184,0))&" ---> "&INDEX($E$186:$CY$224,MATCH($B10,$D$186:$D$224,0),MATCH($A$1,$E$184:$CY$184,0)),"-") -> 3 ---> 3 | J10: =IFERROR(INDEX($E$228:$BK$243,MATCH($B10,$D$228:$D$243,0),MATCH($A$2,$E$226:$BK$226,0))&" ---> "&INDEX($E$228:$BK$243,MATCH($B10,$D$228:$D$243,0),MATCH($A$1,$E$226:$BK$226,0)),"-") -> - | K10: =IFERROR(INDEX($E$246:$CY$260,MATCH($B10,$D$246:$D$260,0),MATCH($A$2,$E$244:$CY$244,0))&" ---> "&INDEX($E$246:$CY$260,MATCH($B10,$D$246:$D$260,0),MATCH($A$1,$E$244:$CY$244,0)),"-") -> 0 ---> 0 | L10: =IFERROR(INDEX($E$268:$CY$293,MATCH($B10,$D$268:$D$293,0),MATCH($A$2,$E$266:$CY$266,0))&" ---> "&INDEX($E$268:$CY$293,MATCH($B10,$D$268:$D$293,0),MATCH($A$1,$E$266:$CY$266,0)),"-") -> -
B11: =IFERROR(__xludf.DUMMYFUNCTION("""COMPUTED_VALUE"""),"Papel interfoliado ") -> Papel interfoliado | C11: =IFERROR(INDEX($E$82:$CY$96,MATCH($B11,$D$82:$D$96,0),MATCH($A$2,$E$80:$CY$80,0))&" ---> "&INDEX($E$82:$CY$96,MATCH($B11,$D$82:$D$96,0),MATCH($A$1,$E$80:$CY$80,0)),"-") -> ---> 0 | D11: =IFERROR(INDEX($E$100:$CY$113,MATCH($B11,$D$100:$D$113,0),MATCH($A$2,$E$98:$CY$98,0))&" ---> "&INDEX($E$100:$CY$113,MATCH($B11,$D$100:$D$113,0),MATCH($A$1,$E$98:$CY$98,0)),"-") -> - | E11: =IFERROR(INDEX($E$117:$CY$130,MATCH($B11,$D$117:$D$130,0),MATCH($A$2,$E$115:$CY$115,0))&" ---> "&INDEX($E$117:$CY$130,MATCH($B11,$D$117:$D$130,0),MATCH($A$1,$E$115:$CY$115,0)),"-") -> - | F11: =IFERROR(INDEX($E$134:$CY$147,MATCH($B11,$D$134:$D$147,0),MATCH($A$2,$E$132:$CY$132,0))&" ---> "&INDEX($E$134:$CY$147,MATCH($B11,$D$134:$D$147,0),MATCH($A$1,$E$132:$CY$132,0)),"-") -> - | G11: =IFERROR(INDEX($E$151:$CY$164,MATCH($B11,$D$151:$D$164,0),MATCH($A$2,$E$149:$CY$149,0))&" ---> "&INDEX($E$151:$CY$164,MATCH($B11,$D$151:$D$164,0),MATCH($A$1,$E$149:$CY$149,0)),"-") -> - | H11: =IFERROR(INDEX($E$169:$CY$182,MATCH($B11,$D$169:$D$182,0),MATCH($A$2,$E$167:$CY$167,0))&" ---> "&INDEX($E$169:$CY$182,MATCH($B11,$D$169:$D$182,0),MATCH($A$1,$E$167:$CY$167,0)),"-") -> - | I11: =IFERROR(INDEX($E$186:$CY$224,MATCH($B11,$D$186:$D$224,0),MATCH($A$2,$E$184:$CY$184,0))&" ---> "&INDEX($E$186:$CY$224,MATCH($B11,$D$186:$D$224,0),MATCH($A$1,$E$184:$CY$184,0)),"-") -> - | J11: =IFERROR(INDEX($E$228:$BK$243,MATCH($B11,$D$228:$D$243,0),MATCH($A$2,$E$226:$BK$226,0))&" ---> "&INDEX($E$228:$BK$243,MATCH($B11,$D$228:$D$243,0),MATCH($A$1,$E$226:$BK$226,0)),"-") -> - | K11: =IFERROR(INDEX($E$246:$CY$260,MATCH($B11,$D$246:$D$260,0),MATCH($A$2,$E$244:$CY$244,0))&" ---> "&INDEX($E$246:$CY$260,MATCH($B11,$D$246:$D$260,0),MATCH($A$1,$E$244:$CY$244,0)),"-") -> - | L11: =IFERROR(INDEX($E$268:$CY$293,MATCH($B11,$D$268:$D$293,0),MATCH($A$2,$E$266:$CY$266,0))&" ---> "&INDEX($E$268:$CY$293,MATCH($B11,$D$268:$D$293,0),MATCH($A$1,$E$266:$CY$266,0)),"-") -> -
B12: =IFERROR(__xludf.DUMMYFUNCTION("""COMPUTED_VALUE"""),"Leche liquida") -> Leche liquida | C12: =IFERROR(INDEX($E$82:$CY$96,MATCH($B12,$D$82:$D$96,0),MATCH($A$2,$E$80:$CY$80,0))&" ---> "&INDEX($E$82:$CY$96,MATCH($B12,$D$82:$D$96,0),MATCH($A$1,$E$80:$CY$80,0)),"-") -> 0 ---> 0 | D12: =IFERROR(INDEX($E$100:$CY$113,MATCH($B12,$D$100:$D$113,0),MATCH($A$2,$E$98:$CY$98,0))&" ---> "&INDEX($E$100:$CY$113,MATCH($B12,$D$100:$D$113,0),MATCH($A$1,$E$98:$CY$98,0)),"-") -> 4 ---> 1 | E12: =IFERROR(INDEX($E$117:$CY$130,MATCH($B12,$D$117:$D$130,0),MATCH($A$2,$E$115:$CY$115,0))&" ---> "&INDEX($E$117:$CY$130,MATCH($B12,$D$117:$D$130,0),MATCH($A$1,$E$115:$CY$115,0)),"-") -> 10 lt ---> 6 lt | F12: =IFERROR(INDEX($E$134:$CY$147,MATCH($B12,$D$134:$D$147,0),MATCH($A$2,$E$132:$CY$132,0))&" ---> "&INDEX($E$134:$CY$147,MATCH($B12,$D$134:$D$147,0),MATCH($A$1,$E$132:$CY$132,0)),"-") -> 11 unidades ---> 11 unidades | G12: =IFERROR(INDEX($E$151:$CY$164,MATCH($B12,$D$151:$D$164,0),MATCH($A$2,$E$149:$CY$149,0))&" ---> "&INDEX($E$151:$CY$164,MATCH($B12,$D$151:$D$164,0),MATCH($A$1,$E$149:$CY$149,0)),"-") -> 26 lts ---> 19 lts | H12: =IFERROR(INDEX($E$169:$CY$182,MATCH($B12,$D$169:$D$182,0),MATCH($A$2,$E$167:$CY$167,0))&" ---> "&INDEX($E$169:$CY$182,MATCH($B12,$D$169:$D$182,0),MATCH($A$1,$E$167:$CY$167,0)),"-") -> 19 L ---> 16L | I12: =IFERROR(INDEX($E$186:$CY$224,MATCH($B12,$D$186:$D$224,0),MATCH($A$2,$E$184:$CY$184,0))&" ---> "&INDEX($E$186:$CY$224,MATCH($B12,$D$186:$D$224,0),MATCH($A$1,$E$184:$CY$184,0)),"-") -> 20 ---> 14 | J12: =IFERROR(INDEX($E$228:$BK$243,MATCH($B12,$D$228:$D$243,0),MATCH($A$2,$E$226:$BK$226,0))&" ---> "&INDEX($E$228:$BK$243,MATCH($B12,$D$228:$D$243,0),MATCH($A$1,$E$226:$BK$226,0)),"-") -> 15 ---> 0 | K12: =IFERROR(INDEX($E$246:$CY$260,MATCH($B12,$D$246:$D$260,0),MATCH($A$2,$E$244:$CY$244,0))&" ---> "&INDEX($E$246:$CY$260,MATCH($B12,$D$246:$D$260,0),MATCH($A$1,$E$244:$CY$244,0)),"-") -> 17 ---> 16 | L12: =IFERROR(INDEX($E$268:$CY$293,MATCH($B12,$D$268:$D$293,0),MATCH($A$2,$E$266:$CY$266,0))&" ---> "&INDEX($E$268:$CY$293,MATCH($B12,$D$268:$D$293,0),MATCH($A$1,$E$266:$CY$266,0)),"-") -> 20 ---> 18
B13: =IFERROR(__xludf.DUMMYFUNCTION("""COMPUTED_VALUE"""),"Leche en polvo") -> Leche en polvo | C13: =IFERROR(INDEX($E$82:$CY$96,MATCH($B13,$D$82:$D$96,0),MATCH($A$2,$E$80:$CY$80,0))&" ---> "&INDEX($E$82:$CY$96,MATCH($B13,$D$82:$D$96,0),MATCH($A$1,$E$80:$CY$80,0)),"-") -> 2 ---> 3 | D13: =IFERROR(INDEX($E$100:$CY$113,MATCH($B13,$D$100:$D$113,0),MATCH($A$2,$E$98:$CY$98,0))&" ---> "&INDEX($E$100:$CY$113,MATCH($B13,$D$100:$D$113,0),MATCH($A$1,$E$98:$CY$98,0)),"-") -> - | E13: =IFERROR(INDEX($E$117:$CY$130,MATCH($B13,$D$117:$D$130,0),MATCH($A$2,$E$115:$CY$115,0))&" ---> "&INDEX($E$117:$CY$130,MATCH($B13,$D$117:$D$130,0),MATCH($A$1,$E$115:$CY$115,0)),"-") -> - | F13: =IFERROR(INDEX($E$134:$CY$147,MATCH($B13,$D$134:$D$147,0),MATCH($A$2,$E$132:$CY$132,0))&" ---> "&INDEX($E$134:$CY$147,MATCH($B13,$D$134:$D$147,0),MATCH($A$1,$E$132:$CY$132,0)),"-") -> - | G13: =IFERROR(INDEX($E$151:$CY$164,MATCH($B13,$D$151:$D$164,0),MATCH($A$2,$E$149:$CY$149,0))&" ---> "&INDEX($E$151:$CY$164,MATCH($B13,$D$151:$D$164,0),MATCH($A$1,$E$149:$CY$149,0)),"-") -> - | H13: =IFERROR(INDEX($E$169:$CY$182,MATCH($B13,$D$169:$D$182,0),MATCH($A$2,$E$167:$CY$167,0))&" ---> "&INDEX($E$169:$CY$182,MATCH($B13,$D$169:$D$182,0),MATCH($A$1,$E$167:$CY$167,0)),"-") -> - | I13: =IFERROR(INDEX($E$186:$CY$224,MATCH($B13,$D$186:$D$224,0),MATCH($A$2,$E$184:$CY$184,0))&" ---> "&INDEX($E$186:$CY$224,MATCH($B13,$D$186:$D$224,0),MATCH($A$1,$E$184:$CY$184,0)),"-") -> - | J13: =IFERROR(INDEX($E$228:$BK$243,MATCH($B13,$D$228:$D$243,0),MATCH($A$2,$E$226:$BK$226,0))&" ---> "&INDEX($E$228:$BK$243,MATCH($B13,$D$228:$D$243,0),MATCH($A$1,$E$226:$BK$226,0)),"-") -> - | K13: =IFERROR(INDEX($E$246:$CY$260,MATCH($B13,$D$246:$D$260,0),MATCH($A$2,$E$244:$CY$244,0))&" ---> "&INDEX($E$246:$CY$260,MATCH($B13,$D$246:$D$260,0),MATCH($A$1,$E$244:$CY$244,0)),"-") -> - | L13: =IFERROR(INDEX($E$268:$CY$293,MATCH($B13,$D$268:$D$293,0),MATCH($A$2,$E$266:$CY$266,0))&" ---> "&INDEX($E$268:$CY$293,MATCH($B13,$D$268:$D$293,0),MATCH($A$1,$E$266:$CY$266,0)),"-") -> -
B14: =IFERROR(__xludf.DUMMYFUNCTION("""COMPUTED_VALUE"""),"Vainilla") -> Vainilla | C14: =IFERROR(INDEX($E$82:$CY$96,MATCH($B14,$D$82:$D$96,0),MATCH($A$2,$E$80:$CY$80,0))&" ---> "&INDEX($E$82:$CY$96,MATCH($B14,$D$82:$D$96,0),MATCH($A$1,$E$80:$CY$80,0)),"-") -> 3 ---> 6 | D14: =IFERROR(INDEX($E$100:$CY$113,MATCH($B14,$D$100:$D$113,0),MATCH($A$2,$E$98:$CY$98,0))&" ---> "&INDEX($E$100:$CY$113,MATCH($B14,$D$100:$D$113,0),MATCH($A$1,$E$98:$CY$98,0)),"-") -> - | E14: =IFERROR(INDEX($E$117:$CY$130,MATCH($B14,$D$117:$D$130,0),MATCH($A$2,$E$115:$CY$115,0))&" ---> "&INDEX($E$117:$CY$130,MATCH($B14,$D$117:$D$130,0),MATCH($A$1,$E$115:$CY$115,0)),"-") -> - | F14: =IFERROR(INDEX($E$134:$CY$147,MATCH($B14,$D$134:$D$147,0),MATCH($A$2,$E$132:$CY$132,0))&" ---> "&INDEX($E$134:$CY$147,MATCH($B14,$D$134:$D$147,0),MATCH($A$1,$E$132:$CY$132,0)),"-") -> - | G14: =IFERROR(INDEX($E$151:$CY$164,MATCH($B14,$D$151:$D$164,0),MATCH($A$2,$E$149:$CY$149,0))&" ---> "&INDEX($E$151:$CY$164,MATCH($B14,$D$151:$D$164,0),MATCH($A$1,$E$149:$CY$149,0)),"-") -> - | H14: =IFERROR(INDEX($E$169:$CY$182,MATCH($B14,$D$169:$D$182,0),MATCH($A$2,$E$167:$CY$167,0))&" ---> "&INDEX($E$169:$CY$182,MATCH($B14,$D$169:$D$182,0),MATCH($A$1,$E$167:$CY$167,0)),"-") -> - | I14: =IFERROR(INDEX($E$186:$CY$224,MATCH($B14,$D$186:$D$224,0),MATCH($A$2,$E$184:$CY$184,0))&" ---> "&INDEX($E$186:$CY$224,MATCH($B14,$D$186:$D$224,0),MATCH($A$1,$E$184:$CY$184,0)),"-") -> - | J14: =IFERROR(INDEX($E$228:$BK$243,MATCH($B14,$D$228:$D$243,0),MATCH($A$2,$E$226:$BK$226,0))&" ---> "&INDEX($E$228:$BK$243,MATCH($B14,$D$228:$D$243,0),MATCH($A$1,$E$226:$BK$226,0)),"-") -> - | K14: =IFERROR(INDEX($E$246:$CY$260,MATCH($B14,$D$246:$D$260,0),MATCH($A$2,$E$244:$CY$244,0))&" ---> "&INDEX($E$246:$CY$260,MATCH($B14,$D$246:$D$260,0),MATCH($A$1,$E$244:$CY$244,0)),"-") -> - | L14: =IFERROR(INDEX($E$268:$CY$293,MATCH($B14,$D$268:$D$293,0),MATCH($A$2,$E$266:$CY$266,0))&" ---> "&INDEX($E$268:$CY$293,MATCH($B14,$D$268:$D$293,0),MATCH($A$1,$E$266:$CY$266,0)),"-") -> -
B15: =IFERROR(__xludf.DUMMYFUNCTION("""COMPUTED_VALUE"""),"Endulzante") -> Endulzante | C15: =IFERROR(INDEX($E$82:$CY$96,MATCH($B15,$D$82:$D$96,0),MATCH($A$2,$E$80:$CY$80,0))&" ---> "&INDEX($E$82:$CY$96,MATCH($B15,$D$82:$D$96,0),MATCH($A$1,$E$80:$CY$80,0)),"-") -> 5 ---> 3 | D15: =IFERROR(INDEX($E$100:$CY$113,MATCH($B15,$D$100:$D$113,0),MATCH($A$2,$E$98:$CY$98,0))&" ---> "&INDEX($E$100:$CY$113,MATCH($B15,$D$100:$D$113,0),MATCH($A$1,$E$98:$CY$98,0)),"-") -> 0 ---> 0 | E15: =IFERROR(INDEX($E$117:$CY$130,MATCH($B15,$D$117:$D$130,0),MATCH($A$2,$E$115:$CY$115,0))&" ---> "&INDEX($E$117:$CY$130,MATCH($B15,$D$117:$D$130,0),MATCH($A$1,$E$115:$CY$115,0)),"-") -> 1 ---> 1 | F15: =IFERROR(INDEX($E$134:$CY$147,MATCH($B15,$D$134:$D$147,0),MATCH($A$2,$E$132:$CY$132,0))&" ---> "&INDEX($E$134:$CY$147,MATCH($B15,$D$134:$D$147,0),MATCH($A$1,$E$132:$CY$132,0)),"-") -> 2 unidades ---> 1 unidad | G15: =IFERROR(INDEX($E$151:$CY$164,MATCH($B15,$D$151:$D$164,0),MATCH($A$2,$E$149:$CY$149,0))&" ---> "&INDEX($E$151:$CY$164,MATCH($B15,$D$151:$D$164,0),MATCH($A$1,$E$149:$CY$149,0)),"-") -> 3 und ---> 3 und | H15: =IFERROR(INDEX($E$169:$CY$182,MATCH($B15,$D$169:$D$182,0),MATCH($A$2,$E$167:$CY$167,0))&" ---> "&INDEX($E$169:$CY$182,MATCH($B15,$D$169:$D$182,0),MATCH($A$1,$E$167:$CY$167,0)),"-") -> 1(450ml) ---> 1(450ml) | I15: =IFERROR(INDEX($E$186:$CY$224,MATCH($B15,$D$186:$D$224,0),MATCH($A$2,$E$184:$CY$184,0))&" ---> "&INDEX($E$186:$CY$224,MATCH($B15,$D$186:$D$224,0),MATCH($A$1,$E$184:$CY$184,0)),"-") -> 6 ---> 6 | J15: =IFERROR(INDEX($E$228:$BK$243,MATCH($B15,$D$228:$D$243,0),MATCH($A$2,$E$226:$BK$226,0))&" ---> "&INDEX($E$228:$BK$243,MATCH($B15,$D$228:$D$243,0),MATCH($A$1,$E$226:$BK$226,0)),"-") -> ---> | K15: =IFERROR(INDEX($E$246:$CY$260,MATCH($B15,$D$246:$D$260,0),MATCH($A$2,$E$244:$CY$244,0))&" ---> "&INDEX($E$246:$CY$260,MATCH($B15,$D$246:$D$260,0),MATCH($A$1,$E$244:$CY$244,0)),"-") -> 2 ---> 2 | L15: =IFERROR(INDEX($E$268:$CY$293,MATCH($B15,$D$268:$D$293,0),MATCH($A$2,$E$266:$CY$266,0))&" ---> "&INDEX($E$268:$CY$293,MATCH($B15,$D$268:$D$293,0),MATCH($A$1,$E$266:$CY$266,0)),"-") -> 2 ---> 2
B16: =IFERROR(__xludf.DUMMYFUNCTION("""COMPUTED_VALUE"""),"Servilletas") -> Servilletas | C16: =IFERROR(INDEX($E$82:$CY$96,MATCH($B16,$D$82:$D$96,0),MATCH($A$2,$E$80:$CY$80,0))&" ---> "&INDEX($E$82:$CY$96,MATCH($B16,$D$82:$D$96,0),MATCH($A$1,$E$80:$CY$80,0)),"-") -> 14 ---> 16 | D16: =IFERROR(INDEX($E$100:$CY$113,MATCH($B16,$D$100:$D$113,0),MATCH($A$2,$E$98:$CY$98,0))&" ---> "&INDEX($E$100:$CY$113,MATCH($B16,$D$100:$D$113,0),MATCH($A$1,$E$98:$CY$98,0)),"-") -> 14 ---> 12 | E16: =IFERROR(INDEX($E$117:$CY$130,MATCH($B16,$D$117:$D$130,0),MATCH($A$2,$E$115:$CY$115,0))&" ---> "&INDEX($E$117:$CY$130,MATCH($B16,$D$117:$D$130,0),MATCH($A$1,$E$115:$CY$115,0)),"-") -> 0 ---> 0 | F16: =IFERROR(INDEX($E$134:$CY$147,MATCH($B16,$D$134:$D$147,0),MATCH($A$2,$E$132:$CY$132,0))&" ---> "&INDEX($E$134:$CY$147,MATCH($B16,$D$134:$D$147,0),MATCH($A$1,$E$132:$CY$132,0)),"-") -> 10 paquetes ---> 12 paquetes | G16: =IFERROR(INDEX($E$151:$CY$164,MATCH($B16,$D$151:$D$164,0),MATCH($A$2,$E$149:$CY$149,0))&" ---> "&INDEX($E$151:$CY$164,MATCH($B16,$D$151:$D$164,0),MATCH($A$1,$E$149:$CY$149,0)),"-") -> 7 cajas ---> 7 cajas | H16: =IFERROR(INDEX($E$169:$CY$182,MATCH($B16,$D$169:$D$182,0),MATCH($A$2,$E$167:$CY$167,0))&" ---> "&INDEX($E$169:$CY$182,MATCH($B16,$D$169:$D$182,0),MATCH($A$1,$E$167:$CY$167,0)),"-") -> 4 ---> 3 | I16: =IFERROR(INDEX($E$186:$CY$224,MATCH($B16,$D$186:$D$224,0),MATCH($A$2,$E$184:$CY$184,0))&" ---> "&INDEX($E$186:$CY$224,MATCH($B16,$D$186:$D$224,0),MATCH($A$1,$E$184:$CY$184,0)),"-") -> - | J16: =IFERROR(INDEX($E$228:$BK$243,MATCH($B16,$D$228:$D$243,0),MATCH($A$2,$E$226:$BK$226,0))&" ---> "&INDEX($E$228:$BK$243,MATCH($B16,$D$228:$D$243,0),MATCH($A$1,$E$226:$BK$226,0)),"-") -> 6 ---> 1 | K16: =IFERROR(INDEX($E$246:$CY$260,MATCH($B16,$D$246:$D$260,0),MATCH($A$2,$E$244:$CY$244,0))&" ---> "&INDEX($E$246:$CY$260,MATCH($B16,$D$246:$D$260,0),MATCH($A$1,$E$244:$CY$244,0)),"-") -> 15 ---> 13 | L16: =IFERROR(INDEX($E$268:$CY$293,MATCH($B16,$D$268:$D$293,0),MATCH($A$2,$E$266:$CY$266,0))&" ---> "&INDEX($E$268:$CY$293,MATCH($B16,$D$268:$D$293,0),MATCH($A$1,$E$266:$CY$266,0)),"-") -> 21 ---> 20
B17: =IFERROR(__xludf.DUMMYFUNCTION("""COMPUTED_VALUE"""),"Cloro Gel") -> Cloro Gel | C17: =IFERROR(INDEX($E$82:$CY$96,MATCH($B17,$D$82:$D$96,0),MATCH($A$2,$E$80:$CY$80,0))&" ---> "&INDEX($E$82:$CY$96,MATCH($B17,$D$82:$D$96,0),MATCH($A$1,$E$80:$CY$80,0)),"-") -> 4 ---> 3 | D17: =IFERROR(INDEX($E$100:$CY$113,MATCH($B17,$D$100:$D$113,0),MATCH($A$2,$E$98:$CY$98,0))&" ---> "&INDEX($E$100:$CY$113,MATCH($B17,$D$100:$D$113,0),MATCH($A$1,$E$98:$CY$98,0)),"-") -> 1 ---> 1 | E17: =IFERROR(INDEX($E$117:$CY$130,MATCH($B17,$D$117:$D$130,0),MATCH($A$2,$E$115:$CY$115,0))&" ---> "&INDEX($E$117:$CY$130,MATCH($B17,$D$117:$D$130,0),MATCH($A$1,$E$115:$CY$115,0)),"-") -> 9 ---> 2 paquetes | F17: =IFERROR(INDEX($E$134:$CY$147,MATCH($B17,$D$134:$D$147,0),MATCH($A$2,$E$132:$CY$132,0))&" ---> "&INDEX($E$134:$CY$147,MATCH($B17,$D$134:$D$147,0),MATCH($A$1,$E$132:$CY$132,0)),"-") -> 1 ---> 0 | G17: =IFERROR(INDEX($E$151:$CY$164,MATCH($B17,$D$151:$D$164,0),MATCH($A$2,$E$149:$CY$149,0))&" ---> "&INDEX($E$151:$CY$164,MATCH($B17,$D$151:$D$164,0),MATCH($A$1,$E$149:$CY$149,0)),"-") -> 5 cajas ---> 5 cajas | H17: =IFERROR(INDEX($E$169:$CY$182,MATCH($B17,$D$169:$D$182,0),MATCH($A$2,$E$167:$CY$167,0))&" ---> "&INDEX($E$169:$CY$182,MATCH($B17,$D$169:$D$182,0),MATCH($A$1,$E$167:$CY$167,0)),"-") -> 1 ---> 1 | I17: =IFERROR(INDEX($E$186:$CY$224,MATCH($B17,$D$186:$D$224,0),MATCH($A$2,$E$184:$CY$184,0))&" ---> "&INDEX($E$186:$CY$224,MATCH($B17,$D$186:$D$224,0),MATCH($A$1,$E$184:$CY$184,0)),"-") -> 3 ---> 3 | J17: =IFERROR(INDEX($E$228:$BK$243,MATCH($B17,$D$228:$D$243,0),MATCH($A$2,$E$226:$BK$226,0))&" ---> "&INDEX($E$228:$BK$243,MATCH($B17,$D$228:$D$243,0),MATCH($A$1,$E$226:$BK$226,0)),"-") -> 4 ---> 0 | K17: =IFERROR(INDEX($E$246:$CY$260,MATCH($B17,$D$246:$D$260,0),MATCH($A$2,$E$244:$CY$244,0))&" ---> "&INDEX($E$246:$CY$260,MATCH($B17,$D$246:$D$260,0),MATCH($A$1,$E$244:$CY$244,0)),"-") -> 0 ---> 0 | L17: =IFERROR(INDEX($E$268:$CY$293,MATCH($B17,$D$268:$D$293,0),MATCH($A$2,$E$266:$CY$266,0))&" ---> "&INDEX($E$268:$CY$293,MATCH($B17,$D$268:$D$293,0),MATCH($A$1,$E$266:$CY$266,0)),"-") -> 2 ---> 2
B18: =IFERROR(__xludf.DUMMYFUNCTION("""COMPUTED_VALUE"""),"Limpia Piso") -> Limpia Piso | C18: =IFERROR(INDEX($E$82:$CY$96,MATCH($B18,$D$82:$D$96,0),MATCH($A$2,$E$80:$CY$80,0))&" ---> "&INDEX($E$82:$CY$96,MATCH($B18,$D$82:$D$96,0),MATCH($A$1,$E$80:$CY$80,0)),"-") -> 4 ---> 0 | D18: =IFERROR(INDEX($E$100:$CY$113,MATCH($B18,$D$100:$D$113,0),MATCH($A$2,$E$98:$CY$98,0))&" ---> "&INDEX($E$100:$CY$113,MATCH($B18,$D$100:$D$113,0),MATCH($A$1,$E$98:$CY$98,0)),"-") -> 1 ---> 1 | E18: =IFERROR(INDEX($E$117:$CY$130,MATCH($B18,$D$117:$D$130,0),MATCH($A$2,$E$115:$CY$115,0))&" ---> "&INDEX($E$117:$CY$130,MATCH($B18,$D$117:$D$130,0),MATCH($A$1,$E$115:$CY$115,0)),"-") -> 1 ---> 0 | F18: =IFERROR(INDEX($E$134:$CY$147,MATCH($B18,$D$134:$D$147,0),MATCH($A$2,$E$132:$CY$132,0))&" ---> "&INDEX($E$134:$CY$147,MATCH($B18,$D$134:$D$147,0),MATCH($A$1,$E$132:$CY$132,0)),"-") -> 0 ---> 0 | G18: =IFERROR(INDEX($E$151:$CY$164,MATCH($B18,$D$151:$D$164,0),MATCH($A$2,$E$149:$CY$149,0))&" ---> "&INDEX($E$151:$CY$164,MATCH($B18,$D$151:$D$164,0),MATCH($A$1,$E$149:$CY$149,0)),"-") -> 3 cajas ---> 3 cajas | H18: =IFERROR(INDEX($E$169:$CY$182,MATCH($B18,$D$169:$D$182,0),MATCH($A$2,$E$167:$CY$167,0))&" ---> "&INDEX($E$169:$CY$182,MATCH($B18,$D$169:$D$182,0),MATCH($A$1,$E$167:$CY$167,0)),"-") -> 1 ---> 3(lts) | I18: =IFERROR(INDEX($E$186:$CY$224,MATCH($B18,$D$186:$D$224,0),MATCH($A$2,$E$184:$CY$184,0))&" ---> "&INDEX($E$186:$CY$224,MATCH($B18,$D$186:$D$224,0),MATCH($A$1,$E$184:$CY$184,0)),"-") -> 2 ---> 2 | J18: =IFERROR(INDEX($E$228:$BK$243,MATCH($B18,$D$228:$D$243,0),MATCH($A$2,$E$226:$BK$226,0))&" ---> "&INDEX($E$228:$BK$243,MATCH($B18,$D$228:$D$243,0),MATCH($A$1,$E$226:$BK$226,0)),"-") -> 4 ---> 3 | K18: =IFERROR(INDEX($E$246:$CY$260,MATCH($B18,$D$246:$D$260,0),MATCH($A$2,$E$244:$CY$244,0))&" ---> "&INDEX($E$246:$CY$260,MATCH($B18,$D$246:$D$260,0),MATCH($A$1,$E$244:$CY$244,0)),"-") -> 0 ---> 0 | L18: =IFERROR(INDEX($E$268:$CY$293,MATCH($B18,$D$268:$D$293,0),MATCH($A$2,$E$266:$CY$266,0))&" ---> "&INDEX($E$268:$CY$293,MATCH($B18,$D$268:$D$293,0),MATCH($A$1,$E$266:$CY$266,0)),"-") -> 2 ---> 2
B19: =IFERROR(__xludf.DUMMYFUNCTION("""COMPUTED_VALUE"""),"Esponja 4U") -> Esponja 4U | C19: =IFERROR(INDEX($E$82:$CY$96,MATCH($B19,$D$82:$D$96,0),MATCH($A$2,$E$80:$CY$80,0))&" ---> "&INDEX($E$82:$CY$96,MATCH($B19,$D$82:$D$96,0),MATCH($A$1,$E$80:$CY$80,0)),"-") -> 3 ---> 1 | D19: =IFERROR(INDEX($E$100:$CY$113,MATCH($B19,$D$100:$D$113,0),MATCH($A$2,$E$98:$CY$98,0))&" ---> "&INDEX($E$100:$CY$113,MATCH($B19,$D$100:$D$113,0),MATCH($A$1,$E$98:$CY$98,0)),"-") -> 3 ---> 3 | E19: =IFERROR(INDEX($E$117:$CY$130,MATCH($B19,$D$117:$D$130,0),MATCH($A$2,$E$115:$CY$115,0))&" ---> "&INDEX($E$117:$CY$130,MATCH($B19,$D$117:$D$130,0),MATCH($A$1,$E$115:$CY$115,0)),"-") -> 4 ---> 2 | F19: =IFERROR(INDEX($E$134:$CY$147,MATCH($B19,$D$134:$D$147,0),MATCH($A$2,$E$132:$CY$132,0))&" ---> "&INDEX($E$134:$CY$147,MATCH($B19,$D$134:$D$147,0),MATCH($A$1,$E$132:$CY$132,0)),"-") -> 3 paquetes ---> 3 paquetes | G19: =IFERROR(INDEX($E$151:$CY$164,MATCH($B19,$D$151:$D$164,0),MATCH($A$2,$E$149:$CY$149,0))&" ---> "&INDEX($E$151:$CY$164,MATCH($B19,$D$151:$D$164,0),MATCH($A$1,$E$149:$CY$149,0)),"-") -> 2 lts ---> 3 lts | H19: =IFERROR(INDEX($E$169:$CY$182,MATCH($B19,$D$169:$D$182,0),MATCH($A$2,$E$167:$CY$167,0))&" ---> "&INDEX($E$169:$CY$182,MATCH($B19,$D$169:$D$182,0),MATCH($A$1,$E$167:$CY$167,0)),"-") -> 4 ---> 4 | I19: =IFERROR(INDEX($E$186:$CY$224,MATCH($B19,$D$186:$D$224,0),MATCH($A$2,$E$184:$CY$184,0))&" ---> "&INDEX($E$186:$CY$224,MATCH($B19,$D$186:$D$224,0),MATCH($A$1,$E$184:$CY$184,0)),"-") -> 3 ---> 2 1/2 | J19: =IFERROR(INDEX($E$228:$BK$243,MATCH($B19,$D$228:$D$243,0),MATCH($A$2,$E$226:$BK$226,0))&" ---> "&INDEX($E$228:$BK$243,MATCH($B19,$D$228:$D$243,0),MATCH($A$1,$E$226:$BK$226,0)),"-") -> 2 ---> 0 | K19: =IFERROR(INDEX($E$246:$CY$260,MATCH($B19,$D$246:$D$260,0),MATCH($A$2,$E$244:$CY$244,0))&" ---> "&INDEX($E$246:$CY$260,MATCH($B19,$D$246:$D$260,0),MATCH($A$1,$E$244:$CY$244,0)),"-") -> - | L19: =IFERROR(INDEX($E$268:$CY$293,MATCH($B19,$D$268:$D$293,0),MATCH($A$2,$E$266:$CY$266,0))&" ---> "&INDEX($E$268:$CY$293,MATCH($B19,$D$268:$D$293,0),MATCH($A$1,$E$266:$CY$266,0)),"-") -> -
B20: =IFERROR(__xludf.DUMMYFUNCTION("""COMPUTED_VALUE"""),"Mopa Redonda") -> Mopa Redonda | C20: =IFERROR(INDEX($E$82:$CY$96,MATCH($B20,$D$82:$D$96,0),MATCH($A$2,$E$80:$CY$80,0))&" ---> "&INDEX($E$82:$CY$96,MATCH($B20,$D$82:$D$96,0),MATCH($A$1,$E$80:$CY$80,0)),"-") -> 5 ---> 3 | D20: =IFERROR(INDEX($E$100:$CY$113,MATCH($B20,$D$100:$D$113,0),MATCH($A$2,$E$98:$CY$98,0))&" ---> "&INDEX($E$100:$CY$113,MATCH($B20,$D$100:$D$113,0),MATCH($A$1,$E$98:$CY$98,0)),"-") -> 3 ---> 3 | E20: =IFERROR(INDEX($E$117:$CY$130,MATCH($B20,$D$117:$D$130,0),MATCH($A$2,$E$115:$CY$115,0))&" ---> "&INDEX($E$117:$CY$130,MATCH($B20,$D$117:$D$130,0),MATCH($A$1,$E$115:$CY$115,0)),"-") -> 1 ---> 4 und | F20: =IFERROR(INDEX($E$134:$CY$147,MATCH($B20,$D$134:$D$147,0),MATCH($A$2,$E$132:$CY$132,0))&" ---> "&INDEX($E$134:$CY$147,MATCH($B20,$D$134:$D$147,0),MATCH($A$1,$E$132:$CY$132,0)),"-") -> 5 unidades ---> 3 unidades | G20: =IFERROR(INDEX($E$151:$CY$164,MATCH($B20,$D$151:$D$164,0),MATCH($A$2,$E$149:$CY$149,0))&" ---> "&INDEX($E$151:$CY$164,MATCH($B20,$D$151:$D$164,0),MATCH($A$1,$E$149:$CY$149,0)),"-") -> 1 kg ---> 1 kg | H20: =IFERROR(INDEX($E$169:$CY$182,MATCH($B20,$D$169:$D$182,0),MATCH($A$2,$E$167:$CY$167,0))&" ---> "&INDEX($E$169:$CY$182,MATCH($B20,$D$169:$D$182,0),MATCH($A$1,$E$167:$CY$167,0)),"-") -> - | I20: =IFERROR(INDEX($E$186:$CY$224,MATCH($B20,$D$186:$D$224,0),MATCH($A$2,$E$184:$CY$184,0))&" ---> "&INDEX($E$186:$CY$224,MATCH($B20,$D$186:$D$224,0),MATCH($A$1,$E$184:$CY$184,0)),"-") -> 0 ---> 4 | J20: =IFERROR(INDEX($E$228:$BK$243,MATCH($B20,$D$228:$D$243,0),MATCH($A$2,$E$226:$BK$226,0))&" ---> "&INDEX($E$228:$BK$243,MATCH($B20,$D$228:$D$243,0),MATCH($A$1,$E$226:$BK$226,0)),"-") -> 5 ---> 1 | K20: =IFERROR(INDEX($E$246:$CY$260,MATCH($B20,$D$246:$D$260,0),MATCH($A$2,$E$244:$CY$244,0))&" ---> "&INDEX($E$246:$CY$260,MATCH($B20,$D$246:$D$260,0),MATCH($A$1,$E$244:$CY$244,0)),"-") -> - | L20: =IFERROR(INDEX($E$268:$CY$293,MATCH($B20,$D$268:$D$293,0),MATCH($A$2,$E$266:$CY$266,0))&" ---> "&INDEX($E$268:$CY$293,MATCH($B20,$D$268:$D$293,0),MATCH($A$1,$E$266:$CY$266,0)),"-") -> -
B21: =IFERROR(__xludf.DUMMYFUNCTION("""COMPUTED_VALUE"""),"Bolsas Basura 50x70") -> Bolsas Basura 50x70 | C21: =IFERROR(INDEX($E$82:$CY$96,MATCH($B21,$D$82:$D$96,0),MATCH($A$2,$E$80:$CY$80,0))&" ---> "&INDEX($E$82:$CY$96,MATCH($B21,$D$82:$D$96,0),MATCH($A$1,$E$80:$CY$80,0)),"-") -> - | D21: =IFERROR(INDEX($E$100:$CY$113,MATCH($B21,$D$100:$D$113,0),MATCH($A$2,$E$98:$CY$98,0))&" ---> "&INDEX($E$100:$CY$113,MATCH($B21,$D$100:$D$113,0),MATCH($A$1,$E$98:$CY$98,0)),"-") -> 17 ---> 15 | E21: =IFERROR(INDEX($E$117:$CY$130,MATCH($B21,$D$117:$D$130,0),MATCH($A$2,$E$115:$CY$115,0))&" ---> "&INDEX($E$117:$CY$130,MATCH($B21,$D$117:$D$130,0),MATCH($A$1,$E$115:$CY$115,0)),"-") -> 0 ---> 0 | F21: =IFERROR(INDEX($E$134:$CY$147,MATCH($B21,$D$134:$D$147,0),MATCH($A$2,$E$132:$CY$132,0))&" ---> "&INDEX($E$134:$CY$147,MATCH($B21,$D$134:$D$147,0),MATCH($A$1,$E$132:$CY$132,0)),"-") -> 0 ---> 0 | G21: =IFERROR(INDEX($E$151:$CY$164,MATCH($B21,$D$151:$D$164,0),MATCH($A$2,$E$149:$CY$149,0))&" ---> "&INDEX($E$151:$CY$164,MATCH($B21,$D$151:$D$164,0),MATCH($A$1,$E$149:$CY$149,0)),"-") -> 4 lts ---> 4 lts | H21: =IFERROR(INDEX($E$169:$CY$182,MATCH($B21,$D$169:$D$182,0),MATCH($A$2,$E$167:$CY$167,0))&" ---> "&INDEX($E$169:$CY$182,MATCH($B21,$D$169:$D$182,0),MATCH($A$1,$E$167:$CY$167,0)),"-") -> 25 ---> 23 | I21: =IFERROR(INDEX($E$186:$CY$224,MATCH($B21,$D$186:$D$224,0),MATCH($A$2,$E$184:$CY$184,0))&" ---> "&INDEX($E$186:$CY$224,MATCH($B21,$D$186:$D$224,0),MATCH($A$1,$E$184:$CY$184,0)),"-") -> 2 ---> 3 | J21: =IFERROR(INDEX($E$228:$BK$243,MATCH($B21,$D$228:$D$243,0),MATCH($A$2,$E$226:$BK$226,0))&" ---> "&INDEX($E$228:$BK$243,MATCH($B21,$D$228:$D$243,0),MATCH($A$1,$E$226:$BK$226,0)),"-") -> 4 ---> 2 | K21: =IFERROR(INDEX($E$246:$CY$260,MATCH($B21,$D$246:$D$260,0),MATCH($A$2,$E$244:$CY$244,0))&" ---> "&INDEX($E$246:$CY$260,MATCH($B21,$D$246:$D$260,0),MATCH($A$1,$E$244:$CY$244,0)),"-") -> 6 ---> 4 | L21: =IFERROR(INDEX($E$268:$CY$293,MATCH($B21,$D$268:$D$293,0),MATCH($A$2,$E$266:$CY$266,0))&" ---> "&INDEX($E$268:$CY$293,MATCH($B21,$D$268:$D$293,0),MATCH($A$1,$E$266:$CY$266,0)),"-") -> 14 ---> 14
B22: =IFERROR(__xludf.DUMMYFUNCTION("""COMPUTED_VALUE"""),"Bolsas Basura 70x90") -> Bolsas Basura 70x90 | C22: =IFERROR(INDEX($E$82:$CY$96,MATCH($B22,$D$82:$D$96,0),MATCH($A$2,$E$80:$CY$80,0))&" ---> "&INDEX($E$82:$CY$96,MATCH($B22,$D$82:$D$96,0),MATCH($A$1,$E$80:$CY$80,0)),"-") -> - | D22: =IFERROR(INDEX($E$100:$CY$113,MATCH($B22,$D$100:$D$113,0),MATCH($A$2,$E$98:$CY$98,0))&" ---> "&INDEX($E$100:$CY$113,MATCH($B22,$D$100:$D$113,0),MATCH($A$1,$E$98:$CY$98,0)),"-") -> 1 ---> 0 | E22: =IFERROR(INDEX($E$117:$CY$130,MATCH($B22,$D$117:$D$130,0),MATCH($A$2,$E$115:$CY$115,0))&" ---> "&INDEX($E$117:$CY$130,MATCH($B22,$D$117:$D$130,0),MATCH($A$1,$E$115:$CY$115,0)),"-") -> 9 ---> 3 | F22: =IFERROR(INDEX($E$134:$CY$147,MATCH($B22,$D$134:$D$147,0),MATCH($A$2,$E$132:$CY$132,0))&" ---> "&INDEX($E$134:$CY$147,MATCH($B22,$D$134:$D$147,0),MATCH($A$1,$E$132:$CY$132,0)),"-") -> 4 paquetes ---> 2 paquetes | G22: =IFERROR(INDEX($E$151:$CY$164,MATCH($B22,$D$151:$D$164,0),MATCH($A$2,$E$149:$CY$149,0))&" ---> "&INDEX($E$151:$CY$164,MATCH($B22,$D$151:$D$164,0),MATCH($A$1,$E$149:$CY$149,0)),"-") -> 1 lt ---> 1 lt | H22: =IFERROR(INDEX($E$169:$CY$182,MATCH($B22,$D$169:$D$182,0),MATCH($A$2,$E$167:$CY$167,0))&" ---> "&INDEX($E$169:$CY$182,MATCH($B22,$D$169:$D$182,0),MATCH($A$1,$E$167:$CY$167,0)),"-") -> 21 ---> 19 | I22: =IFERROR(INDEX($E$186:$CY$224,MATCH($B22,$D$186:$D$224,0),MATCH($A$2,$E$184:$CY$184,0))&" ---> "&INDEX($E$186:$CY$224,MATCH($B22,$D$186:$D$224,0),MATCH($A$1,$E$184:$CY$184,0)),"-") -> 8 ---> 9 | J22: =IFERROR(INDEX($E$228:$BK$243,MATCH($B22,$D$228:$D$243,0),MATCH($A$2,$E$226:$BK$226,0))&" ---> "&INDEX($E$228:$BK$243,MATCH($B22,$D$228:$D$243,0),MATCH($A$1,$E$226:$BK$226,0)),"-") -> 17 ---> 0 | K22: =IFERROR(INDEX($E$246:$CY$260,MATCH($B22,$D$246:$D$260,0),MATCH($A$2,$E$244:$CY$244,0))&" ---> "&INDEX($E$246:$CY$260,MATCH($B22,$D$246:$D$260,0),MATCH($A$1,$E$244:$CY$244,0)),"-") -> 0 ---> 0 | L22: =IFERROR(INDEX($E$268:$CY$293,MATCH($B22,$D$268:$D$293,0),MATCH($A$2,$E$266:$CY$266,0))&" ---> "&INDEX($E$268:$CY$293,MATCH($B22,$D$268:$D$293,0),MATCH($A$1,$E$266:$CY$266,0)),"-") -> -
B23: =IFERROR(__xludf.DUMMYFUNCTION("""COMPUTED_VALUE"""),"Bolsas Basura 80x110") -> Bolsas Basura 80x110 | C23: =IFERROR(INDEX($E$82:$CY$96,MATCH($B23,$D$82:$D$96,0),MATCH($A$2,$E$80:$CY$80,0))&" ---> "&INDEX($E$82:$CY$96,MATCH($B23,$D$82:$D$96,0),MATCH($A$1,$E$80:$CY$80,0)),"-") -> - | D23: =IFERROR(INDEX($E$100:$CY$113,MATCH($B23,$D$100:$D$113,0),MATCH($A$2,$E$98:$CY$98,0))&" ---> "&INDEX($E$100:$CY$113,MATCH($B23,$D$100:$D$113,0),MATCH($A$1,$E$98:$CY$98,0)),"-") -> 12 ---> 10 | E23: =IFERROR(INDEX($E$117:$CY$130,MATCH($B23,$D$117:$D$130,0),MATCH($A$2,$E$115:$CY$115,0))&" ---> "&INDEX($E$117:$CY$130,MATCH($B23,$D$117:$D$130,0),MATCH($A$1,$E$115:$CY$115,0)),"-") -> 4 ---> 3 | F23: =IFERROR(INDEX($E$134:$CY$147,MATCH($B23,$D$134:$D$147,0),MATCH($A$2,$E$132:$CY$132,0))&" ---> "&INDEX($E$134:$CY$147,MATCH($B23,$D$134:$D$147,0),MATCH($A$1,$E$132:$CY$132,0)),"-") -> 5 paquetes ---> 1 paquete | G23: =IFERROR(INDEX($E$151:$CY$165,MATCH($B23,$D$151:$D$165,0),MATCH($A$2,$E$149:$CY$149,0))&" ---> "&INDEX($E$151:$CY$165,MATCH($B23,$D$151:$D$165,0),MATCH($A$1,$E$149:$CY$149,0)),"-") -> 2 lts ---> 2 lts | H23: =IFERROR(INDEX($E$169:$CY$182,MATCH($B23,$D$169:$D$182,0),MATCH($A$2,$E$167:$CY$167,0))&" ---> "&INDEX($E$169:$CY$182,MATCH($B23,$D$169:$D$182,0),MATCH($A$1,$E$167:$CY$167,0)),"-") -> 15 ---> 13 | I23: =IFERROR(INDEX($E$186:$CY$224,MATCH($B23,$D$186:$D$224,0),MATCH($A$2,$E$184:$CY$184,0))&" ---> "&INDEX($E$186:$CY$224,MATCH($B23,$D$186:$D$224,0),MATCH($A$1,$E$184:$CY$184,0)),"-") -> 5 ---> 11 | J23: =IFERROR(INDEX($E$228:$BK$243,MATCH($B23,$D$228:$D$243,0),MATCH($A$2,$E$226:$BK$226,0))&" ---> "&INDEX($E$228:$BK$243,MATCH($B23,$D$228:$D$243,0),MATCH($A$1,$E$226:$BK$226,0)),"-") -> 0 ---> 0 | K23: =IFERROR(INDEX($E$246:$CY$260,MATCH($B23,$D$246:$D$260,0),MATCH($A$2,$E$244:$CY$244,0))&" ---> "&INDEX($E$246:$CY$260,MATCH($B23,$D$246:$D$260,0),MATCH($A$1,$E$244:$CY$244,0)),"-") -> 1 ---> 1 | L23: =IFERROR(INDEX($E$268:$CY$293,MATCH($B23,$D$268:$D$293,0),MATCH($A$2,$E$266:$CY$266,0))&" ---> "&INDEX($E$268:$CY$293,MATCH($B23,$D$268:$D$293,0),MATCH($A$1,$E$266:$CY$266,0)),"-") -> -
B24: =IFERROR(__xludf.DUMMYFUNCTION("""COMPUTED_VALUE"""),"Repuesto Jabon") -> Repuesto Jabon | C24: =IFERROR(INDEX($E$82:$CY$96,MATCH($B24,$D$82:$D$96,0),MATCH($A$2,$E$80:$CY$80,0))&" ---> "&INDEX($E$82:$CY$96,MATCH($B24,$D$82:$D$96,0),MATCH($A$1,$E$80:$CY$80,0)),"-") -> - | D24: =IFERROR(INDEX($E$100:$CY$113,MATCH($B24,$D$100:$D$113,0),MATCH($A$2,$E$98:$CY$98,0))&" ---> "&INDEX($E$100:$CY$113,MATCH($B24,$D$100:$D$113,0),MATCH($A$1,$E$98:$CY$98,0)),"-") -> - | E24: =IFERROR(INDEX($E$117:$CY$130,MATCH($B24,$D$117:$D$130,0),MATCH($A$2,$E$115:$CY$115,0))&" ---> "&INDEX($E$117:$CY$130,MATCH($B24,$D$117:$D$130,0),MATCH($A$1,$E$115:$CY$115,0)),"-") -> - | F24: =IFERROR(INDEX($E$134:$CY$147,MATCH($B24,$D$134:$D$147,0),MATCH($A$2,$E$132:$CY$132,0))&" ---> "&INDEX($E$134:$CY$147,MATCH($B24,$D$134:$D$147,0),MATCH($A$1,$E$132:$CY$132,0)),"-") -> - | G24: =IFERROR(INDEX($E$151:$CY$165,MATCH($B24,$D$151:$D$165,0),MATCH($A$2,$E$149:$CY$149,0))&" ---> "&INDEX($E$151:$CY$165,MATCH($B24,$D$151:$D$165,0),MATCH($A$1,$E$149:$CY$149,0)),"-") -> ---> | H24: =IFERROR(INDEX($E$169:$CY$182,MATCH($B24,$D$169:$D$182,0),MATCH($A$2,$E$167:$CY$167,0))&" ---> "&INDEX($E$169:$CY$182,MATCH($B24,$D$169:$D$182,0),MATCH($A$1,$E$167:$CY$167,0)),"-") -> - | I24: =IFERROR(INDEX($E$186:$CY$224,MATCH($B24,$D$186:$D$224,0),MATCH($A$2,$E$184:$CY$184,0))&" ---> "&INDEX($E$186:$CY$224,MATCH($B24,$D$186:$D$224,0),MATCH($A$1,$E$184:$CY$184,0)),"-") -> - | J24: =IFERROR(INDEX($E$228:$BK$243,MATCH($B24,$D$228:$D$243,0),MATCH($A$2,$E$226:$BK$226,0))&" ---> "&INDEX($E$228:$BK$243,MATCH($B24,$D$228:$D$243,0),MATCH($A$1,$E$226:$BK$226,0)),"-") -> - | K24: =IFERROR(INDEX($E$246:$CY$260,MATCH($B24,$D$246:$D$260,0),MATCH($A$2,$E$244:$CY$244,0))&" ---> "&INDEX($E$246:$CY$260,MATCH($B24,$D$246:$D$260,0),MATCH($A$1,$E$244:$CY$244,0)),"-") -> - | L24: =IFERROR(INDEX($E$268:$CY$293,MATCH($B24,$D$268:$D$293,0),MATCH($A$2,$E$266:$CY$266,0))&" ---> "&INDEX($E$268:$CY$293,MATCH($B24,$D$268:$D$293,0),MATCH($A$1,$E$266:$CY$266,0)),"-") -> -
B25: =IFERROR(__xludf.DUMMYFUNCTION("""COMPUTED_VALUE"""),"Aceite de oliva ") -> Aceite de oliva | C25: =IFERROR(INDEX($E$82:$CY$96,MATCH($B25,$D$82:$D$96,0),MATCH($A$2,$E$80:$CY$80,0))&" ---> "&INDEX($E$82:$CY$96,MATCH($B25,$D$82:$D$96,0),MATCH($A$1,$E$80:$CY$80,0)),"-") -> - | D25: =IFERROR(INDEX($E$100:$CY$113,MATCH($B25,$D$100:$D$113,0),MATCH($A$2,$E$98:$CY$98,0))&" ---> "&INDEX($E$100:$CY$113,MATCH($B25,$D$100:$D$113,0),MATCH($A$1,$E$98:$CY$98,0)),"-") -> - | E25: =IFERROR(INDEX($E$117:$CY$130,MATCH($B25,$D$117:$D$130,0),MATCH($A$2,$E$115:$CY$115,0))&" ---> "&INDEX($E$117:$CY$130,MATCH($B25,$D$117:$D$130,0),MATCH($A$1,$E$115:$CY$115,0)),"-") -> - | F25: =IFERROR(INDEX($E$134:$CY$147,MATCH($B25,$D$134:$D$147,0),MATCH($A$2,$E$132:$CY$132,0))&" ---> "&INDEX($E$134:$CY$147,MATCH($B25,$D$134:$D$147,0),MATCH($A$1,$E$132:$CY$132,0)),"-") -> - | G25: =IFERROR(INDEX($E$151:$CY$165,MATCH($B25,$D$151:$D$165,0),MATCH($A$2,$E$149:$CY$149,0))&" ---> "&INDEX($E$151:$CY$165,MATCH($B25,$D$151:$D$165,0),MATCH($A$1,$E$149:$CY$149,0)),"-") -> - | H25: =IFERROR(INDEX($E$169:$CY$182,MATCH($B25,$D$169:$D$182,0),MATCH($A$2,$E$167:$CY$167,0))&" ---> "&INDEX($E$169:$CY$182,MATCH($B25,$D$169:$D$182,0),MATCH($A$1,$E$167:$CY$167,0)),"-") -> - | I25: =IFERROR(INDEX($E$186:$CY$224,MATCH($B25,$D$186:$D$224,0),MATCH($A$2,$E$184:$CY$184,0))&" ---> "&INDEX($E$186:$CY$224,MATCH($B25,$D$186:$D$224,0),MATCH($A$1,$E$184:$CY$184,0)),"-") -> 2 ---> 1 | J25: =IFERROR(INDEX($E$228:$BK$243,MATCH($B25,$D$228:$D$243,0),MATCH($A$2,$E$226:$BK$226,0))&" ---> "&INDEX($E$228:$BK$243,MATCH($B25,$D$228:$D$243,0),MATCH($A$1,$E$226:$BK$226,0)),"-") -> - | K25: =IFERROR(INDEX($E$246:$CY$260,MATCH($B25,$D$246:$D$260,0),MATCH($A$2,$E$244:$CY$244,0))&" ---> "&INDEX($E$246:$CY$260,MATCH($B25,$D$246:$D$260,0),MATCH($A$1,$E$244:$CY$244,0)),"-") -> 1 ---> 1 | L25: =IFERROR(INDEX($E$268:$CY$293,MATCH($B25,$D$268:$D$293,0),MATCH($A$2,$E$266:$CY$266,0))&" ---> "&INDEX($E$268:$CY$293,MATCH($B25,$D$268:$D$293,0),MATCH($A$1,$E$266:$CY$266,0)),"-") -> 4 ---> 4
B26: =IFERROR(__xludf.DUMMYFUNCTION("""COMPUTED_VALUE"""),"Aceto Balsamico ") -> Aceto Balsamico | C26: =IFERROR(INDEX($E$82:$CY$96,MATCH($B26,$D$82:$D$96,0),MATCH($A$2,$E$80:$CY$80,0))&" ---> "&INDEX($E$82:$CY$96,MATCH($B26,$D$82:$D$96,0),MATCH($A$1,$E$80:$CY$80,0)),"-") -> - | D26: =IFERROR(INDEX($E$100:$CY$113,MATCH($B26,$D$100:$D$113,0),MATCH($A$2,$E$98:$CY$98,0))&" ---> "&INDEX($E$100:$CY$113,MATCH($B26,$D$100:$D$113,0),MATCH($A$1,$E$98:$CY$98,0)),"-") -> - | E26: =IFERROR(INDEX($E$117:$CY$130,MATCH($B26,$D$117:$D$130,0),MATCH($A$2,$E$115:$CY$115,0))&" ---> "&INDEX($E$117:$CY$130,MATCH($B26,$D$117:$D$130,0),MATCH($A$1,$E$115:$CY$115,0)),"-") -> - | F26: =IFERROR(INDEX($E$134:$CY$147,MATCH($B26,$D$134:$D$147,0),MATCH($A$2,$E$132:$CY$132,0))&" ---> "&INDEX($E$134:$CY$147,MATCH($B26,$D$134:$D$147,0),MATCH($A$1,$E$132:$CY$132,0)),"-") -> - | G26: =IFERROR(INDEX($E$151:$CY$165,MATCH($B26,$D$151:$D$165,0),MATCH($A$2,$E$149:$CY$149,0))&" ---> "&INDEX($E$151:$CY$165,MATCH($B26,$D$151:$D$165,0),MATCH($A$1,$E$149:$CY$149,0)),"-") -> - | H26: =IFERROR(INDEX($E$169:$CY$182,MATCH($B26,$D$169:$D$182,0),MATCH($A$2,$E$167:$CY$167,0))&" ---> "&INDEX($E$169:$CY$182,MATCH($B26,$D$169:$D$182,0),MATCH($A$1,$E$167:$CY$167,0)),"-") -> - | I26: =IFERROR(INDEX($E$186:$CY$224,MATCH($B26,$D$186:$D$224,0),MATCH($A$2,$E$184:$CY$184,0))&" ---> "&INDEX($E$186:$CY$224,MATCH($B26,$D$186:$D$224,0),MATCH($A$1,$E$184:$CY$184,0)),"-") -> 2 ---> 1 | J26: =IFERROR(INDEX($E$228:$BK$243,MATCH($B26,$D$228:$D$243,0),MATCH($A$2,$E$226:$BK$226,0))&" ---> "&INDEX($E$228:$BK$243,MATCH($B26,$D$228:$D$243,0),MATCH($A$1,$E$226:$BK$226,0)),"-") -> - | K26: =IFERROR(INDEX($E$246:$CY$260,MATCH($B26,$D$246:$D$260,0),MATCH($A$2,$E$244:$CY$244,0))&" ---> "&INDEX($E$246:$CY$260,MATCH($B26,$D$246:$D$260,0),MATCH($A$1,$E$244:$CY$244,0)),"-") -> - | L26: =IFERROR(INDEX($E$268:$CY$293,MATCH($B26,$D$268:$D$293,0),MATCH($A$2,$E$266:$CY$266,0))&" ---> "&INDEX($E$268:$CY$293,MATCH($B26,$D$268:$D$293,0),MATCH($A$1,$E$266:$CY$266,0)),"-") -> -
B27: =IFERROR(__xludf.DUMMYFUNCTION("""COMPUTED_VALUE"""),"Jugo de Limon ") -> Jugo de Limon | C27: =IFERROR(INDEX($E$82:$CY$96,MATCH($B27,$D$82:$D$96,0),MATCH($A$2,$E$80:$CY$80,0))&" ---> "&INDEX($E$82:$CY$96,MATCH($B27,$D$82:$D$96,0),MATCH($A$1,$E$80:$CY$80,0)),"-") -> - | D27: =IFERROR(INDEX($E$100:$CY$113,MATCH($B27,$D$100:$D$113,0),MATCH($A$2,$E$98:$CY$98,0))&" ---> "&INDEX($E$100:$CY$113,MATCH($B27,$D$100:$D$113,0),MATCH($A$1,$E$98:$CY$98,0)),"-") -> - | E27: =IFERROR(INDEX($E$117:$CY$130,MATCH($B27,$D$117:$D$130,0),MATCH($A$2,$E$115:$CY$115,0))&" ---> "&INDEX($E$117:$CY$130,MATCH($B27,$D$117:$D$130,0),MATCH($A$1,$E$115:$CY$115,0)),"-") -> - | F27: =IFERROR(INDEX($E$134:$CY$147,MATCH($B27,$D$134:$D$147,0),MATCH($A$2,$E$132:$CY$132,0))&" ---> "&INDEX($E$134:$CY$147,MATCH($B27,$D$134:$D$147,0),MATCH($A$1,$E$132:$CY$132,0)),"-") -> - | G27: =IFERROR(INDEX($E$151:$CY$165,MATCH($B27,$D$151:$D$165,0),MATCH($A$2,$E$149:$CY$149,0))&" ---> "&INDEX($E$151:$CY$165,MATCH($B27,$D$151:$D$165,0),MATCH($A$1,$E$149:$CY$149,0)),"-") -> - | H27: =IFERROR(INDEX($E$169:$CY$182,MATCH($B27,$D$169:$D$182,0),MATCH($A$2,$E$167:$CY$167,0))&" ---> "&INDEX($E$169:$CY$182,MATCH($B27,$D$169:$D$182,0),MATCH($A$1,$E$167:$CY$167,0)),"-") -> - | I27: =IFERROR(INDEX($E$186:$CY$224,MATCH($B27,$D$186:$D$224,0),MATCH($A$2,$E$184:$CY$184,0))&" ---> "&INDEX($E$186:$CY$224,MATCH($B27,$D$186:$D$224,0),MATCH($A$1,$E$184:$CY$184,0)),"-") -> 5 ---> 5 | J27: =IFERROR(INDEX($E$228:$BK$243,MATCH($B27,$D$228:$D$243,0),MATCH($A$2,$E$226:$BK$226,0))&" ---> "&INDEX($E$228:$BK$243,MATCH($B27,$D$228:$D$243,0),MATCH($A$1,$E$226:$BK$226,0)),"-") -> - | K27: =IFERROR(INDEX($E$246:$CY$260,MATCH($B27,$D$246:$D$260,0),MATCH($A$2,$E$244:$CY$244,0))&" ---> "&INDEX($E$246:$CY$260,MATCH($B27,$D$246:$D$260,0),MATCH($A$1,$E$244:$CY$244,0)),"-") -> - | L27: =IFERROR(INDEX($E$268:$CY$293,MATCH($B27,$D$268:$D$293,0),MATCH($A$2,$E$266:$CY$266,0))&" ---> "&INDEX($E$268:$CY$293,MATCH($B27,$D$268:$D$293,0),MATCH($A$1,$E$266:$CY$266,0)),"-") -> -
B28: =IFERROR(__xludf.DUMMYFUNCTION("""COMPUTED_VALUE"""),"Resma Papel Fot. Carta (UN)") -> Resma Papel Fot. Carta (UN) | C28: =IFERROR(INDEX($E$82:$CY$96,MATCH($B28,$D$82:$D$96,0),MATCH($A$2,$E$80:$CY$80,0))&" ---> "&INDEX($E$82:$CY$96,MATCH($B28,$D$82:$D$96,0),MATCH($A$1,$E$80:$CY$80,0)),"-") -> - | D28: =IFERROR(INDEX($E$100:$CY$113,MATCH($B28,$D$100:$D$113,0),MATCH($A$2,$E$98:$CY$98,0))&" ---> "&INDEX($E$100:$CY$113,MATCH($B28,$D$100:$D$113,0),MATCH($A$1,$E$98:$CY$98,0)),"-") -> - | E28: =IFERROR(INDEX($E$117:$CY$130,MATCH($B28,$D$117:$D$130,0),MATCH($A$2,$E$115:$CY$115,0))&" ---> "&INDEX($E$117:$CY$130,MATCH($B28,$D$117:$D$130,0),MATCH($A$1,$E$115:$CY$115,0)),"-") -> - | F28: =IFERROR(INDEX($E$134:$CY$147,MATCH($B28,$D$134:$D$147,0),MATCH($A$2,$E$132:$CY$132,0))&" ---> "&INDEX($E$134:$CY$147,MATCH($B28,$D$134:$D$147,0),MATCH($A$1,$E$132:$CY$132,0)),"-") -> - | G28: =IFERROR(INDEX($E$151:$CY$165,MATCH($B28,$D$151:$D$165,0),MATCH($A$2,$E$149:$CY$149,0))&" ---> "&INDEX($E$151:$CY$165,MATCH($B28,$D$151:$D$165,0),MATCH($A$1,$E$149:$CY$149,0)),"-") -> - | H28: =IFERROR(INDEX($E$169:$CY$182,MATCH($B28,$D$169:$D$182,0),MATCH($A$2,$E$167:$CY$167,0))&" ---> "&INDEX($E$169:$CY$182,MATCH($B28,$D$169:$D$182,0),MATCH($A$1,$E$167:$CY$167,0)),"-") -> - | I28: =IFERROR(INDEX($E$186:$CY$224,MATCH($B28,$D$186:$D$224,0),MATCH($A$2,$E$184:$CY$184,0))&" ---> "&INDEX($E$186:$CY$224,MATCH($B28,$D$186:$D$224,0),MATCH($A$1,$E$184:$CY$184,0)),"-") -> 10 ---> 10 | J28: =IFERROR(INDEX($E$228:$BK$243,MATCH($B28,$D$228:$D$243,0),MATCH($A$2,$E$226:$BK$226,0))&" ---> "&INDEX($E$228:$BK$243,MATCH($B28,$D$228:$D$243,0),MATCH($A$1,$E$226:$BK$226,0)),"-") -> - | K28: =IFERROR(INDEX($E$246:$CY$260,MATCH($B28,$D$246:$D$260,0),MATCH($A$2,$E$244:$CY$244,0))&" ---> "&INDEX($E$246:$CY$260,MATCH($B28,$D$246:$D$260,0),MATCH($A$1,$E$244:$CY$244,0)),"-") -> - | L28: =IFERROR(INDEX($E$268:$CY$293,MATCH($B28,$D$268:$D$293,0),MATCH($A$2,$E$266:$CY$266,0))&" ---> "&INDEX($E$268:$CY$293,MATCH($B28,$D$268:$D$293,0),MATCH($A$1,$E$266:$CY$266,0)),"-") -> -
B29: =IFERROR(__xludf.DUMMYFUNCTION("""COMPUTED_VALUE"""),"Resma Papel Fot. Oficio (UN)") -> Resma Papel Fot. Oficio (UN) | C29: =IFERROR(INDEX($E$82:$CY$96,MATCH($B29,$D$82:$D$96,0),MATCH($A$2,$E$80:$CY$80,0))&" ---> "&INDEX($E$82:$CY$96,MATCH($B29,$D$82:$D$96,0),MATCH($A$1,$E$80:$CY$80,0)),"-") -> - | D29: =IFERROR(INDEX($E$100:$CY$113,MATCH($B29,$D$100:$D$113,0),MATCH($A$2,$E$98:$CY$98,0))&" ---> "&INDEX($E$100:$CY$113,MATCH($B29,$D$100:$D$113,0),MATCH($A$1,$E$98:$CY$98,0)),"-") -> - | E29: =IFERROR(INDEX($E$117:$CY$130,MATCH($B29,$D$117:$D$130,0),MATCH($A$2,$E$115:$CY$115,0))&" ---> "&INDEX($E$117:$CY$130,MATCH($B29,$D$117:$D$130,0),MATCH($A$1,$E$115:$CY$115,0)),"-") -> - | F29: =IFERROR(INDEX($E$134:$CY$147,MATCH($B29,$D$134:$D$147,0),MATCH($A$2,$E$132:$CY$132,0))&" ---> "&INDEX($E$134:$CY$147,MATCH($B29,$D$134:$D$147,0),MATCH($A$1,$E$132:$CY$132,0)),"-") -> - | G29: =IFERROR(INDEX($E$151:$CY$165,MATCH($B29,$D$151:$D$165,0),MATCH($A$2,$E$149:$CY$149,0))&" ---> "&INDEX($E$151:$CY$165,MATCH($B29,$D$151:$D$165,0),MATCH($A$1,$E$149:$CY$149,0)),"-") -> - | H29: =IFERROR(INDEX($E$169:$CY$182,MATCH($B29,$D$169:$D$182,0),MATCH($A$2,$E$167:$CY$167,0))&" ---> "&INDEX($E$169:$CY$182,MATCH($B29,$D$169:$D$182,0),MATCH($A$1,$E$167:$CY$167,0)),"-") -> - | I29: =IFERROR(INDEX($E$186:$CY$224,MATCH($B29,$D$186:$D$224,0),MATCH($A$2,$E$184:$CY$184,0))&" ---> "&INDEX($E$186:$CY$224,MATCH($B29,$D$186:$D$224,0),MATCH($A$1,$E$184:$CY$184,0)),"-") -> 9 ---> 9 | J29: =IFERROR(INDEX($E$228:$BK$243,MATCH($B29,$D$228:$D$243,0),MATCH($A$2,$E$226:$BK$226,0))&" ---> "&INDEX($E$228:$BK$243,MATCH($B29,$D$228:$D$243,0),MATCH($A$1,$E$226:$BK$226,0)),"-") -> - | K29: =IFERROR(INDEX($E$246:$CY$260,MATCH($B29,$D$246:$D$260,0),MATCH($A$2,$E$244:$CY$244,0))&" ---> "&INDEX($E$246:$CY$260,MATCH($B29,$D$246:$D$260,0),MATCH($A$1,$E$244:$CY$244,0)),"-") -> - | L29: =IFERROR(INDEX($E$268:$CY$293,MATCH($B29,$D$268:$D$293,0),MATCH($A$2,$E$266:$CY$266,0))&" ---> "&INDEX($E$268:$CY$293,MATCH($B29,$D$268:$D$293,0),MATCH($A$1,$E$266:$CY$266,0)),"-") -> -
B30: =IFERROR(__xludf.DUMMYFUNCTION("""COMPUTED_VALUE"""),"Revolvedores ") -> Revolvedores | C30: =IFERROR(INDEX($E$82:$CY$96,MATCH($B30,$D$82:$D$96,0),MATCH($A$2,$E$80:$CY$80,0))&" ---> "&INDEX($E$82:$CY$96,MATCH($B30,$D$82:$D$96,0),MATCH($A$1,$E$80:$CY$80,0)),"-") -> - | D30: =IFERROR(INDEX($E$100:$CY$113,MATCH($B30,$D$100:$D$113,0),MATCH($A$2,$E$98:$CY$98,0))&" ---> "&INDEX($E$100:$CY$113,MATCH($B30,$D$100:$D$113,0),MATCH($A$1,$E$98:$CY$98,0)),"-") -> - | E30: =IFERROR(INDEX($E$117:$CY$130,MATCH($B30,$D$117:$D$130,0),MATCH($A$2,$E$115:$CY$115,0))&" ---> "&INDEX($E$117:$CY$130,MATCH($B30,$D$117:$D$130,0),MATCH($A$1,$E$115:$CY$115,0)),"-") -> - | F30: =IFERROR(INDEX($E$134:$CY$147,MATCH($B30,$D$134:$D$147,0),MATCH($A$2,$E$132:$CY$132,0))&" ---> "&INDEX($E$134:$CY$147,MATCH($B30,$D$134:$D$147,0),MATCH($A$1,$E$132:$CY$132,0)),"-") -> - | G30: =IFERROR(INDEX($E$151:$CY$165,MATCH($B30,$D$151:$D$165,0),MATCH($A$2,$E$149:$CY$149,0))&" ---> "&INDEX($E$151:$CY$165,MATCH($B30,$D$151:$D$165,0),MATCH($A$1,$E$149:$CY$149,0)),"-") -> - | H30: =IFERROR(INDEX($E$169:$CY$182,MATCH($B30,$D$169:$D$182,0),MATCH($A$2,$E$167:$CY$167,0))&" ---> "&INDEX($E$169:$CY$182,MATCH($B30,$D$169:$D$182,0),MATCH($A$1,$E$167:$CY$167,0)),"-") -> - | I30: =IFERROR(INDEX($E$186:$CY$224,MATCH($B30,$D$186:$D$224,0),MATCH($A$2,$E$184:$CY$184,0))&" ---> "&INDEX($E$186:$CY$224,MATCH($B30,$D$186:$D$224,0),MATCH($A$1,$E$184:$CY$184,0)),"-") -> 8 ---> 6 | J30: =IFERROR(INDEX($E$228:$BK$243,MATCH($B30,$D$228:$D$243,0),MATCH($A$2,$E$226:$BK$226,0))&" ---> "&INDEX($E$228:$BK$243,MATCH($B30,$D$228:$D$243,0),MATCH($A$1,$E$226:$BK$226,0)),"-") -> - | K30: =IFERROR(INDEX($E$246:$CY$260,MATCH($B30,$D$246:$D$260,0),MATCH($A$2,$E$244:$CY$244,0))&" ---> "&INDEX($E$246:$CY$260,MATCH($B30,$D$246:$D$260,0),MATCH($A$1,$E$244:$CY$244,0)),"-") -> - | L30: =IFERROR(INDEX($E$268:$CY$293,MATCH($B30,$D$268:$D$293,0),MATCH($A$2,$E$266:$CY$266,0))&" ---> "&INDEX($E$268:$CY$293,MATCH($B30,$D$268:$D$293,0),MATCH($A$1,$E$266:$CY$266,0)),"-") -> -
B31: =IFERROR(__xludf.DUMMYFUNCTION("""COMPUTED_VALUE"""),"Sal") -> Sal | C31: =IFERROR(INDEX($E$82:$CY$96,MATCH($B31,$D$82:$D$96,0),MATCH($A$2,$E$80:$CY$80,0))&" ---> "&INDEX($E$82:$CY$96,MATCH($B31,$D$82:$D$96,0),MATCH($A$1,$E$80:$CY$80,0)),"-") -> - | D31: =IFERROR(INDEX($E$100:$CY$113,MATCH($B31,$D$100:$D$113,0),MATCH($A$2,$E$98:$CY$98,0))&" ---> "&INDEX($E$100:$CY$113,MATCH($B31,$D$100:$D$113,0),MATCH($A$1,$E$98:$CY$98,0)),"-") -> - | E31: =IFERROR(INDEX($E$117:$CY$130,MATCH($B31,$D$117:$D$130,0),MATCH($A$2,$E$115:$CY$115,0))&" ---> "&INDEX($E$117:$CY$130,MATCH($B31,$D$117:$D$130,0),MATCH($A$1,$E$115:$CY$115,0)),"-") -> - | F31: =IFERROR(INDEX($E$134:$CY$147,MATCH($B31,$D$134:$D$147,0),MATCH($A$2,$E$132:$CY$132,0))&" ---> "&INDEX($E$134:$CY$147,MATCH($B31,$D$134:$D$147,0),MATCH($A$1,$E$132:$CY$132,0)),"-") -> - | G31: =IFERROR(INDEX($E$151:$CY$165,MATCH($B31,$D$151:$D$165,0),MATCH($A$2,$E$149:$CY$149,0))&" ---> "&INDEX($E$151:$CY$165,MATCH($B31,$D$151:$D$165,0),MATCH($A$1,$E$149:$CY$149,0)),"-") -> - | H31: =IFERROR(INDEX($E$169:$CY$182,MATCH($B31,$D$169:$D$182,0),MATCH($A$2,$E$167:$CY$167,0))&" ---> "&INDEX($E$169:$CY$182,MATCH($B31,$D$169:$D$182,0),MATCH($A$1,$E$167:$CY$167,0)),"-") -> - | I31: =IFERROR(INDEX($E$186:$CY$224,MATCH($B31,$D$186:$D$224,0),MATCH($A$2,$E$184:$CY$184,0))&" ---> "&INDEX($E$186:$CY$224,MATCH($B31,$D$186:$D$224,0),MATCH($A$1,$E$184:$CY$184,0)),"-") -> 1 ---> 1 | J31: =IFERROR(INDEX($E$228:$BK$243,MATCH($B31,$D$228:$D$243,0),MATCH($A$2,$E$226:$BK$226,0))&" ---> "&INDEX($E$228:$BK$243,MATCH($B31,$D$228:$D$243,0),MATCH($A$1,$E$226:$BK$226,0)),"-") -> - | K31: =IFERROR(INDEX($E$246:$CY$260,MATCH($B31,$D$246:$D$260,0),MATCH($A$2,$E$244:$CY$244,0))&" ---> "&INDEX($E$246:$CY$260,MATCH($B31,$D$246:$D$260,0),MATCH($A$1,$E$244:$CY$244,0)),"-") -> - | L31: =IFERROR(INDEX($E$268:$CY$293,MATCH($B31,$D$268:$D$293,0),MATCH($A$2,$E$266:$CY$266,0))&" ---> "&INDEX($E$268:$CY$293,MATCH($B31,$D$268:$D$293,0),MATCH($A$1,$E$266:$CY$266,0)),"-") -> 4 ---> 3
B32: =IFERROR(__xludf.DUMMYFUNCTION("""COMPUTED_VALUE"""),"Servilletas ") -> Servilletas | C32: =IFERROR(INDEX($E$82:$CY$96,MATCH($B32,$D$82:$D$96,0),MATCH($A$2,$E$80:$CY$80,0))&" ---> "&INDEX($E$82:$CY$96,MATCH($B32,$D$82:$D$96,0),MATCH($A$1,$E$80:$CY$80,0)),"-") -> - | D32: =IFERROR(INDEX($E$100:$CY$113,MATCH($B32,$D$100:$D$113,0),MATCH($A$2,$E$98:$CY$98,0))&" ---> "&INDEX($E$100:$CY$113,MATCH($B32,$D$100:$D$113,0),MATCH($A$1,$E$98:$CY$98,0)),"-") -> - | E32: =IFERROR(INDEX($E$117:$CY$130,MATCH($B32,$D$117:$D$130,0),MATCH($A$2,$E$115:$CY$115,0))&" ---> "&INDEX($E$117:$CY$130,MATCH($B32,$D$117:$D$130,0),MATCH($A$1,$E$115:$CY$115,0)),"-") -> - | F32: =IFERROR(INDEX($E$134:$CY$147,MATCH($B32,$D$134:$D$147,0),MATCH($A$2,$E$132:$CY$132,0))&" ---> "&INDEX($E$134:$CY$147,MATCH($B32,$D$134:$D$147,0),MATCH($A$1,$E$132:$CY$132,0)),"-") -> - | G32: =IFERROR(INDEX($E$151:$CY$164,MATCH($B32,$D$151:$D$164,0),MATCH($A$2,$E$149:$CY$149,0))&" ---> "&INDEX($E$151:$CY$164,MATCH($B32,$D$151:$D$164,0),MATCH($A$1,$E$149:$CY$149,0)),"-") -> - | H32: =IFERROR(INDEX($E$169:$CY$182,MATCH($B32,$D$169:$D$182,0),MATCH($A$2,$E$167:$CY$167,0))&" ---> "&INDEX($E$169:$CY$182,MATCH($B32,$D$169:$D$182,0),MATCH($A$1,$E$167:$CY$167,0)),"-") -> - | I32: =IFERROR(INDEX($E$186:$CY$224,MATCH($B32,$D$186:$D$224,0),MATCH($A$2,$E$184:$CY$184,0))&" ---> "&INDEX($E$186:$CY$224,MATCH($B32,$D$186:$D$224,0),MATCH($A$1,$E$184:$CY$184,0)),"-") -> 14 ---> 10 | J32: =IFERROR(INDEX($E$228:$BK$243,MATCH($B32,$D$228:$D$243,0),MATCH($A$2,$E$226:$BK$226,0))&" ---> "&INDEX($E$228:$BK$243,MATCH($B32,$D$228:$D$243,0),MATCH($A$1,$E$226:$BK$226,0)),"-") -> - | K32: =IFERROR(INDEX($E$246:$CY$260,MATCH($B32,$D$246:$D$260,0),MATCH($A$2,$E$244:$CY$244,0))&" ---> "&INDEX($E$246:$CY$260,MATCH($B32,$D$246:$D$260,0),MATCH($A$1,$E$244:$CY$244,0)),"-") -> - | L32: =IFERROR(INDEX($E$268:$CY$293,MATCH($B32,$D$268:$D$293,0),MATCH($A$2,$E$266:$CY$266,0))&" ---> "&INDEX($E$268:$CY$293,MATCH($B32,$D$268:$D$293,0),MATCH($A$1,$E$266:$CY$266,0)),"-") -> -
B33: =IFERROR(__xludf.DUMMYFUNCTION("""COMPUTED_VALUE"""),"Sobre Azucar x Caja (800 S) ") -> Sobre Azucar x Caja (800 S) | C33: =IFERROR(INDEX($E$82:$CY$96,MATCH($B33,$D$82:$D$96,0),MATCH($A$2,$E$80:$CY$80,0))&" ---> "&INDEX($E$82:$CY$96,MATCH($B33,$D$82:$D$96,0),MATCH($A$1,$E$80:$CY$80,0)),"-") -> - | D33: =IFERROR(INDEX($E$100:$CY$113,MATCH($B33,$D$100:$D$113,0),MATCH($A$2,$E$98:$CY$98,0))&" ---> "&INDEX($E$100:$CY$113,MATCH($B33,$D$100:$D$113,0),MATCH($A$1,$E$98:$CY$98,0)),"-") -> - | E33: =IFERROR(INDEX($E$117:$CY$130,MATCH($B33,$D$117:$D$130,0),MATCH($A$2,$E$115:$CY$115,0))&" ---> "&INDEX($E$117:$CY$130,MATCH($B33,$D$117:$D$130,0),MATCH($A$1,$E$115:$CY$115,0)),"-") -> - | F33: =IFERROR(INDEX($E$134:$CY$147,MATCH($B33,$D$134:$D$147,0),MATCH($A$2,$E$132:$CY$132,0))&" ---> "&INDEX($E$134:$CY$147,MATCH($B33,$D$134:$D$147,0),MATCH($A$1,$E$132:$CY$132,0)),"-") -> - | G33: =IFERROR(INDEX($E$151:$CY$164,MATCH($B33,$D$151:$D$164,0),MATCH($A$2,$E$149:$CY$149,0))&" ---> "&INDEX($E$151:$CY$164,MATCH($B33,$D$151:$D$164,0),MATCH($A$1,$E$149:$CY$149,0)),"-") -> - | H33: =IFERROR(INDEX($E$169:$CY$182,MATCH($B33,$D$169:$D$182,0),MATCH($A$2,$E$167:$CY$167,0))&" ---> "&INDEX($E$169:$CY$182,MATCH($B33,$D$169:$D$182,0),MATCH($A$1,$E$167:$CY$167,0)),"-") -> - | I33: =IFERROR(INDEX($E$186:$CY$224,MATCH($B33,$D$186:$D$224,0),MATCH($A$2,$E$184:$CY$184,0))&" ---> "&INDEX($E$186:$CY$224,MATCH($B33,$D$186:$D$224,0),MATCH($A$1,$E$184:$CY$184,0)),"-") -> 1 ---> 2 1/2 | J33: =IFERROR(INDEX($E$228:$BK$243,MATCH($B33,$D$228:$D$243,0),MATCH($A$2,$E$226:$BK$226,0))&" ---> "&INDEX($E$228:$BK$243,MATCH($B33,$D$228:$D$243,0),MATCH($A$1,$E$226:$BK$226,0)),"-") -> - | K33: =IFERROR(INDEX($E$246:$CY$260,MATCH($B33,$D$246:$D$260,0),MATCH($A$2,$E$244:$CY$244,0))&" ---> "&INDEX($E$246:$CY$260,MATCH($B33,$D$246:$D$260,0),MATCH($A$1,$E$244:$CY$244,0)),"-") -> - | L33: =IFERROR(INDEX($E$268:$CY$293,MATCH($B33,$D$268:$D$293,0),MATCH($A$2,$E$266:$CY$266,0))&" ---> "&INDEX($E$268:$CY$293,MATCH($B33,$D$268:$D$293,0),MATCH($A$1,$E$266:$CY$266,0)),"-") -> -
B34: =IFERROR(__xludf.DUMMYFUNCTION("""COMPUTED_VALUE"""),"Vinagre 1000 ml ") -> Vinagre 1000 ml | C34: =IFERROR(INDEX($E$82:$CY$96,MATCH($B34,$D$82:$D$96,0),MATCH($A$2,$E$80:$CY$80,0))&" ---> "&INDEX($E$82:$CY$96,MATCH($B34,$D$82:$D$96,0),MATCH($A$1,$E$80:$CY$80,0)),"-") -> - | D34: =IFERROR(INDEX($E$100:$CY$113,MATCH($B34,$D$100:$D$113,0),MATCH($A$2,$E$98:$CY$98,0))&" ---> "&INDEX($E$100:$CY$113,MATCH($B34,$D$100:$D$113,0),MATCH($A$1,$E$98:$CY$98,0)),"-") -> - | E34: =IFERROR(INDEX($E$117:$CY$130,MATCH($B34,$D$117:$D$130,0),MATCH($A$2,$E$115:$CY$115,0))&" ---> "&INDEX($E$117:$CY$130,MATCH($B34,$D$117:$D$130,0),MATCH($A$1,$E$115:$CY$115,0)),"-") -> - | F34: =IFERROR(INDEX($E$134:$CY$147,MATCH($B34,$D$134:$D$147,0),MATCH($A$2,$E$132:$CY$132,0))&" ---> "&INDEX($E$134:$CY$147,MATCH($B34,$D$134:$D$147,0),MATCH($A$1,$E$132:$CY$132,0)),"-") -> - | G34: =IFERROR(INDEX($E$151:$CY$164,MATCH($B34,$D$151:$D$164,0),MATCH($A$2,$E$149:$CY$149,0))&" ---> "&INDEX($E$151:$CY$164,MATCH($B34,$D$151:$D$164,0),MATCH($A$1,$E$149:$CY$149,0)),"-") -> - | H34: =IFERROR(INDEX($E$169:$CY$182,MATCH($B34,$D$169:$D$182,0),MATCH($A$2,$E$167:$CY$167,0))&" ---> "&INDEX($E$169:$CY$182,MATCH($B34,$D$169:$D$182,0),MATCH($A$1,$E$167:$CY$167,0)),"-") -> - | I34: =IFERROR(INDEX($E$186:$CY$224,MATCH($B34,$D$186:$D$224,0),MATCH($A$2,$E$184:$CY$184,0))&" ---> "&INDEX($E$186:$CY$224,MATCH($B34,$D$186:$D$224,0),MATCH($A$1,$E$184:$CY$184,0)),"-") -> 2 ---> 2 | J34: =IFERROR(INDEX($E$228:$BK$243,MATCH($B34,$D$228:$D$243,0),MATCH($A$2,$E$226:$BK$226,0))&" ---> "&INDEX($E$228:$BK$243,MATCH($B34,$D$228:$D$243,0),MATCH($A$1,$E$226:$BK$226,0)),"-") -> - | K34: =IFERROR(INDEX($E$246:$CY$260,MATCH($B34,$D$246:$D$260,0),MATCH($A$2,$E$244:$CY$244,0))&" ---> "&INDEX($E$246:$CY$260,MATCH($B34,$D$246:$D$260,0),MATCH($A$1,$E$244:$CY$244,0)),"-") -> - | L34: =IFERROR(INDEX($E$268:$CY$293,MATCH($B34,$D$268:$D$293,0),MATCH($A$2,$E$266:$CY$266,0))&" ---> "&INDEX($E$268:$CY$293,MATCH($B34,$D$268:$D$293,0),MATCH($A$1,$E$266:$CY$266,0)),"-") -> -
B35: =IFERROR(__xludf.DUMMYFUNCTION("""COMPUTED_VALUE"""),"Vinagre 500 ml ") -> Vinagre 500 ml | C35: =IFERROR(INDEX($E$82:$CY$96,MATCH($B35,$D$82:$D$96,0),MATCH($A$2,$E$80:$CY$80,0))&" ---> "&INDEX($E$82:$CY$96,MATCH($B35,$D$82:$D$96,0),MATCH($A$1,$E$80:$CY$80,0)),"-") -> - | D35: =IFERROR(INDEX($E$100:$CY$113,MATCH($B35,$D$100:$D$113,0),MATCH($A$2,$E$98:$CY$98,0))&" ---> "&INDEX($E$100:$CY$113,MATCH($B35,$D$100:$D$113,0),MATCH($A$1,$E$98:$CY$98,0)),"-") -> - | E35: =IFERROR(INDEX($E$117:$CY$130,MATCH($B35,$D$117:$D$130,0),MATCH($A$2,$E$115:$CY$115,0))&" ---> "&INDEX($E$117:$CY$130,MATCH($B35,$D$117:$D$130,0),MATCH($A$1,$E$115:$CY$115,0)),"-") -> - | F35: =IFERROR(INDEX($E$134:$CY$147,MATCH($B35,$D$134:$D$147,0),MATCH($A$2,$E$132:$CY$132,0))&" ---> "&INDEX($E$134:$CY$147,MATCH($B35,$D$134:$D$147,0),MATCH($A$1,$E$132:$CY$132,0)),"-") -> - | G35: =IFERROR(INDEX($E$151:$CY$164,MATCH($B35,$D$151:$D$164,0),MATCH($A$2,$E$149:$CY$149,0))&" ---> "&INDEX($E$151:$CY$164,MATCH($B35,$D$151:$D$164,0),MATCH($A$1,$E$149:$CY$149,0)),"-") -> - | H35: =IFERROR(INDEX($E$169:$CY$182,MATCH($B35,$D$169:$D$182,0),MATCH($A$2,$E$167:$CY$167,0))&" ---> "&INDEX($E$169:$CY$182,MATCH($B35,$D$169:$D$182,0),MATCH($A$1,$E$167:$CY$167,0)),"-") -> - | I35: =IFERROR(INDEX($E$186:$CY$224,MATCH($B35,$D$186:$D$224,0),MATCH($A$2,$E$184:$CY$184,0))&" ---> "&INDEX($E$186:$CY$224,MATCH($B35,$D$186:$D$224,0),MATCH($A$1,$E$184:$CY$184,0)),"-") -> 3 Rosado / 1 Blanco ---> 3 Rosado / 1 Blanco | J35: =IFERROR(INDEX($E$228:$BK$243,MATCH($B35,$D$228:$D$243,0),MATCH($A$2,$E$226:$BK$226,0))&" ---> "&INDEX($E$228:$BK$243,MATCH($B35,$D$228:$D$243,0),MATCH($A$1,$E$226:$BK$226,0)),"-") -> - | K35: =IFERROR(INDEX($E$246:$CY$260,MATCH($B35,$D$246:$D$260,0),MATCH($A$2,$E$244:$CY$244,0))&" ---> "&INDEX($E$246:$CY$260,MATCH($B35,$D$246:$D$260,0),MATCH($A$1,$E$244:$CY$244,0)),"-") -> - | L35: =IFERROR(INDEX($E$268:$CY$293,MATCH($B35,$D$268:$D$293,0),MATCH($A$2,$E$266:$CY$266,0))&" ---> "&INDEX($E$268:$CY$293,MATCH($B35,$D$268:$D$293,0),MATCH($A$1,$E$266:$CY$266,0)),"-") -> -
B36: =IFERROR(__xludf.DUMMYFUNCTION("""COMPUTED_VALUE"""),"Aerosol ") -> Aerosol | C36: =IFERROR(INDEX($E$82:$CY$96,MATCH($B36,$D$82:$D$96,0),MATCH($A$2,$E$80:$CY$80,0))&" ---> "&INDEX($E$82:$CY$96,MATCH($B36,$D$82:$D$96,0),MATCH($A$1,$E$80:$CY$80,0)),"-") -> - | D36: =IFERROR(INDEX($E$100:$CY$113,MATCH($B36,$D$100:$D$113,0),MATCH($A$2,$E$98:$CY$98,0))&" ---> "&INDEX($E$100:$CY$113,MATCH($B36,$D$100:$D$113,0),MATCH($A$1,$E$98:$CY$98,0)),"-") -> - | E36: =IFERROR(INDEX($E$117:$CY$130,MATCH($B36,$D$117:$D$130,0),MATCH($A$2,$E$115:$CY$115,0))&" ---> "&INDEX($E$117:$CY$130,MATCH($B36,$D$117:$D$130,0),MATCH($A$1,$E$115:$CY$115,0)),"-") -> - | F36: =IFERROR(INDEX($E$134:$CY$147,MATCH($B36,$D$134:$D$147,0),MATCH($A$2,$E$132:$CY$132,0))&" ---> "&INDEX($E$134:$CY$147,MATCH($B36,$D$134:$D$147,0),MATCH($A$1,$E$132:$CY$132,0)),"-") -> - | G36: =IFERROR(INDEX($E$151:$CY$164,MATCH($B36,$D$151:$D$164,0),MATCH($A$2,$E$149:$CY$149,0))&" ---> "&INDEX($E$151:$CY$164,MATCH($B36,$D$151:$D$164,0),MATCH($A$1,$E$149:$CY$149,0)),"-") -> - | H36: =IFERROR(INDEX($E$169:$CY$182,MATCH($B36,$D$169:$D$182,0),MATCH($A$2,$E$167:$CY$167,0))&" ---> "&INDEX($E$169:$CY$182,MATCH($B36,$D$169:$D$182,0),MATCH($A$1,$E$167:$CY$167,0)),"-") -> - | I36: =IFERROR(INDEX($E$186:$CY$224,MATCH($B36,$D$186:$D$224,0),MATCH($A$2,$E$184:$CY$184,0))&" ---> "&INDEX($E$186:$CY$224,MATCH($B36,$D$186:$D$224,0),MATCH($A$1,$E$184:$CY$184,0)),"-") -> 4 ---> 8 | J36: =IFERROR(INDEX($E$228:$BK$243,MATCH($B36,$D$228:$D$243,0),MATCH($A$2,$E$226:$BK$226,0))&" ---> "&INDEX($E$228:$BK$243,MATCH($B36,$D$228:$D$243,0),MATCH($A$1,$E$226:$BK$226,0)),"-") -> - | K36: =IFERROR(INDEX($E$246:$CY$260,MATCH($B36,$D$246:$D$260,0),MATCH($A$2,$E$244:$CY$244,0))&" ---> "&INDEX($E$246:$CY$260,MATCH($B36,$D$246:$D$260,0),MATCH($A$1,$E$244:$CY$244,0)),"-") -> - | L36: =IFERROR(INDEX($E$268:$CY$293,MATCH($B36,$D$268:$D$293,0),MATCH($A$2,$E$266:$CY$266,0))&" ---> "&INDEX($E$268:$CY$293,MATCH($B36,$D$268:$D$293,0),MATCH($A$1,$E$266:$CY$266,0)),"-") -> -
B37: =IFERROR(__xludf.DUMMYFUNCTION("""COMPUTED_VALUE"""),"Antisarro x 5 L ") -> Antisarro x 5 L | C37: =IFERROR(INDEX($E$82:$CY$96,MATCH($B37,$D$82:$D$96,0),MATCH($A$2,$E$80:$CY$80,0))&" ---> "&INDEX($E$82:$CY$96,MATCH($B37,$D$82:$D$96,0),MATCH($A$1,$E$80:$CY$80,0)),"-") -> - | D37: =IFERROR(INDEX($E$100:$CY$113,MATCH($B37,$D$100:$D$113,0),MATCH($A$2,$E$98:$CY$98,0))&" ---> "&INDEX($E$100:$CY$113,MATCH($B37,$D$100:$D$113,0),MATCH($A$1,$E$98:$CY$98,0)),"-") -> - | E37: =IFERROR(INDEX($E$117:$CY$130,MATCH($B37,$D$117:$D$130,0),MATCH($A$2,$E$115:$CY$115,0))&" ---> "&INDEX($E$117:$CY$130,MATCH($B37,$D$117:$D$130,0),MATCH($A$1,$E$115:$CY$115,0)),"-") -> - | F37: =IFERROR(INDEX($E$134:$CY$147,MATCH($B37,$D$134:$D$147,0),MATCH($A$2,$E$132:$CY$132,0))&" ---> "&INDEX($E$134:$CY$147,MATCH($B37,$D$134:$D$147,0),MATCH($A$1,$E$132:$CY$132,0)),"-") -> - | G37: =IFERROR(INDEX($E$151:$CY$164,MATCH($B37,$D$151:$D$164,0),MATCH($A$2,$E$149:$CY$149,0))&" ---> "&INDEX($E$151:$CY$164,MATCH($B37,$D$151:$D$164,0),MATCH($A$1,$E$149:$CY$149,0)),"-") -> - | H37: =IFERROR(INDEX($E$169:$CY$182,MATCH($B37,$D$169:$D$182,0),MATCH($A$2,$E$167:$CY$167,0))&" ---> "&INDEX($E$169:$CY$182,MATCH($B37,$D$169:$D$182,0),MATCH($A$1,$E$167:$CY$167,0)),"-") -> - | I37: =IFERROR(INDEX($E$186:$CY$224,MATCH($B37,$D$186:$D$224,0),MATCH($A$2,$E$184:$CY$184,0))&" ---> "&INDEX($E$186:$CY$224,MATCH($B37,$D$186:$D$224,0),MATCH($A$1,$E$184:$CY$184,0)),"-") -> 2 ---> 2 | J37: =IFERROR(INDEX($E$228:$BK$243,MATCH($B37,$D$228:$D$243,0),MATCH($A$2,$E$226:$BK$226,0))&" ---> "&INDEX($E$228:$BK$243,MATCH($B37,$D$228:$D$243,0),MATCH($A$1,$E$226:$BK$226,0)),"-") -> - | K37: =IFERROR(INDEX($E$246:$CY$260,MATCH($B37,$D$246:$D$260,0),MATCH($A$2,$E$244:$CY$244,0))&" ---> "&INDEX($E$246:$CY$260,MATCH($B37,$D$246:$D$260,0),MATCH($A$1,$E$244:$CY$244,0)),"-") -> - | L37: =IFERROR(INDEX($E$268:$CY$293,MATCH($B37,$D$268:$D$293,0),MATCH($A$2,$E$266:$CY$266,0))&" ---> "&INDEX($E$268:$CY$293,MATCH($B37,$D$268:$D$293,0),MATCH($A$1,$E$266:$CY$266,0)),"-") -> -
B38: =IFERROR(__xludf.DUMMYFUNCTION("""COMPUTED_VALUE"""),"Guantes ") -> Guantes | C38: =IFERROR(INDEX($E$82:$CY$96,MATCH($B38,$D$82:$D$96,0),MATCH($A$2,$E$80:$CY$80,0))&" ---> "&INDEX($E$82:$CY$96,MATCH($B38,$D$82:$D$96,0),MATCH($A$1,$E$80:$CY$80,0)),"-") -> - | D38: =IFERROR(INDEX($E$100:$CY$113,MATCH($B38,$D$100:$D$113,0),MATCH($A$2,$E$98:$CY$98,0))&" ---> "&INDEX($E$100:$CY$113,MATCH($B38,$D$100:$D$113,0),MATCH($A$1,$E$98:$CY$98,0)),"-") -> - | E38: =IFERROR(INDEX($E$117:$CY$130,MATCH($B38,$D$117:$D$130,0),MATCH($A$2,$E$115:$CY$115,0))&" ---> "&INDEX($E$117:$CY$130,MATCH($B38,$D$117:$D$130,0),MATCH($A$1,$E$115:$CY$115,0)),"-") -> - | F38: =IFERROR(INDEX($E$134:$CY$147,MATCH($B38,$D$134:$D$147,0),MATCH($A$2,$E$132:$CY$132,0))&" ---> "&INDEX($E$134:$CY$147,MATCH($B38,$D$134:$D$147,0),MATCH($A$1,$E$132:$CY$132,0)),"-") -> - | G38: =IFERROR(INDEX($E$151:$CY$164,MATCH($B38,$D$151:$D$164,0),MATCH($A$2,$E$149:$CY$149,0))&" ---> "&INDEX($E$151:$CY$164,MATCH($B38,$D$151:$D$164,0),MATCH($A$1,$E$149:$CY$149,0)),"-") -> - | H38: =IFERROR(INDEX($E$169:$CY$182,MATCH($B38,$D$169:$D$182,0),MATCH($A$2,$E$167:$CY$167,0))&" ---> "&INDEX($E$169:$CY$182,MATCH($B38,$D$169:$D$182,0),MATCH($A$1,$E$167:$CY$167,0)),"-") -> - | I38: =IFERROR(INDEX($E$186:$CY$224,MATCH($B38,$D$186:$D$224,0),MATCH($A$2,$E$184:$CY$184,0))&" ---> "&INDEX($E$186:$CY$224,MATCH($B38,$D$186:$D$224,0),MATCH($A$1,$E$184:$CY$184,0)),"-") -> 8 ---> 7 | J38: =IFERROR(INDEX($E$228:$BK$243,MATCH($B38,$D$228:$D$243,0),MATCH($A$2,$E$226:$BK$226,0))&" ---> "&INDEX($E$228:$BK$243,MATCH($B38,$D$228:$D$243,0),MATCH($A$1,$E$226:$BK$226,0)),"-") -> - | K38: =IFERROR(INDEX($E$246:$CY$260,MATCH($B38,$D$246:$D$260,0),MATCH($A$2,$E$244:$CY$244,0))&" ---> "&INDEX($E$246:$CY$260,MATCH($B38,$D$246:$D$260,0),MATCH($A$1,$E$244:$CY$244,0)),"-") -> - | L38: =IFERROR(INDEX($E$268:$CY$293,MATCH($B38,$D$268:$D$293,0),MATCH($A$2,$E$266:$CY$266,0))&" ---> "&INDEX($E$268:$CY$293,MATCH($B38,$D$268:$D$293,0),MATCH($A$1,$E$266:$CY$266,0)),"-") -> -
B39: =IFERROR(__xludf.DUMMYFUNCTION("""COMPUTED_VALUE"""),"Jabon Liquido x 5L") -> Jabon Liquido x 5L | C39: =IFERROR(INDEX($E$82:$CY$96,MATCH($B39,$D$82:$D$96,0),MATCH($A$2,$E$80:$CY$80,0))&" ---> "&INDEX($E$82:$CY$96,MATCH($B39,$D$82:$D$96,0),MATCH($A$1,$E$80:$CY$80,0)),"-") -> - | D39: =IFERROR(INDEX($E$100:$CY$113,MATCH($B39,$D$100:$D$113,0),MATCH($A$2,$E$98:$CY$98,0))&" ---> "&INDEX($E$100:$CY$113,MATCH($B39,$D$100:$D$113,0),MATCH($A$1,$E$98:$CY$98,0)),"-") -> - | E39: =IFERROR(INDEX($E$117:$CY$130,MATCH($B39,$D$117:$D$130,0),MATCH($A$2,$E$115:$CY$115,0))&" ---> "&INDEX($E$117:$CY$130,MATCH($B39,$D$117:$D$130,0),MATCH($A$1,$E$115:$CY$115,0)),"-") -> - | F39: =IFERROR(INDEX($E$134:$CY$147,MATCH($B39,$D$134:$D$147,0),MATCH($A$2,$E$132:$CY$132,0))&" ---> "&INDEX($E$134:$CY$147,MATCH($B39,$D$134:$D$147,0),MATCH($A$1,$E$132:$CY$132,0)),"-") -> - | G39: =IFERROR(INDEX($E$151:$CY$164,MATCH($B39,$D$151:$D$164,0),MATCH($A$2,$E$149:$CY$149,0))&" ---> "&INDEX($E$151:$CY$164,MATCH($B39,$D$151:$D$164,0),MATCH($A$1,$E$149:$CY$149,0)),"-") -> - | H39: =IFERROR(INDEX($E$169:$CY$182,MATCH($B39,$D$169:$D$182,0),MATCH($A$2,$E$167:$CY$167,0))&" ---> "&INDEX($E$169:$CY$182,MATCH($B39,$D$169:$D$182,0),MATCH($A$1,$E$167:$CY$167,0)),"-") -> - | I39: =IFERROR(INDEX($E$186:$CY$224,MATCH($B39,$D$186:$D$224,0),MATCH($A$2,$E$184:$CY$184,0))&" ---> "&INDEX($E$186:$CY$224,MATCH($B39,$D$186:$D$224,0),MATCH($A$1,$E$184:$CY$184,0)),"-") -> 2 ---> 2 | J39: =IFERROR(INDEX($E$228:$BK$243,MATCH($B39,$D$228:$D$243,0),MATCH($A$2,$E$226:$BK$226,0))&" ---> "&INDEX($E$228:$BK$243,MATCH($B39,$D$228:$D$243,0),MATCH($A$1,$E$226:$BK$226,0)),"-") -> - | K39: =IFERROR(INDEX($E$246:$CY$260,MATCH($B39,$D$246:$D$260,0),MATCH($A$2,$E$244:$CY$244,0))&" ---> "&INDEX($E$246:$CY$260,MATCH($B39,$D$246:$D$260,0),MATCH($A$1,$E$244:$CY$244,0)),"-") -> - | L39: =IFERROR(INDEX($E$268:$CY$293,MATCH($B39,$D$268:$D$293,0),MATCH($A$2,$E$266:$CY$266,0))&" ---> "&INDEX($E$268:$CY$293,MATCH($B39,$D$268:$D$293,0),MATCH($A$1,$E$266:$CY$266,0)),"-") -> -
B40: =IFERROR(__xludf.DUMMYFUNCTION("""COMPUTED_VALUE"""),"Jabon Lavaloza x 5L") -> Jabon Lavaloza x 5L | C40: =IFERROR(INDEX($E$82:$CY$96,MATCH($B40,$D$82:$D$96,0),MATCH($A$2,$E$80:$CY$80,0))&" ---> "&INDEX($E$82:$CY$96,MATCH($B40,$D$82:$D$96,0),MATCH($A$1,$E$80:$CY$80,0)),"-") -> - | D40: =IFERROR(INDEX($E$100:$CY$113,MATCH($B40,$D$100:$D$113,0),MATCH($A$2,$E$98:$CY$98,0))&" ---> "&INDEX($E$100:$CY$113,MATCH($B40,$D$100:$D$113,0),MATCH($A$1,$E$98:$CY$98,0)),"-") -> - | E40: =IFERROR(INDEX($E$117:$CY$130,MATCH($B40,$D$117:$D$130,0),MATCH($A$2,$E$115:$CY$115,0))&" ---> "&INDEX($E$117:$CY$130,MATCH($B40,$D$117:$D$130,0),MATCH($A$1,$E$115:$CY$115,0)),"-") -> - | F40: =IFERROR(INDEX($E$134:$CY$147,MATCH($B40,$D$134:$D$147,0),MATCH($A$2,$E$132:$CY$132,0))&" ---> "&INDEX($E$134:$CY$147,MATCH($B40,$D$134:$D$147,0),MATCH($A$1,$E$132:$CY$132,0)),"-") -> - | G40: =IFERROR(INDEX($E$151:$CY$164,MATCH($B40,$D$151:$D$164,0),MATCH($A$2,$E$149:$CY$149,0))&" ---> "&INDEX($E$151:$CY$164,MATCH($B40,$D$151:$D$164,0),MATCH($A$1,$E$149:$CY$149,0)),"-") -> - | H40: =IFERROR(INDEX($E$169:$CY$182,MATCH($B40,$D$169:$D$182,0),MATCH($A$2,$E$167:$CY$167,0))&" ---> "&INDEX($E$169:$CY$182,MATCH($B40,$D$169:$D$182,0),MATCH($A$1,$E$167:$CY$167,0)),"-") -> - | I40: =IFERROR(INDEX($E$186:$CY$224,MATCH($B40,$D$186:$D$224,0),MATCH($A$2,$E$184:$CY$184,0))&" ---> "&INDEX($E$186:$CY$224,MATCH($B40,$D$186:$D$224,0),MATCH($A$1,$E$184:$CY$184,0)),"-") -> 3 ---> 3 | J40: =IFERROR(INDEX($E$228:$BK$243,MATCH($B40,$D$228:$D$243,0),MATCH($A$2,$E$226:$BK$226,0))&" ---> "&INDEX($E$228:$BK$243,MATCH($B40,$D$228:$D$243,0),MATCH($A$1,$E$226:$BK$226,0)),"-") -> - | K40: =IFERROR(INDEX($E$246:$CY$260,MATCH($B40,$D$246:$D$260,0),MATCH($A$2,$E$244:$CY$244,0))&" ---> "&INDEX($E$246:$CY$260,MATCH($B40,$D$246:$D$260,0),MATCH($A$1,$E$244:$CY$244,0)),"-") -> - | L40: =IFERROR(INDEX($E$268:$CY$293,MATCH($B40,$D$268:$D$293,0),MATCH($A$2,$E$266:$CY$266,0))&" ---> "&INDEX($E$268:$CY$293,MATCH($B40,$D$268:$D$293,0),MATCH($A$1,$E$266:$CY$266,0)),"-") -> -
B41: =IFERROR(__xludf.DUMMYFUNCTION("""COMPUTED_VALUE"""),"Antigrasa x 5L") -> Antigrasa x 5L | C41: =IFERROR(INDEX($E$82:$CY$96,MATCH($B41,$D$82:$D$96,0),MATCH($A$2,$E$80:$CY$80,0))&" ---> "&INDEX($E$82:$CY$96,MATCH($B41,$D$82:$D$96,0),MATCH($A$1,$E$80:$CY$80,0)),"-") -> - | D41: =IFERROR(INDEX($E$100:$CY$113,MATCH($B41,$D$100:$D$113,0),MATCH($A$2,$E$98:$CY$98,0))&" ---> "&INDEX($E$100:$CY$113,MATCH($B41,$D$100:$D$113,0),MATCH($A$1,$E$98:$CY$98,0)),"-") -> - | E41: =IFERROR(INDEX($E$117:$CY$130,MATCH($B41,$D$117:$D$130,0),MATCH($A$2,$E$115:$CY$115,0))&" ---> "&INDEX($E$117:$CY$130,MATCH($B41,$D$117:$D$130,0),MATCH($A$1,$E$115:$CY$115,0)),"-") -> - | F41: =IFERROR(INDEX($E$134:$CY$147,MATCH($B41,$D$134:$D$147,0),MATCH($A$2,$E$132:$CY$132,0))&" ---> "&INDEX($E$134:$CY$147,MATCH($B41,$D$134:$D$147,0),MATCH($A$1,$E$132:$CY$132,0)),"-") -> - | G41: =IFERROR(INDEX($E$151:$CY$164,MATCH($B41,$D$151:$D$164,0),MATCH($A$2,$E$149:$CY$149,0))&" ---> "&INDEX($E$151:$CY$164,MATCH($B41,$D$151:$D$164,0),MATCH($A$1,$E$149:$CY$149,0)),"-") -> - | H41: =IFERROR(INDEX($E$169:$CY$182,MATCH($B41,$D$169:$D$182,0),MATCH($A$2,$E$167:$CY$167,0))&" ---> "&INDEX($E$169:$CY$182,MATCH($B41,$D$169:$D$182,0),MATCH($A$1,$E$167:$CY$167,0)),"-") -> - | I41: =IFERROR(INDEX($E$186:$CY$224,MATCH($B41,$D$186:$D$224,0),MATCH($A$2,$E$184:$CY$184,0))&" ---> "&INDEX($E$186:$CY$224,MATCH($B41,$D$186:$D$224,0),MATCH($A$1,$E$184:$CY$184,0)),"-") -> 2 ---> 2 | J41: =IFERROR(INDEX($E$228:$BK$243,MATCH($B41,$D$228:$D$243,0),MATCH($A$2,$E$226:$BK$226,0))&" ---> "&INDEX($E$228:$BK$243,MATCH($B41,$D$228:$D$243,0),MATCH($A$1,$E$226:$BK$226,0)),"-") -> - | K41: =IFERROR(INDEX($E$246:$CY$260,MATCH($B41,$D$246:$D$260,0),MATCH($A$2,$E$244:$CY$244,0))&" ---> "&INDEX($E$246:$CY$260,MATCH($B41,$D$246:$D$260,0),MATCH($A$1,$E$244:$CY$244,0)),"-") -> - | L41: =IFERROR(INDEX($E$268:$CY$293,MATCH($B41,$D$268:$D$293,0),MATCH($A$2,$E$266:$CY$266,0))&" ---> "&INDEX($E$268:$CY$293,MATCH($B41,$D$268:$D$293,0),MATCH($A$1,$E$266:$CY$266,0)),"-") -> -
B42: =IFERROR(__xludf.DUMMYFUNCTION("""COMPUTED_VALUE"""),"Lavavajillas") -> Lavavajillas | C42: =IFERROR(INDEX($E$82:$CY$96,MATCH($B42,$D$82:$D$96,0),MATCH($A$2,$E$80:$CY$80,0))&" ---> "&INDEX($E$82:$CY$96,MATCH($B42,$D$82:$D$96,0),MATCH($A$1,$E$80:$CY$80,0)),"-") -> - | D42: =IFERROR(INDEX($E$100:$CY$113,MATCH($B42,$D$100:$D$113,0),MATCH($A$2,$E$98:$CY$98,0))&" ---> "&INDEX($E$100:$CY$113,MATCH($B42,$D$100:$D$113,0),MATCH($A$1,$E$98:$CY$98,0)),"-") -> - | E42: =IFERROR(INDEX($E$117:$CY$130,MATCH($B42,$D$117:$D$130,0),MATCH($A$2,$E$115:$CY$115,0))&" ---> "&INDEX($E$117:$CY$130,MATCH($B42,$D$117:$D$130,0),MATCH($A$1,$E$115:$CY$115,0)),"-") -> - | F42: =IFERROR(INDEX($E$134:$CY$147,MATCH($B42,$D$134:$D$147,0),MATCH($A$2,$E$132:$CY$132,0))&" ---> "&INDEX($E$134:$CY$147,MATCH($B42,$D$134:$D$147,0),MATCH($A$1,$E$132:$CY$132,0)),"-") -> - | G42: =IFERROR(INDEX($E$151:$CY$164,MATCH($B42,$D$151:$D$164,0),MATCH($A$2,$E$149:$CY$149,0))&" ---> "&INDEX($E$151:$CY$164,MATCH($B42,$D$151:$D$164,0),MATCH($A$1,$E$149:$CY$149,0)),"-") -> - | H42: =IFERROR(INDEX($E$169:$CY$182,MATCH($B42,$D$169:$D$182,0),MATCH($A$2,$E$167:$CY$167,0))&" ---> "&INDEX($E$169:$CY$182,MATCH($B42,$D$169:$D$182,0),MATCH($A$1,$E$167:$CY$167,0)),"-") -> - | I42: =IFERROR(INDEX($E$186:$CY$224,MATCH($B42,$D$186:$D$224,0),MATCH($A$2,$E$184:$CY$184,0))&" ---> "&INDEX($E$186:$CY$224,MATCH($B42,$D$186:$D$224,0),MATCH($A$1,$E$184:$CY$184,0)),"-") -> 12 ---> 12 | J42: =IFERROR(INDEX($E$228:$BK$243,MATCH($B42,$D$228:$D$243,0),MATCH($A$2,$E$226:$BK$226,0))&" ---> "&INDEX($E$228:$BK$243,MATCH($B42,$D$228:$D$243,0),MATCH($A$1,$E$226:$BK$226,0)),"-") -> - | K42: =IFERROR(INDEX($E$246:$CY$260,MATCH($B42,$D$246:$D$260,0),MATCH($A$2,$E$244:$CY$244,0))&" ---> "&INDEX($E$246:$CY$260,MATCH($B42,$D$246:$D$260,0),MATCH($A$1,$E$244:$CY$244,0)),"-") -> - | L42: =IFERROR(INDEX($E$268:$CY$293,MATCH($B42,$D$268:$D$293,0),MATCH($A$2,$E$266:$CY$266,0))&" ---> "&INDEX($E$268:$CY$293,MATCH($B42,$D$268:$D$293,0),MATCH($A$1,$E$266:$CY$266,0)),"-") -> -
B43: =IFERROR(__xludf.DUMMYFUNCTION("""COMPUTED_VALUE"""),"Limpia Vidrios") -> Limpia Vidrios | C43: =IFERROR(INDEX($E$82:$CY$96,MATCH($B43,$D$82:$D$96,0),MATCH($A$2,$E$80:$CY$80,0))&" ---> "&INDEX($E$82:$CY$96,MATCH($B43,$D$82:$D$96,0),MATCH($A$1,$E$80:$CY$80,0)),"-") -> - | D43: =IFERROR(INDEX($E$100:$CY$113,MATCH($B43,$D$100:$D$113,0),MATCH($A$2,$E$98:$CY$98,0))&" ---> "&INDEX($E$100:$CY$113,MATCH($B43,$D$100:$D$113,0),MATCH($A$1,$E$98:$CY$98,0)),"-") -> - | E43: =IFERROR(INDEX($E$117:$CY$130,MATCH($B43,$D$117:$D$130,0),MATCH($A$2,$E$115:$CY$115,0))&" ---> "&INDEX($E$117:$CY$130,MATCH($B43,$D$117:$D$130,0),MATCH($A$1,$E$115:$CY$115,0)),"-") -> - | F43: =IFERROR(INDEX($E$134:$CY$147,MATCH($B43,$D$134:$D$147,0),MATCH($A$2,$E$132:$CY$132,0))&" ---> "&INDEX($E$134:$CY$147,MATCH($B43,$D$134:$D$147,0),MATCH($A$1,$E$132:$CY$132,0)),"-") -> - | G43: =IFERROR(INDEX($E$151:$CY$164,MATCH($B43,$D$151:$D$164,0),MATCH($A$2,$E$149:$CY$149,0))&" ---> "&INDEX($E$151:$CY$164,MATCH($B43,$D$151:$D$164,0),MATCH($A$1,$E$149:$CY$149,0)),"-") -> - | H43: =IFERROR(INDEX($E$169:$CY$182,MATCH($B43,$D$169:$D$182,0),MATCH($A$2,$E$167:$CY$167,0))&" ---> "&INDEX($E$169:$CY$182,MATCH($B43,$D$169:$D$182,0),MATCH($A$1,$E$167:$CY$167,0)),"-") -> - | I43: =IFERROR(INDEX($E$186:$CY$224,MATCH($B43,$D$186:$D$224,0),MATCH($A$2,$E$184:$CY$184,0))&" ---> "&INDEX($E$186:$CY$224,MATCH($B43,$D$186:$D$224,0),MATCH($A$1,$E$184:$CY$184,0)),"-") -> 2 ---> 2 | J43: =IFERROR(INDEX($E$228:$BK$243,MATCH($B43,$D$228:$D$243,0),MATCH($A$2,$E$226:$BK$226,0))&" ---> "&INDEX($E$228:$BK$243,MATCH($B43,$D$228:$D$243,0),MATCH($A$1,$E$226:$BK$226,0)),"-") -> - | K43: =IFERROR(INDEX($E$246:$CY$260,MATCH($B43,$D$246:$D$260,0),MATCH($A$2,$E$244:$CY$244,0))&" ---> "&INDEX($E$246:$CY$260,MATCH($B43,$D$246:$D$260,0),MATCH($A$1,$E$244:$CY$244,0)),"-") -> - | L43: =IFERROR(INDEX($E$268:$CY$293,MATCH($B43,$D$268:$D$293,0),MATCH($A$2,$E$266:$CY$266,0))&" ---> "&INDEX($E$268:$CY$293,MATCH($B43,$D$268:$D$293,0),MATCH($A$1,$E$266:$CY$266,0)),"-") -> -
B44: =IFERROR(__xludf.DUMMYFUNCTION("""COMPUTED_VALUE"""),"Lisoform") -> Lisoform | C44: =IFERROR(INDEX($E$82:$CY$96,MATCH($B44,$D$82:$D$96,0),MATCH($A$2,$E$80:$CY$80,0))&" ---> "&INDEX($E$82:$CY$96,MATCH($B44,$D$82:$D$96,0),MATCH($A$1,$E$80:$CY$80,0)),"-") -> - | D44: =IFERROR(INDEX($E$100:$CY$113,MATCH($B44,$D$100:$D$113,0),MATCH($A$2,$E$98:$CY$98,0))&" ---> "&INDEX($E$100:$CY$113,MATCH($B44,$D$100:$D$113,0),MATCH($A$1,$E$98:$CY$98,0)),"-") -> - | E44: =IFERROR(INDEX($E$117:$CY$130,MATCH($B44,$D$117:$D$130,0),MATCH($A$2,$E$115:$CY$115,0))&" ---> "&INDEX($E$117:$CY$130,MATCH($B44,$D$117:$D$130,0),MATCH($A$1,$E$115:$CY$115,0)),"-") -> - | F44: =IFERROR(INDEX($E$134:$CY$147,MATCH($B44,$D$134:$D$147,0),MATCH($A$2,$E$132:$CY$132,0))&" ---> "&INDEX($E$134:$CY$147,MATCH($B44,$D$134:$D$147,0),MATCH($A$1,$E$132:$CY$132,0)),"-") -> - | G44: =IFERROR(INDEX($E$151:$CY$164,MATCH($B44,$D$151:$D$164,0),MATCH($A$2,$E$149:$CY$149,0))&" ---> "&INDEX($E$151:$CY$164,MATCH($B44,$D$151:$D$164,0),MATCH($A$1,$E$149:$CY$149,0)),"-") -> - | H44: =IFERROR(INDEX($E$169:$CY$182,MATCH($B44,$D$169:$D$182,0),MATCH($A$2,$E$167:$CY$167,0))&" ---> "&INDEX($E$169:$CY$182,MATCH($B44,$D$169:$D$182,0),MATCH($A$1,$E$167:$CY$167,0)),"-") -> - | I44: =IFERROR(INDEX($E$186:$CY$224,MATCH($B44,$D$186:$D$224,0),MATCH($A$2,$E$184:$CY$184,0))&" ---> "&INDEX($E$186:$CY$224,MATCH($B44,$D$186:$D$224,0),MATCH($A$1,$E$184:$CY$184,0)),"-") -> 0 ---> 0 | J44: =IFERROR(INDEX($E$228:$BK$243,MATCH($B44,$D$228:$D$243,0),MATCH($A$2,$E$226:$BK$226,0))&" ---> "&INDEX($E$228:$BK$243,MATCH($B44,$D$228:$D$243,0),MATCH($A$1,$E$226:$BK$226,0)),"-") -> - | K44: =IFERROR(INDEX($E$246:$CY$260,MATCH($B44,$D$246:$D$260,0),MATCH($A$2,$E$244:$CY$244,0))&" ---> "&INDEX($E$246:$CY$260,MATCH($B44,$D$246:$D$260,0),MATCH($A$1,$E$244:$CY$244,0)),"-") -> - | L44: =IFERROR(INDEX($E$268:$CY$293,MATCH($B44,$D$268:$D$293,0),MATCH($A$2,$E$266:$CY$266,0))&" ---> "&INDEX($E$268:$CY$293,MATCH($B44,$D$268:$D$293,0),MATCH($A$1,$E$266:$CY$266,0)),"-") -> -
B45: =IFERROR(__xludf.DUMMYFUNCTION("""COMPUTED_VALUE"""),"Lustra Muebles ") -> Lustra Muebles | C45: =IFERROR(INDEX($E$82:$CY$96,MATCH($B45,$D$82:$D$96,0),MATCH($A$2,$E$80:$CY$80,0))&" ---> "&INDEX($E$82:$CY$96,MATCH($B45,$D$82:$D$96,0),MATCH($A$1,$E$80:$CY$80,0)),"-") -> - | D45: =IFERROR(INDEX($E$100:$CY$113,MATCH($B45,$D$100:$D$113,0),MATCH($A$2,$E$98:$CY$98,0))&" ---> "&INDEX($E$100:$CY$113,MATCH($B45,$D$100:$D$113,0),MATCH($A$1,$E$98:$CY$98,0)),"-") -> - | E45: =IFERROR(INDEX($E$117:$CY$130,MATCH($B45,$D$117:$D$130,0),MATCH($A$2,$E$115:$CY$115,0))&" ---> "&INDEX($E$117:$CY$130,MATCH($B45,$D$117:$D$130,0),MATCH($A$1,$E$115:$CY$115,0)),"-") -> - | F45: =IFERROR(INDEX($E$134:$CY$147,MATCH($B45,$D$134:$D$147,0),MATCH($A$2,$E$132:$CY$132,0))&" ---> "&INDEX($E$134:$CY$147,MATCH($B45,$D$134:$D$147,0),MATCH($A$1,$E$132:$CY$132,0)),"-") -> - | G45: =IFERROR(INDEX($E$151:$CY$164,MATCH($B45,$D$151:$D$164,0),MATCH($A$2,$E$149:$CY$149,0))&" ---> "&INDEX($E$151:$CY$164,MATCH($B45,$D$151:$D$164,0),MATCH($A$1,$E$149:$CY$149,0)),"-") -> - | H45: =IFERROR(INDEX($E$169:$CY$182,MATCH($B45,$D$169:$D$182,0),MATCH($A$2,$E$167:$CY$167,0))&" ---> "&INDEX($E$169:$CY$182,MATCH($B45,$D$169:$D$182,0),MATCH($A$1,$E$167:$CY$167,0)),"-") -> - | I45: =IFERROR(INDEX($E$186:$CY$224,MATCH($B45,$D$186:$D$224,0),MATCH($A$2,$E$184:$CY$184,0))&" ---> "&INDEX($E$186:$CY$224,MATCH($B45,$D$186:$D$224,0),MATCH($A$1,$E$184:$CY$184,0)),"-") -> 4 ---> 4 | J45: =IFERROR(INDEX($E$228:$BK$243,MATCH($B45,$D$228:$D$243,0),MATCH($A$2,$E$226:$BK$226,0))&" ---> "&INDEX($E$228:$BK$243,MATCH($B45,$D$228:$D$243,0),MATCH($A$1,$E$226:$BK$226,0)),"-") -> - | K45: =IFERROR(INDEX($E$246:$CY$260,MATCH($B45,$D$246:$D$260,0),MATCH($A$2,$E$244:$CY$244,0))&" ---> "&INDEX($E$246:$CY$260,MATCH($B45,$D$246:$D$260,0),MATCH($A$1,$E$244:$CY$244,0)),"-") -> - | L45: =IFERROR(INDEX($E$268:$CY$293,MATCH($B45,$D$268:$D$293,0),MATCH($A$2,$E$266:$CY$266,0))&" ---> "&INDEX($E$268:$CY$293,MATCH($B45,$D$268:$D$293,0),MATCH($A$1,$E$266:$CY$266,0)),"-") -> -
B46: =IFERROR(__xludf.DUMMYFUNCTION("""COMPUTED_VALUE"""),"Mopa Avion") -> Mopa Avion | C46: =IFERROR(INDEX($E$82:$CY$96,MATCH($B46,$D$82:$D$96,0),MATCH($A$2,$E$80:$CY$80,0))&" ---> "&INDEX($E$82:$CY$96,MATCH($B46,$D$82:$D$96,0),MATCH($A$1,$E$80:$CY$80,0)),"-") -> - | D46: =IFERROR(INDEX($E$100:$CY$113,MATCH($B46,$D$100:$D$113,0),MATCH($A$2,$E$98:$CY$98,0))&" ---> "&INDEX($E$100:$CY$113,MATCH($B46,$D$100:$D$113,0),MATCH($A$1,$E$98:$CY$98,0)),"-") -> - | E46: =IFERROR(INDEX($E$117:$CY$130,MATCH($B46,$D$117:$D$130,0),MATCH($A$2,$E$115:$CY$115,0))&" ---> "&INDEX($E$117:$CY$130,MATCH($B46,$D$117:$D$130,0),MATCH($A$1,$E$115:$CY$115,0)),"-") -> - | F46: =IFERROR(INDEX($E$134:$CY$147,MATCH($B46,$D$134:$D$147,0),MATCH($A$2,$E$132:$CY$132,0))&" ---> "&INDEX($E$134:$CY$147,MATCH($B46,$D$134:$D$147,0),MATCH($A$1,$E$132:$CY$132,0)),"-") -> - | G46: =IFERROR(INDEX($E$151:$CY$164,MATCH($B46,$D$151:$D$164,0),MATCH($A$2,$E$149:$CY$149,0))&" ---> "&INDEX($E$151:$CY$164,MATCH($B46,$D$151:$D$164,0),MATCH($A$1,$E$149:$CY$149,0)),"-") -> - | H46: =IFERROR(INDEX($E$169:$CY$182,MATCH($B46,$D$169:$D$182,0),MATCH($A$2,$E$167:$CY$167,0))&" ---> "&INDEX($E$169:$CY$182,MATCH($B46,$D$169:$D$182,0),MATCH($A$1,$E$167:$CY$167,0)),"-") -> - | I46: =IFERROR(INDEX($E$186:$CY$224,MATCH($B46,$D$186:$D$224,0),MATCH($A$2,$E$184:$CY$184,0))&" ---> "&INDEX($E$186:$CY$224,MATCH($B46,$D$186:$D$224,0),MATCH($A$1,$E$184:$CY$184,0)),"-") -> 1 ---> 1 | J46: =IFERROR(INDEX($E$228:$BK$243,MATCH($B46,$D$228:$D$243,0),MATCH($A$2,$E$226:$BK$226,0))&" ---> "&INDEX($E$228:$BK$243,MATCH($B46,$D$228:$D$243,0),MATCH($A$1,$E$226:$BK$226,0)),"-") -> - | K46: =IFERROR(INDEX($E$246:$CY$260,MATCH($B46,$D$246:$D$260,0),MATCH($A$2,$E$244:$CY$244,0))&" ---> "&INDEX($E$246:$CY$260,MATCH($B46,$D$246:$D$260,0),MATCH($A$1,$E$244:$CY$244,0)),"-") -> - | L46: =IFERROR(INDEX($E$268:$CY$293,MATCH($B46,$D$268:$D$293,0),MATCH($A$2,$E$266:$CY$266,0))&" ---> "&INDEX($E$268:$CY$293,MATCH($B46,$D$268:$D$293,0),MATCH($A$1,$E$266:$CY$266,0)),"-") -> -
B47: =IFERROR(__xludf.DUMMYFUNCTION("""COMPUTED_VALUE"""),"Mopa Humeda") -> Mopa Humeda | C47: =IFERROR(INDEX($E$82:$CY$96,MATCH($B47,$D$82:$D$96,0),MATCH($A$2,$E$80:$CY$80,0))&" ---> "&INDEX($E$82:$CY$96,MATCH($B47,$D$82:$D$96,0),MATCH($A$1,$E$80:$CY$80,0)),"-") -> - | D47: =IFERROR(INDEX($E$100:$CY$113,MATCH($B47,$D$100:$D$113,0),MATCH($A$2,$E$98:$CY$98,0))&" ---> "&INDEX($E$100:$CY$113,MATCH($B47,$D$100:$D$113,0),MATCH($A$1,$E$98:$CY$98,0)),"-") -> - | E47: =IFERROR(INDEX($E$117:$CY$130,MATCH($B47,$D$117:$D$130,0),MATCH($A$2,$E$115:$CY$115,0))&" ---> "&INDEX($E$117:$CY$130,MATCH($B47,$D$117:$D$130,0),MATCH($A$1,$E$115:$CY$115,0)),"-") -> - | F47: =IFERROR(INDEX($E$134:$CY$147,MATCH($B47,$D$134:$D$147,0),MATCH($A$2,$E$132:$CY$132,0))&" ---> "&INDEX($E$134:$CY$147,MATCH($B47,$D$134:$D$147,0),MATCH($A$1,$E$132:$CY$132,0)),"-") -> - | G47: =IFERROR(INDEX($E$151:$CY$164,MATCH($B47,$D$151:$D$164,0),MATCH($A$2,$E$149:$CY$149,0))&" ---> "&INDEX($E$151:$CY$164,MATCH($B47,$D$151:$D$164,0),MATCH($A$1,$E$149:$CY$149,0)),"-") -> - | H47: =IFERROR(INDEX($E$169:$CY$182,MATCH($B47,$D$169:$D$182,0),MATCH($A$2,$E$167:$CY$167,0))&" ---> "&INDEX($E$169:$CY$182,MATCH($B47,$D$169:$D$182,0),MATCH($A$1,$E$167:$CY$167,0)),"-") -> - | I47: =IFERROR(INDEX($E$186:$CY$224,MATCH($B47,$D$186:$D$224,0),MATCH($A$2,$E$184:$CY$184,0))&" ---> "&INDEX($E$186:$CY$224,MATCH($B47,$D$186:$D$224,0),MATCH($A$1,$E$184:$CY$184,0)),"-") -> 0 ---> 0 | J47: =IFERROR(INDEX($E$228:$BK$243,MATCH($B47,$D$228:$D$243,0),MATCH($A$2,$E$226:$BK$226,0))&" ---> "&INDEX($E$228:$BK$243,MATCH($B47,$D$228:$D$243,0),MATCH($A$1,$E$226:$BK$226,0)),"-") -> - | K47: =IFERROR(INDEX($E$246:$CY$260,MATCH($B47,$D$246:$D$260,0),MATCH($A$2,$E$244:$CY$244,0))&" ---> "&INDEX($E$246:$CY$260,MATCH($B47,$D$246:$D$260,0),MATCH($A$1,$E$244:$CY$244,0)),"-") -> - | L47: =IFERROR(INDEX($E$268:$CY$293,MATCH($B47,$D$268:$D$293,0),MATCH($A$2,$E$266:$CY$266,0))&" ---> "&INDEX($E$268:$CY$293,MATCH($B47,$D$268:$D$293,0),MATCH($A$1,$E$266:$CY$266,0)),"-") -> -
B48: =IFERROR(__xludf.DUMMYFUNCTION("""COMPUTED_VALUE"""),"Paño Esponja x 6Uni. ") -> Paño Esponja x 6Uni. | C48: =IFERROR(INDEX($E$82:$CY$96,MATCH($B48,$D$82:$D$96,0),MATCH($A$2,$E$80:$CY$80,0))&" ---> "&INDEX($E$82:$CY$96,MATCH($B48,$D$82:$D$96,0),MATCH($A$1,$E$80:$CY$80,0)),"-") -> - | D48: =IFERROR(INDEX($E$100:$CY$113,MATCH($B48,$D$100:$D$113,0),MATCH($A$2,$E$98:$CY$98,0))&" ---> "&INDEX($E$100:$CY$113,MATCH($B48,$D$100:$D$113,0),MATCH($A$1,$E$98:$CY$98,0)),"-") -> - | E48: =IFERROR(INDEX($E$117:$CY$130,MATCH($B48,$D$117:$D$130,0),MATCH($A$2,$E$115:$CY$115,0))&" ---> "&INDEX($E$117:$CY$130,MATCH($B48,$D$117:$D$130,0),MATCH($A$1,$E$115:$CY$115,0)),"-") -> - | F48: =IFERROR(INDEX($E$134:$CY$147,MATCH($B48,$D$134:$D$147,0),MATCH($A$2,$E$132:$CY$132,0))&" ---> "&INDEX($E$134:$CY$147,MATCH($B48,$D$134:$D$147,0),MATCH($A$1,$E$132:$CY$132,0)),"-") -> - | G48: =IFERROR(INDEX($E$151:$CY$164,MATCH($B48,$D$151:$D$164,0),MATCH($A$2,$E$149:$CY$149,0))&" ---> "&INDEX($E$151:$CY$164,MATCH($B48,$D$151:$D$164,0),MATCH($A$1,$E$149:$CY$149,0)),"-") -> - | H48: =IFERROR(INDEX($E$169:$CY$182,MATCH($B48,$D$169:$D$182,0),MATCH($A$2,$E$167:$CY$167,0))&" ---> "&INDEX($E$169:$CY$182,MATCH($B48,$D$169:$D$182,0),MATCH($A$1,$E$167:$CY$167,0)),"-") -> - | I48: =IFERROR(INDEX($E$186:$CY$224,MATCH($B48,$D$186:$D$224,0),MATCH($A$2,$E$184:$CY$184,0))&" ---> "&INDEX($E$186:$CY$224,MATCH($B48,$D$186:$D$224,0),MATCH($A$1,$E$184:$CY$184,0)),"-") -> 4 ---> 4 | J48: =IFERROR(INDEX($E$228:$BK$243,MATCH($B48,$D$228:$D$243,0),MATCH($A$2,$E$226:$BK$226,0))&" ---> "&INDEX($E$228:$BK$243,MATCH($B48,$D$228:$D$243,0),MATCH($A$1,$E$226:$BK$226,0)),"-") -> - | K48: =IFERROR(INDEX($E$246:$CY$260,MATCH($B48,$D$246:$D$260,0),MATCH($A$2,$E$244:$CY$244,0))&" ---> "&INDEX($E$246:$CY$260,MATCH($B48,$D$246:$D$260,0),MATCH($A$1,$E$244:$CY$244,0)),"-") -> - | L48: =IFERROR(INDEX($E$268:$CY$293,MATCH($B48,$D$268:$D$293,0),MATCH($A$2,$E$266:$CY$266,0))&" ---> "&INDEX($E$268:$CY$293,MATCH($B48,$D$268:$D$293,0),MATCH($A$1,$E$266:$CY$266,0)),"-") -> -
B49: =IFERROR(__xludf.DUMMYFUNCTION("""COMPUTED_VALUE"""),"Trapo Amarillo Uni.") -> Trapo Amarillo Uni. | C49: =IFERROR(INDEX($E$82:$CY$96,MATCH($B49,$D$82:$D$96,0),MATCH($A$2,$E$80:$CY$80,0))&" ---> "&INDEX($E$82:$CY$96,MATCH($B49,$D$82:$D$96,0),MATCH($A$1,$E$80:$CY$80,0)),"-") -> - | D49: =IFERROR(INDEX($E$100:$CY$113,MATCH($B49,$D$100:$D$113,0),MATCH($A$2,$E$98:$CY$98,0))&" ---> "&INDEX($E$100:$CY$113,MATCH($B49,$D$100:$D$113,0),MATCH($A$1,$E$98:$CY$98,0)),"-") -> - | E49: =IFERROR(INDEX($E$117:$CY$130,MATCH($B49,$D$117:$D$130,0),MATCH($A$2,$E$115:$CY$115,0))&" ---> "&INDEX($E$117:$CY$130,MATCH($B49,$D$117:$D$130,0),MATCH($A$1,$E$115:$CY$115,0)),"-") -> - | F49: =IFERROR(INDEX($E$134:$CY$147,MATCH($B49,$D$134:$D$147,0),MATCH($A$2,$E$132:$CY$132,0))&" ---> "&INDEX($E$134:$CY$147,MATCH($B49,$D$134:$D$147,0),MATCH($A$1,$E$132:$CY$132,0)),"-") -> - | G49: =IFERROR(INDEX($E$151:$CY$164,MATCH($B49,$D$151:$D$164,0),MATCH($A$2,$E$149:$CY$149,0))&" ---> "&INDEX($E$151:$CY$164,MATCH($B49,$D$151:$D$164,0),MATCH($A$1,$E$149:$CY$149,0)),"-") -> - | H49: =IFERROR(INDEX($E$169:$CY$182,MATCH($B49,$D$169:$D$182,0),MATCH($A$2,$E$167:$CY$167,0))&" ---> "&INDEX($E$169:$CY$182,MATCH($B49,$D$169:$D$182,0),MATCH($A$1,$E$167:$CY$167,0)),"-") -> - | I49: =IFERROR(INDEX($E$186:$CY$224,MATCH($B49,$D$186:$D$224,0),MATCH($A$2,$E$184:$CY$184,0))&" ---> "&INDEX($E$186:$CY$224,MATCH($B49,$D$186:$D$224,0),MATCH($A$1,$E$184:$CY$184,0)),"-") -> 11 ---> 10 | J49: =IFERROR(INDEX($E$228:$BK$243,MATCH($B49,$D$228:$D$243,0),MATCH($A$2,$E$226:$BK$226,0))&" ---> "&INDEX($E$228:$BK$243,MATCH($B49,$D$228:$D$243,0),MATCH($A$1,$E$226:$BK$226,0)),"-") -> - | K49: =IFERROR(INDEX($E$246:$CY$260,MATCH($B49,$D$246:$D$260,0),MATCH($A$2,$E$244:$CY$244,0))&" ---> "&INDEX($E$246:$CY$260,MATCH($B49,$D$246:$D$260,0),MATCH($A$1,$E$244:$CY$244,0)),"-") -> - | L49: =IFERROR(INDEX($E$268:$CY$293,MATCH($B49,$D$268:$D$293,0),MATCH($A$2,$E$266:$CY$266,0))&" ---> "&INDEX($E$268:$CY$293,MATCH($B49,$D$268:$D$293,0),MATCH($A$1,$E$266:$CY$266,0)),"-") -> -
B50: =IFERROR(__xludf.DUMMYFUNCTION("""COMPUTED_VALUE"""),"Trapo Azul Uni. ") -> Trapo Azul Uni. | C50: =IFERROR(INDEX($E$82:$CY$96,MATCH($B50,$D$82:$D$96,0),MATCH($A$2,$E$80:$CY$80,0))&" ---> "&INDEX($E$82:$CY$96,MATCH($B50,$D$82:$D$96,0),MATCH($A$1,$E$80:$CY$80,0)),"-") -> - | D50: =IFERROR(INDEX($E$100:$CY$113,MATCH($B50,$D$100:$D$113,0),MATCH($A$2,$E$98:$CY$98,0))&" ---> "&INDEX($E$100:$CY$113,MATCH($B50,$D$100:$D$113,0),MATCH($A$1,$E$98:$CY$98,0)),"-") -> - | E50: =IFERROR(INDEX($E$117:$CY$130,MATCH($B50,$D$117:$D$130,0),MATCH($A$2,$E$115:$CY$115,0))&" ---> "&INDEX($E$117:$CY$130,MATCH($B50,$D$117:$D$130,0),MATCH($A$1,$E$115:$CY$115,0)),"-") -> - | F50: =IFERROR(INDEX($E$134:$CY$147,MATCH($B50,$D$134:$D$147,0),MATCH($A$2,$E$132:$CY$132,0))&" ---> "&INDEX($E$134:$CY$147,MATCH($B50,$D$134:$D$147,0),MATCH($A$1,$E$132:$CY$132,0)),"-") -> - | G50: =IFERROR(INDEX($E$151:$CY$164,MATCH($B50,$D$151:$D$164,0),MATCH($A$2,$E$149:$CY$149,0))&" ---> "&INDEX($E$151:$CY$164,MATCH($B50,$D$151:$D$164,0),MATCH($A$1,$E$149:$CY$149,0)),"-") -> - | H50: =IFERROR(INDEX($E$169:$CY$182,MATCH($B50,$D$169:$D$182,0),MATCH($A$2,$E$167:$CY$167,0))&" ---> "&INDEX($E$169:$CY$182,MATCH($B50,$D$169:$D$182,0),MATCH($A$1,$E$167:$CY$167,0)),"-") -> - | I50: =IFERROR(INDEX($E$186:$CY$224,MATCH($B50,$D$186:$D$224,0),MATCH($A$2,$E$184:$CY$184,0))&" ---> "&INDEX($E$186:$CY$224,MATCH($B50,$D$186:$D$224,0),MATCH($A$1,$E$184:$CY$184,0)),"-") -> 17 ---> 17 | J50: =IFERROR(INDEX($E$228:$BK$243,MATCH($B50,$D$228:$D$243,0),MATCH($A$2,$E$226:$BK$226,0))&" ---> "&INDEX($E$228:$BK$243,MATCH($B50,$D$228:$D$243,0),MATCH($A$1,$E$226:$BK$226,0)),"-") -> - | K50: =IFERROR(INDEX($E$246:$CY$260,MATCH($B50,$D$246:$D$260,0),MATCH($A$2,$E$244:$CY$244,0))&" ---> "&INDEX($E$246:$CY$260,MATCH($B50,$D$246:$D$260,0),MATCH($A$1,$E$244:$CY$244,0)),"-") -> - | L50: =IFERROR(INDEX($E$268:$CY$293,MATCH($B50,$D$268:$D$293,0),MATCH($A$2,$E$266:$CY$266,0))&" ---> "&INDEX($E$268:$CY$293,MATCH($B50,$D$268:$D$293,0),MATCH($A$1,$E$266:$CY$266,0)),"-") -> -
B51: =IFERROR(__xludf.DUMMYFUNCTION("""COMPUTED_VALUE"""),"Papel Interfoliado") -> Papel Interfoliado | C51: =IFERROR(INDEX($E$82:$CY$96,MATCH($B51,$D$82:$D$96,0),MATCH($A$2,$E$80:$CY$80,0))&" ---> "&INDEX($E$82:$CY$96,MATCH($B51,$D$82:$D$96,0),MATCH($A$1,$E$80:$CY$80,0)),"-") -> - | D51: =IFERROR(INDEX($E$100:$CY$113,MATCH($B51,$D$100:$D$113,0),MATCH($A$2,$E$98:$CY$98,0))&" ---> "&INDEX($E$100:$CY$113,MATCH($B51,$D$100:$D$113,0),MATCH($A$1,$E$98:$CY$98,0)),"-") -> - | E51: =IFERROR(INDEX($E$117:$CY$130,MATCH($B51,$D$117:$D$130,0),MATCH($A$2,$E$115:$CY$115,0))&" ---> "&INDEX($E$117:$CY$130,MATCH($B51,$D$117:$D$130,0),MATCH($A$1,$E$115:$CY$115,0)),"-") -> - | F51: =IFERROR(INDEX($E$134:$CY$147,MATCH($B51,$D$134:$D$147,0),MATCH($A$2,$E$132:$CY$132,0))&" ---> "&INDEX($E$134:$CY$147,MATCH($B51,$D$134:$D$147,0),MATCH($A$1,$E$132:$CY$132,0)),"-") -> - | G51: =IFERROR(INDEX($E$151:$CY$164,MATCH($B51,$D$151:$D$164,0),MATCH($A$2,$E$149:$CY$149,0))&" ---> "&INDEX($E$151:$CY$164,MATCH($B51,$D$151:$D$164,0),MATCH($A$1,$E$149:$CY$149,0)),"-") -> - | H51: =IFERROR(INDEX($E$169:$CY$182,MATCH($B51,$D$169:$D$182,0),MATCH($A$2,$E$167:$CY$167,0))&" ---> "&INDEX($E$169:$CY$182,MATCH($B51,$D$169:$D$182,0),MATCH($A$1,$E$167:$CY$167,0)),"-") -> - | I51: =IFERROR(INDEX($E$186:$CY$224,MATCH($B51,$D$186:$D$224,0),MATCH($A$2,$E$184:$CY$184,0))&" ---> "&INDEX($E$186:$CY$224,MATCH($B51,$D$186:$D$224,0),MATCH($A$1,$E$184:$CY$184,0)),"-") -> - | J51: =IFERROR(INDEX($E$228:$BK$243,MATCH($B51,$D$228:$D$243,0),MATCH($A$2,$E$226:$BK$226,0))&" ---> "&INDEX($E$228:$BK$243,MATCH($B51,$D$228:$D$243,0),MATCH($A$1,$E$226:$BK$226,0)),"-") -> 20 ---> 25 | K51: =IFERROR(INDEX($E$246:$CY$260,MATCH($B51,$D$246:$D$260,0),MATCH($A$2,$E$244:$CY$244,0))&" ---> "&INDEX($E$246:$CY$260,MATCH($B51,$D$246:$D$260,0),MATCH($A$1,$E$244:$CY$244,0)),"-") -> - | L51: =IFERROR(INDEX($E$268:$CY$293,MATCH($B51,$D$268:$D$293,0),MATCH($A$2,$E$266:$CY$266,0))&" ---> "&INDEX($E$268:$CY$293,MATCH($B51,$D$268:$D$293,0),MATCH($A$1,$E$266:$CY$266,0)),"-") -> -
B52: =IFERROR(__xludf.DUMMYFUNCTION("""COMPUTED_VALUE"""),"Te de Hiervas surtida") -> Te de Hiervas surtida | C52: =IFERROR(INDEX($E$82:$CY$96,MATCH($B52,$D$82:$D$96,0),MATCH($A$2,$E$80:$CY$80,0))&" ---> "&INDEX($E$82:$CY$96,MATCH($B52,$D$82:$D$96,0),MATCH($A$1,$E$80:$CY$80,0)),"-") -> - | D52: =IFERROR(INDEX($E$100:$CY$113,MATCH($B52,$D$100:$D$113,0),MATCH($A$2,$E$98:$CY$98,0))&" ---> "&INDEX($E$100:$CY$113,MATCH($B52,$D$100:$D$113,0),MATCH($A$1,$E$98:$CY$98,0)),"-") -> - | E52: =IFERROR(INDEX($E$117:$CY$130,MATCH($B52,$D$117:$D$130,0),MATCH($A$2,$E$115:$CY$115,0))&" ---> "&INDEX($E$117:$CY$130,MATCH($B52,$D$117:$D$130,0),MATCH($A$1,$E$115:$CY$115,0)),"-") -> - | F52: =IFERROR(INDEX($E$134:$CY$147,MATCH($B52,$D$134:$D$147,0),MATCH($A$2,$E$132:$CY$132,0))&" ---> "&INDEX($E$134:$CY$147,MATCH($B52,$D$134:$D$147,0),MATCH($A$1,$E$132:$CY$132,0)),"-") -> - | G52: =IFERROR(INDEX($E$151:$CY$164,MATCH($B52,$D$151:$D$164,0),MATCH($A$2,$E$149:$CY$149,0))&" ---> "&INDEX($E$151:$CY$164,MATCH($B52,$D$151:$D$164,0),MATCH($A$1,$E$149:$CY$149,0)),"-") -> - | H52: =IFERROR(INDEX($E$169:$CY$182,MATCH($B52,$D$169:$D$182,0),MATCH($A$2,$E$167:$CY$167,0))&" ---> "&INDEX($E$169:$CY$182,MATCH($B52,$D$169:$D$182,0),MATCH($A$1,$E$167:$CY$167,0)),"-") -> - | I52: =IFERROR(INDEX($E$186:$CY$224,MATCH($B52,$D$186:$D$224,0),MATCH($A$2,$E$184:$CY$184,0))&" ---> "&INDEX($E$186:$CY$224,MATCH($B52,$D$186:$D$224,0),MATCH($A$1,$E$184:$CY$184,0)),"-") -> - | J52: =IFERROR(INDEX($E$228:$BK$243,MATCH($B52,$D$228:$D$243,0),MATCH($A$2,$E$226:$BK$226,0))&" ---> "&INDEX($E$228:$BK$243,MATCH($B52,$D$228:$D$243,0),MATCH($A$1,$E$226:$BK$226,0)),"-") -> - | K52: =IFERROR(INDEX($E$246:$CY$260,MATCH($B52,$D$246:$D$260,0),MATCH($A$2,$E$244:$CY$244,0))&" ---> "&INDEX($E$246:$CY$260,MATCH($B52,$D$246:$D$260,0),MATCH($A$1,$E$244:$CY$244,0)),"-") -> 1 ---> 0 | L52: =IFERROR(INDEX($E$268:$CY$293,MATCH($B52,$D$268:$D$293,0),MATCH($A$2,$E$266:$CY$266,0))&" ---> "&INDEX($E$268:$CY$293,MATCH($B52,$D$268:$D$293,0),MATCH($A$1,$E$266:$CY$266,0)),"-") -> -
B53: =IFERROR(__xludf.DUMMYFUNCTION("""COMPUTED_VALUE"""),"Mopa Redonda ") -> Mopa Redonda | C53: =IFERROR(INDEX($E$82:$CY$96,MATCH($B53,$D$82:$D$96,0),MATCH($A$2,$E$80:$CY$80,0))&" ---> "&INDEX($E$82:$CY$96,MATCH($B53,$D$82:$D$96,0),MATCH($A$1,$E$80:$CY$80,0)),"-") -> - | D53: =IFERROR(INDEX($E$100:$CY$113,MATCH($B53,$D$100:$D$113,0),MATCH($A$2,$E$98:$CY$98,0))&" ---> "&INDEX($E$100:$CY$113,MATCH($B53,$D$100:$D$113,0),MATCH($A$1,$E$98:$CY$98,0)),"-") -> - | E53: =IFERROR(INDEX($E$117:$CY$130,MATCH($B53,$D$117:$D$130,0),MATCH($A$2,$E$115:$CY$115,0))&" ---> "&INDEX($E$117:$CY$130,MATCH($B53,$D$117:$D$130,0),MATCH($A$1,$E$115:$CY$115,0)),"-") -> - | F53: =IFERROR(INDEX($E$134:$CY$147,MATCH($B53,$D$134:$D$147,0),MATCH($A$2,$E$132:$CY$132,0))&" ---> "&INDEX($E$134:$CY$147,MATCH($B53,$D$134:$D$147,0),MATCH($A$1,$E$132:$CY$132,0)),"-") -> - | G53: =IFERROR(INDEX($E$151:$CY$164,MATCH($B53,$D$151:$D$164,0),MATCH($A$2,$E$149:$CY$149,0))&" ---> "&INDEX($E$151:$CY$164,MATCH($B53,$D$151:$D$164,0),MATCH($A$1,$E$149:$CY$149,0)),"-") -> - | H53: =IFERROR(INDEX($E$169:$CY$182,MATCH($B53,$D$169:$D$182,0),MATCH($A$2,$E$167:$CY$167,0))&" ---> "&INDEX($E$169:$CY$182,MATCH($B53,$D$169:$D$182,0),MATCH($A$1,$E$167:$CY$167,0)),"-") -> - | I53: =IFERROR(INDEX($E$186:$CY$224,MATCH($B53,$D$186:$D$224,0),MATCH($A$2,$E$184:$CY$184,0))&" ---> "&INDEX($E$186:$CY$224,MATCH($B53,$D$186:$D$224,0),MATCH($A$1,$E$184:$CY$184,0)),"-") -> - | J53: =IFERROR(INDEX($E$228:$BK$243,MATCH($B53,$D$228:$D$243,0),MATCH($A$2,$E$226:$BK$226,0))&" ---> "&INDEX($E$228:$BK$243,MATCH($B53,$D$228:$D$243,0),MATCH($A$1,$E$226:$BK$226,0)),"-") -> - | K53: =IFERROR(INDEX($E$246:$CY$260,MATCH($B53,$D$246:$D$260,0),MATCH($A$2,$E$244:$CY$244,0))&" ---> "&INDEX($E$246:$CY$260,MATCH($B53,$D$246:$D$260,0),MATCH($A$1,$E$244:$CY$244,0)),"-") -> - | L53: =IFERROR(INDEX($E$268:$CY$293,MATCH($B53,$D$268:$D$293,0),MATCH($A$2,$E$266:$CY$266,0))&" ---> "&INDEX($E$268:$CY$293,MATCH($B53,$D$268:$D$293,0),MATCH($A$1,$E$266:$CY$266,0)),"-") -> -
B54: =IFERROR(__xludf.DUMMYFUNCTION("""COMPUTED_VALUE"""),"Mopa Rectangular ") -> Mopa Rectangular | C54: =IFERROR(INDEX($E$82:$CY$96,MATCH($B54,$D$82:$D$96,0),MATCH($A$2,$E$80:$CY$80,0))&" ---> "&INDEX($E$82:$CY$96,MATCH($B54,$D$82:$D$96,0),MATCH($A$1,$E$80:$CY$80,0)),"-") -> - | D54: =IFERROR(INDEX($E$100:$CY$113,MATCH($B54,$D$100:$D$113,0),MATCH($A$2,$E$98:$CY$98,0))&" ---> "&INDEX($E$100:$CY$113,MATCH($B54,$D$100:$D$113,0),MATCH($A$1,$E$98:$CY$98,0)),"-") -> - | E54: =IFERROR(INDEX($E$117:$CY$130,MATCH($B54,$D$117:$D$130,0),MATCH($A$2,$E$115:$CY$115,0))&" ---> "&INDEX($E$117:$CY$130,MATCH($B54,$D$117:$D$130,0),MATCH($A$1,$E$115:$CY$115,0)),"-") -> - | F54: =IFERROR(INDEX($E$134:$CY$147,MATCH($B54,$D$134:$D$147,0),MATCH($A$2,$E$132:$CY$132,0))&" ---> "&INDEX($E$134:$CY$147,MATCH($B54,$D$134:$D$147,0),MATCH($A$1,$E$132:$CY$132,0)),"-") -> - | G54: =IFERROR(INDEX($E$151:$CY$164,MATCH($B54,$D$151:$D$164,0),MATCH($A$2,$E$149:$CY$149,0))&" ---> "&INDEX($E$151:$CY$164,MATCH($B54,$D$151:$D$164,0),MATCH($A$1,$E$149:$CY$149,0)),"-") -> - | H54: =IFERROR(INDEX($E$169:$CY$182,MATCH($B54,$D$169:$D$182,0),MATCH($A$2,$E$167:$CY$167,0))&" ---> "&INDEX($E$169:$CY$182,MATCH($B54,$D$169:$D$182,0),MATCH($A$1,$E$167:$CY$167,0)),"-") -> - | I54: =IFERROR(INDEX($E$186:$CY$224,MATCH($B54,$D$186:$D$224,0),MATCH($A$2,$E$184:$CY$184,0))&" ---> "&INDEX($E$186:$CY$224,MATCH($B54,$D$186:$D$224,0),MATCH($A$1,$E$184:$CY$184,0)),"-") -> - | J54: =IFERROR(INDEX($E$228:$BK$243,MATCH($B54,$D$228:$D$243,0),MATCH($A$2,$E$226:$BK$226,0))&" ---> "&INDEX($E$228:$BK$243,MATCH($B54,$D$228:$D$243,0),MATCH($A$1,$E$226:$BK$226,0)),"-") -> - | K54: =IFERROR(INDEX($E$246:$CY$260,MATCH($B54,$D$246:$D$260,0),MATCH($A$2,$E$244:$CY$244,0))&" ---> "&INDEX($E$246:$CY$260,MATCH($B54,$D$246:$D$260,0),MATCH($A$1,$E$244:$CY$244,0)),"-") -> - | L54: =IFERROR(INDEX($E$268:$CY$293,MATCH($B54,$D$268:$D$293,0),MATCH($A$2,$E$266:$CY$266,0))&" ---> "&INDEX($E$268:$CY$293,MATCH($B54,$D$268:$D$293,0),MATCH($A$1,$E$266:$CY$266,0)),"-") -> -
B55: =IFERROR(__xludf.DUMMYFUNCTION("""COMPUTED_VALUE"""),"Desodorante ambiental") -> Desodorante ambiental | C55: =IFERROR(INDEX($E$82:$CY$96,MATCH($B55,$D$82:$D$96,0),MATCH($A$2,$E$80:$CY$80,0))&" ---> "&INDEX($E$82:$CY$96,MATCH($B55,$D$82:$D$96,0),MATCH($A$1,$E$80:$CY$80,0)),"-") -> - | D55: =IFERROR(INDEX($E$100:$CY$113,MATCH($B55,$D$100:$D$113,0),MATCH($A$2,$E$98:$CY$98,0))&" ---> "&INDEX($E$100:$CY$113,MATCH($B55,$D$100:$D$113,0),MATCH($A$1,$E$98:$CY$98,0)),"-") -> - | E55: =IFERROR(INDEX($E$117:$CY$130,MATCH($B55,$D$117:$D$130,0),MATCH($A$2,$E$115:$CY$115,0))&" ---> "&INDEX($E$117:$CY$130,MATCH($B55,$D$117:$D$130,0),MATCH($A$1,$E$115:$CY$115,0)),"-") -> - | F55: =IFERROR(INDEX($E$134:$CY$147,MATCH($B55,$D$134:$D$147,0),MATCH($A$2,$E$132:$CY$132,0))&" ---> "&INDEX($E$134:$CY$147,MATCH($B55,$D$134:$D$147,0),MATCH($A$1,$E$132:$CY$132,0)),"-") -> - | G55: =IFERROR(INDEX($E$151:$CY$164,MATCH($B55,$D$151:$D$164,0),MATCH($A$2,$E$149:$CY$149,0))&" ---> "&INDEX($E$151:$CY$164,MATCH($B55,$D$151:$D$164,0),MATCH($A$1,$E$149:$CY$149,0)),"-") -> - | H55: =IFERROR(INDEX($E$169:$CY$182,MATCH($B55,$D$169:$D$182,0),MATCH($A$2,$E$167:$CY$167,0))&" ---> "&INDEX($E$169:$CY$182,MATCH($B55,$D$169:$D$182,0),MATCH($A$1,$E$167:$CY$167,0)),"-") -> - | I55: =IFERROR(INDEX($E$186:$CY$224,MATCH($B55,$D$186:$D$224,0),MATCH($A$2,$E$184:$CY$184,0))&" ---> "&INDEX($E$186:$CY$224,MATCH($B55,$D$186:$D$224,0),MATCH($A$1,$E$184:$CY$184,0)),"-") -> - | J55: =IFERROR(INDEX($E$228:$BK$243,MATCH($B55,$D$228:$D$243,0),MATCH($A$2,$E$226:$BK$226,0))&" ---> "&INDEX($E$228:$BK$243,MATCH($B55,$D$228:$D$243,0),MATCH($A$1,$E$226:$BK$226,0)),"-") -> - | K55: =IFERROR(INDEX($E$246:$CY$260,MATCH($B55,$D$246:$D$260,0),MATCH($A$2,$E$244:$CY$244,0))&" ---> "&INDEX($E$246:$CY$260,MATCH($B55,$D$246:$D$260,0),MATCH($A$1,$E$244:$CY$244,0)),"-") -> - | L55: =IFERROR(INDEX($E$268:$CY$293,MATCH($B55,$D$268:$D$293,0),MATCH($A$2,$E$266:$CY$266,0))&" ---> "&INDEX($E$268:$CY$293,MATCH($B55,$D$268:$D$293,0),MATCH($A$1,$E$266:$CY$266,0)),"-") -> -
B56: =IFERROR(__xludf.DUMMYFUNCTION("""COMPUTED_VALUE"""),"Vainilla (KG)") -> Vainilla (KG) | C56: =IFERROR(INDEX($E$82:$CY$96,MATCH($B56,$D$82:$D$96,0),MATCH($A$2,$E$80:$CY$80,0))&" ---> "&INDEX($E$82:$CY$96,MATCH($B56,$D$82:$D$96,0),MATCH($A$1,$E$80:$CY$80,0)),"-") -> - | D56: =IFERROR(INDEX($E$100:$CY$113,MATCH($B56,$D$100:$D$113,0),MATCH($A$2,$E$98:$CY$98,0))&" ---> "&INDEX($E$100:$CY$113,MATCH($B56,$D$100:$D$113,0),MATCH($A$1,$E$98:$CY$98,0)),"-") -> - | E56: =IFERROR(INDEX($E$117:$CY$130,MATCH($B56,$D$117:$D$130,0),MATCH($A$2,$E$115:$CY$115,0))&" ---> "&INDEX($E$117:$CY$130,MATCH($B56,$D$117:$D$130,0),MATCH($A$1,$E$115:$CY$115,0)),"-") -> - | F56: =IFERROR(INDEX($E$134:$CY$147,MATCH($B56,$D$134:$D$147,0),MATCH($A$2,$E$132:$CY$132,0))&" ---> "&INDEX($E$134:$CY$147,MATCH($B56,$D$134:$D$147,0),MATCH($A$1,$E$132:$CY$132,0)),"-") -> - | G56: =IFERROR(INDEX($E$151:$CY$164,MATCH($B56,$D$151:$D$164,0),MATCH($A$2,$E$149:$CY$149,0))&" ---> "&INDEX($E$151:$CY$164,MATCH($B56,$D$151:$D$164,0),MATCH($A$1,$E$149:$CY$149,0)),"-") -> - | H56: =IFERROR(INDEX($E$169:$CY$182,MATCH($B56,$D$169:$D$182,0),MATCH($A$2,$E$167:$CY$167,0))&" ---> "&INDEX($E$169:$CY$182,MATCH($B56,$D$169:$D$182,0),MATCH($A$1,$E$167:$CY$167,0)),"-") -> - | I56: =IFERROR(INDEX($E$186:$CY$224,MATCH($B56,$D$186:$D$224,0),MATCH($A$2,$E$184:$CY$184,0))&" ---> "&INDEX($E$186:$CY$224,MATCH($B56,$D$186:$D$224,0),MATCH($A$1,$E$184:$CY$184,0)),"-") -> - | J56: =IFERROR(INDEX($E$228:$BK$243,MATCH($B56,$D$228:$D$243,0),MATCH($A$2,$E$226:$BK$226,0))&" ---> "&INDEX($E$228:$BK$243,MATCH($B56,$D$228:$D$243,0),MATCH($A$1,$E$226:$BK$226,0)),"-") -> - | K56: =IFERROR(INDEX($E$246:$CY$260,MATCH($B56,$D$246:$D$260,0),MATCH($A$2,$E$244:$CY$244,0))&" ---> "&INDEX($E$246:$CY$260,MATCH($B56,$D$246:$D$260,0),MATCH($A$1,$E$244:$CY$244,0)),"-") -> - | L56: =IFERROR(INDEX($E$268:$CY$293,MATCH($B56,$D$268:$D$293,0),MATCH($A$2,$E$266:$CY$266,0))&" ---> "&INDEX($E$268:$CY$293,MATCH($B56,$D$268:$D$293,0),MATCH($A$1,$E$266:$CY$266,0)),"-") -> 6,5 ---> 6,5
B57: =IFERROR(__xludf.DUMMYFUNCTION("""COMPUTED_VALUE"""),"Chocolate (KG)") -> Chocolate (KG) | C57: =IFERROR(INDEX($E$82:$CY$96,MATCH($B57,$D$82:$D$96,0),MATCH($A$2,$E$80:$CY$80,0))&" ---> "&INDEX($E$82:$CY$96,MATCH($B57,$D$82:$D$96,0),MATCH($A$1,$E$80:$CY$80,0)),"-") -> - | D57: =IFERROR(INDEX($E$100:$CY$113,MATCH($B57,$D$100:$D$113,0),MATCH($A$2,$E$98:$CY$98,0))&" ---> "&INDEX($E$100:$CY$113,MATCH($B57,$D$100:$D$113,0),MATCH($A$1,$E$98:$CY$98,0)),"-") -> - | E57: =IFERROR(INDEX($E$117:$CY$130,MATCH($B57,$D$117:$D$130,0),MATCH($A$2,$E$115:$CY$115,0))&" ---> "&INDEX($E$117:$CY$130,MATCH($B57,$D$117:$D$130,0),MATCH($A$1,$E$115:$CY$115,0)),"-") -> - | F57: =IFERROR(INDEX($E$134:$CY$147,MATCH($B57,$D$134:$D$147,0),MATCH($A$2,$E$132:$CY$132,0))&" ---> "&INDEX($E$134:$CY$147,MATCH($B57,$D$134:$D$147,0),MATCH($A$1,$E$132:$CY$132,0)),"-") -> - | G57: =IFERROR(INDEX($E$151:$CY$164,MATCH($B57,$D$151:$D$164,0),MATCH($A$2,$E$149:$CY$149,0))&" ---> "&INDEX($E$151:$CY$164,MATCH($B57,$D$151:$D$164,0),MATCH($A$1,$E$149:$CY$149,0)),"-") -> - | H57: =IFERROR(INDEX($E$169:$CY$182,MATCH($B57,$D$169:$D$182,0),MATCH($A$2,$E$167:$CY$167,0))&" ---> "&INDEX($E$169:$CY$182,MATCH($B57,$D$169:$D$182,0),MATCH($A$1,$E$167:$CY$167,0)),"-") -> - | I57: =IFERROR(INDEX($E$186:$CY$224,MATCH($B57,$D$186:$D$224,0),MATCH($A$2,$E$184:$CY$184,0))&" ---> "&INDEX($E$186:$CY$224,MATCH($B57,$D$186:$D$224,0),MATCH($A$1,$E$184:$CY$184,0)),"-") -> - | J57: =IFERROR(INDEX($E$228:$BK$243,MATCH($B57,$D$228:$D$243,0),MATCH($A$2,$E$226:$BK$226,0))&" ---> "&INDEX($E$228:$BK$243,MATCH($B57,$D$228:$D$243,0),MATCH($A$1,$E$226:$BK$226,0)),"-") -> - | K57: =IFERROR(INDEX($E$246:$CY$260,MATCH($B57,$D$246:$D$260,0),MATCH($A$2,$E$244:$CY$244,0))&" ---> "&INDEX($E$246:$CY$260,MATCH($B57,$D$246:$D$260,0),MATCH($A$1,$E$244:$CY$244,0)),"-") -> - | L57: =IFERROR(INDEX($E$268:$CY$293,MATCH($B57,$D$268:$D$293,0),MATCH($A$2,$E$266:$CY$266,0))&" ---> "&INDEX($E$268:$CY$293,MATCH($B57,$D$268:$D$293,0),MATCH($A$1,$E$266:$CY$266,0)),"-") -> 14 ---> 14
B58: =IFERROR(__xludf.DUMMYFUNCTION("""COMPUTED_VALUE"""),"Leche en polvo (KG)") -> Leche en polvo (KG) | C58: =IFERROR(INDEX($E$82:$CY$96,MATCH($B58,$D$82:$D$96,0),MATCH($A$2,$E$80:$CY$80,0))&" ---> "&INDEX($E$82:$CY$96,MATCH($B58,$D$82:$D$96,0),MATCH($A$1,$E$80:$CY$80,0)),"-") -> - | D58: =IFERROR(INDEX($E$100:$CY$113,MATCH($B58,$D$100:$D$113,0),MATCH($A$2,$E$98:$CY$98,0))&" ---> "&INDEX($E$100:$CY$113,MATCH($B58,$D$100:$D$113,0),MATCH($A$1,$E$98:$CY$98,0)),"-") -> - | E58: =IFERROR(INDEX($E$117:$CY$130,MATCH($B58,$D$117:$D$130,0),MATCH($A$2,$E$115:$CY$115,0))&" ---> "&INDEX($E$117:$CY$130,MATCH($B58,$D$117:$D$130,0),MATCH($A$1,$E$115:$CY$115,0)),"-") -> - | F58: =IFERROR(INDEX($E$134:$CY$147,MATCH($B58,$D$134:$D$147,0),MATCH($A$2,$E$132:$CY$132,0))&" ---> "&INDEX($E$134:$CY$147,MATCH($B58,$D$134:$D$147,0),MATCH($A$1,$E$132:$CY$132,0)),"-") -> - | G58: =IFERROR(INDEX($E$151:$CY$164,MATCH($B58,$D$151:$D$164,0),MATCH($A$2,$E$149:$CY$149,0))&" ---> "&INDEX($E$151:$CY$164,MATCH($B58,$D$151:$D$164,0),MATCH($A$1,$E$149:$CY$149,0)),"-") -> - | H58: =IFERROR(INDEX($E$169:$CY$182,MATCH($B58,$D$169:$D$182,0),MATCH($A$2,$E$167:$CY$167,0))&" ---> "&INDEX($E$169:$CY$182,MATCH($B58,$D$169:$D$182,0),MATCH($A$1,$E$167:$CY$167,0)),"-") -> - | I58: =IFERROR(INDEX($E$186:$CY$224,MATCH($B58,$D$186:$D$224,0),MATCH($A$2,$E$184:$CY$184,0))&" ---> "&INDEX($E$186:$CY$224,MATCH($B58,$D$186:$D$224,0),MATCH($A$1,$E$184:$CY$184,0)),"-") -> - | J58: =IFERROR(INDEX($E$228:$BK$243,MATCH($B58,$D$228:$D$243,0),MATCH($A$2,$E$226:$BK$226,0))&" ---> "&INDEX($E$228:$BK$243,MATCH($B58,$D$228:$D$243,0),MATCH($A$1,$E$226:$BK$226,0)),"-") -> - | K58: =IFERROR(INDEX($E$246:$CY$260,MATCH($B58,$D$246:$D$260,0),MATCH($A$2,$E$244:$CY$244,0))&" ---> "&INDEX($E$246:$CY$260,MATCH($B58,$D$246:$D$260,0),MATCH($A$1,$E$244:$CY$244,0)),"-") -> -
B59: =IFERROR(__xludf.DUMMYFUNCTION("""COMPUTED_VALUE"""),"Te (KG)") -> Te (KG) | C59: =IFERROR(INDEX($E$82:$CY$96,MATCH($B59,$D$82:$D$96,0),MATCH($A$2,$E$80:$CY$80,0))&" ---> "&INDEX($E$82:$CY$96,MATCH($B59,$D$82:$D$96,0),MATCH($A$1,$E$80:$CY$80,0)),"-") -> - | D59: =IFERROR(INDEX($E$100:$CY$113,MATCH($B59,$D$100:$D$113,0),MATCH($A$2,$E$98:$CY$98,0))&" ---> "&INDEX($E$100:$CY$113,MATCH($B59,$D$100:$D$113,0),MATCH($A$1,$E$98:$CY$98,0)),"-") -> - | E59: =IFERROR(INDEX($E$117:$CY$130,MATCH($B59,$D$117:$D$130,0),MATCH($A$2,$E$115:$CY$115,0))&" ---> "&INDEX($E$117:$CY$130,MATCH($B59,$D$117:$D$130,0),MATCH($A$1,$E$115:$CY$115,0)),"-") -> - | F59: =IFERROR(INDEX($E$134:$CY$147,MATCH($B59,$D$134:$D$147,0),MATCH($A$2,$E$132:$CY$132,0))&" ---> "&INDEX($E$134:$CY$147,MATCH($B59,$D$134:$D$147,0),MATCH($A$1,$E$132:$CY$132,0)),"-") -> - | G59: =IFERROR(INDEX($E$151:$CY$164,MATCH($B59,$D$151:$D$164,0),MATCH($A$2,$E$149:$CY$149,0))&" ---> "&INDEX($E$151:$CY$164,MATCH($B59,$D$151:$D$164,0),MATCH($A$1,$E$149:$CY$149,0)),"-") -> - | H59: =IFERROR(INDEX($E$169:$CY$182,MATCH($B59,$D$169:$D$182,0),MATCH($A$2,$E$167:$CY$167,0))&" ---> "&INDEX($E$169:$CY$182,MATCH($B59,$D$169:$D$182,0),MATCH($A$1,$E$167:$CY$167,0)),"-") -> - | I59: =IFERROR(INDEX($E$186:$CY$224,MATCH($B59,$D$186:$D$224,0),MATCH($A$2,$E$184:$CY$184,0))&" ---> "&INDEX($E$186:$CY$224,MATCH($B59,$D$186:$D$224,0),MATCH($A$1,$E$184:$CY$184,0)),"-") -> - | J59: =IFERROR(INDEX($E$228:$BK$243,MATCH($B59,$D$228:$D$243,0),MATCH($A$2,$E$226:$BK$226,0))&" ---> "&INDEX($E$228:$BK$243,MATCH($B59,$D$228:$D$243,0),MATCH($A$1,$E$226:$BK$226,0)),"-") -> - | K59: =IFERROR(INDEX($E$246:$CY$260,MATCH($B59,$D$246:$D$260,0),MATCH($A$2,$E$244:$CY$244,0))&" ---> "&INDEX($E$246:$CY$260,MATCH($B59,$D$246:$D$260,0),MATCH($A$1,$E$244:$CY$244,0)),"-") -> -
B60: =IFERROR(__xludf.DUMMYFUNCTION("""COMPUTED_VALUE"""),"Azucar (UN)") -> Azucar (UN) | C60: =IFERROR(INDEX($E$82:$CY$96,MATCH($B60,$D$82:$D$96,0),MATCH($A$2,$E$80:$CY$80,0))&" ---> "&INDEX($E$82:$CY$96,MATCH($B60,$D$82:$D$96,0),MATCH($A$1,$E$80:$CY$80,0)),"-") -> - | D60: =IFERROR(INDEX($E$100:$CY$113,MATCH($B60,$D$100:$D$113,0),MATCH($A$2,$E$98:$CY$98,0))&" ---> "&INDEX($E$100:$CY$113,MATCH($B60,$D$100:$D$113,0),MATCH($A$1,$E$98:$CY$98,0)),"-") -> - | E60: =IFERROR(INDEX($E$117:$CY$130,MATCH($B60,$D$117:$D$130,0),MATCH($A$2,$E$115:$CY$115,0))&" ---> "&INDEX($E$117:$CY$130,MATCH($B60,$D$117:$D$130,0),MATCH($A$1,$E$115:$CY$115,0)),"-") -> - | F60: =IFERROR(INDEX($E$134:$CY$147,MATCH($B60,$D$134:$D$147,0),MATCH($A$2,$E$132:$CY$132,0))&" ---> "&INDEX($E$134:$CY$147,MATCH($B60,$D$134:$D$147,0),MATCH($A$1,$E$132:$CY$132,0)),"-") -> - | G60: =IFERROR(INDEX($E$151:$CY$164,MATCH($B60,$D$151:$D$164,0),MATCH($A$2,$E$149:$CY$149,0))&" ---> "&INDEX($E$151:$CY$164,MATCH($B60,$D$151:$D$164,0),MATCH($A$1,$E$149:$CY$149,0)),"-") -> - | H60: =IFERROR(INDEX($E$169:$CY$182,MATCH($B60,$D$169:$D$182,0),MATCH($A$2,$E$167:$CY$167,0))&" ---> "&INDEX($E$169:$CY$182,MATCH($B60,$D$169:$D$182,0),MATCH($A$1,$E$167:$CY$167,0)),"-") -> - | I60: =IFERROR(INDEX($E$186:$CY$224,MATCH($B60,$D$186:$D$224,0),MATCH($A$2,$E$184:$CY$184,0))&" ---> "&INDEX($E$186:$CY$224,MATCH($B60,$D$186:$D$224,0),MATCH($A$1,$E$184:$CY$184,0)),"-") -> - | J60: =IFERROR(INDEX($E$228:$BK$243,MATCH($B60,$D$228:$D$243,0),MATCH($A$2,$E$226:$BK$226,0))&" ---> "&INDEX($E$228:$BK$243,MATCH($B60,$D$228:$D$243,0),MATCH($A$1,$E$226:$BK$226,0)),"-") -> - | K60: =IFERROR(INDEX($E$246:$CY$260,MATCH($B60,$D$246:$D$260,0),MATCH($A$2,$E$244:$CY$244,0))&" ---> "&INDEX($E$246:$CY$260,MATCH($B60,$D$246:$D$260,0),MATCH($A$1,$E$244:$CY$244,0)),"-") -> -
B61: =IFERROR(__xludf.DUMMYFUNCTION("""COMPUTED_VALUE"""),"Sucralosa (UN)") -> Sucralosa (UN) | C61: =IFERROR(INDEX($E$82:$CY$96,MATCH($B61,$D$82:$D$96,0),MATCH($A$2,$E$80:$CY$80,0))&" ---> "&INDEX($E$82:$CY$96,MATCH($B61,$D$82:$D$96,0),MATCH($A$1,$E$80:$CY$80,0)),"-") -> - | D61: =IFERROR(INDEX($E$100:$CY$113,MATCH($B61,$D$100:$D$113,0),MATCH($A$2,$E$98:$CY$98,0))&" ---> "&INDEX($E$100:$CY$113,MATCH($B61,$D$100:$D$113,0),MATCH($A$1,$E$98:$CY$98,0)),"-") -> - | E61: =IFERROR(INDEX($E$117:$CY$130,MATCH($B61,$D$117:$D$130,0),MATCH($A$2,$E$115:$CY$115,0))&" ---> "&INDEX($E$117:$CY$130,MATCH($B61,$D$117:$D$130,0),MATCH($A$1,$E$115:$CY$115,0)),"-") -> - | F61: =IFERROR(INDEX($E$134:$CY$147,MATCH($B61,$D$134:$D$147,0),MATCH($A$2,$E$132:$CY$132,0))&" ---> "&INDEX($E$134:$CY$147,MATCH($B61,$D$134:$D$147,0),MATCH($A$1,$E$132:$CY$132,0)),"-") -> - | G61: =IFERROR(INDEX($E$151:$CY$164,MATCH($B61,$D$151:$D$164,0),MATCH($A$2,$E$149:$CY$149,0))&" ---> "&INDEX($E$151:$CY$164,MATCH($B61,$D$151:$D$164,0),MATCH($A$1,$E$149:$CY$149,0)),"-") -> - | H61: =IFERROR(INDEX($E$169:$CY$182,MATCH($B61,$D$169:$D$182,0),MATCH($A$2,$E$167:$CY$167,0))&" ---> "&INDEX($E$169:$CY$182,MATCH($B61,$D$169:$D$182,0),MATCH($A$1,$E$167:$CY$167,0)),"-") -> - | I61: =IFERROR(INDEX($E$186:$CY$224,MATCH($B61,$D$186:$D$224,0),MATCH($A$2,$E$184:$CY$184,0))&" ---> "&INDEX($E$186:$CY$224,MATCH($B61,$D$186:$D$224,0),MATCH($A$1,$E$184:$CY$184,0)),"-") -> - | J61: =IFERROR(INDEX($E$228:$BK$243,MATCH($B61,$D$228:$D$243,0),MATCH($A$2,$E$226:$BK$226,0))&" ---> "&INDEX($E$228:$BK$243,MATCH($B61,$D$228:$D$243,0),MATCH($A$1,$E$226:$BK$226,0)),"-") -> - | K61: =IFERROR(INDEX($E$246:$CY$260,MATCH($B61,$D$246:$D$260,0),MATCH($A$2,$E$244:$CY$244,0))&" ---> "&INDEX($E$246:$CY$260,MATCH($B61,$D$246:$D$260,0),MATCH($A$1,$E$244:$CY$244,0)),"-") -> -
B62: =IFERROR(__xludf.DUMMYFUNCTION("""COMPUTED_VALUE"""),"Removerdores (UN)") -> Removerdores (UN) | C62: =IFERROR(INDEX($E$82:$CY$96,MATCH($B62,$D$82:$D$96,0),MATCH($A$2,$E$80:$CY$80,0))&" ---> "&INDEX($E$82:$CY$96,MATCH($B62,$D$82:$D$96,0),MATCH($A$1,$E$80:$CY$80,0)),"-") -> - | D62: =IFERROR(INDEX($E$100:$CY$113,MATCH($B62,$D$100:$D$113,0),MATCH($A$2,$E$98:$CY$98,0))&" ---> "&INDEX($E$100:$CY$113,MATCH($B62,$D$100:$D$113,0),MATCH($A$1,$E$98:$CY$98,0)),"-") -> - | E62: =IFERROR(INDEX($E$117:$CY$130,MATCH($B62,$D$117:$D$130,0),MATCH($A$2,$E$115:$CY$115,0))&" ---> "&INDEX($E$117:$CY$130,MATCH($B62,$D$117:$D$130,0),MATCH($A$1,$E$115:$CY$115,0)),"-") -> - | F62: =IFERROR(INDEX($E$134:$CY$147,MATCH($B62,$D$134:$D$147,0),MATCH($A$2,$E$132:$CY$132,0))&" ---> "&INDEX($E$134:$CY$147,MATCH($B62,$D$134:$D$147,0),MATCH($A$1,$E$132:$CY$132,0)),"-") -> - | G62: =IFERROR(INDEX($E$151:$CY$164,MATCH($B62,$D$151:$D$164,0),MATCH($A$2,$E$149:$CY$149,0))&" ---> "&INDEX($E$151:$CY$164,MATCH($B62,$D$151:$D$164,0),MATCH($A$1,$E$149:$CY$149,0)),"-") -> - | H62: =IFERROR(INDEX($E$169:$CY$182,MATCH($B62,$D$169:$D$182,0),MATCH($A$2,$E$167:$CY$167,0))&" ---> "&INDEX($E$169:$CY$182,MATCH($B62,$D$169:$D$182,0),MATCH($A$1,$E$167:$CY$167,0)),"-") -> - | I62: =IFERROR(INDEX($E$186:$CY$224,MATCH($B62,$D$186:$D$224,0),MATCH($A$2,$E$184:$CY$184,0))&" ---> "&INDEX($E$186:$CY$224,MATCH($B62,$D$186:$D$224,0),MATCH($A$1,$E$184:$CY$184,0)),"-") -> - | J62: =IFERROR(INDEX($E$228:$BK$243,MATCH($B62,$D$228:$D$243,0),MATCH($A$2,$E$226:$BK$226,0))&" ---> "&INDEX($E$228:$BK$243,MATCH($B62,$D$228:$D$243,0),MATCH($A$1,$E$226:$BK$226,0)),"-") -> - | K62: =IFERROR(INDEX($E$246:$CY$260,MATCH($B62,$D$246:$D$260,0),MATCH($A$2,$E$244:$CY$244,0))&" ---> "&INDEX($E$246:$CY$260,MATCH($B62,$D$246:$D$260,0),MATCH($A$1,$E$244:$CY$244,0)),"-") -> -
B63: =IFERROR(__xludf.DUMMYFUNCTION("""COMPUTED_VALUE"""),"Cafe Caribe Grano (KG)") -> Cafe Caribe Grano (KG) | C63: =IFERROR(INDEX($E$82:$CY$96,MATCH($B63,$D$82:$D$96,0),MATCH($A$2,$E$80:$CY$80,0))&" ---> "&INDEX($E$82:$CY$96,MATCH($B63,$D$82:$D$96,0),MATCH($A$1,$E$80:$CY$80,0)),"-") -> - | D63: =IFERROR(INDEX($E$100:$CY$113,MATCH($B63,$D$100:$D$113,0),MATCH($A$2,$E$98:$CY$98,0))&" ---> "&INDEX($E$100:$CY$113,MATCH($B63,$D$100:$D$113,0),MATCH($A$1,$E$98:$CY$98,0)),"-") -> - | E63: =IFERROR(INDEX($E$117:$CY$130,MATCH($B63,$D$117:$D$130,0),MATCH($A$2,$E$115:$CY$115,0))&" ---> "&INDEX($E$117:$CY$130,MATCH($B63,$D$117:$D$130,0),MATCH($A$1,$E$115:$CY$115,0)),"-") -> - | F63: =IFERROR(INDEX($E$134:$CY$147,MATCH($B63,$D$134:$D$147,0),MATCH($A$2,$E$132:$CY$132,0))&" ---> "&INDEX($E$134:$CY$147,MATCH($B63,$D$134:$D$147,0),MATCH($A$1,$E$132:$CY$132,0)),"-") -> - | G63: =IFERROR(INDEX($E$151:$CY$164,MATCH($B63,$D$151:$D$164,0),MATCH($A$2,$E$149:$CY$149,0))&" ---> "&INDEX($E$151:$CY$164,MATCH($B63,$D$151:$D$164,0),MATCH($A$1,$E$149:$CY$149,0)),"-") -> - | H63: =IFERROR(INDEX($E$169:$CY$182,MATCH($B63,$D$169:$D$182,0),MATCH($A$2,$E$167:$CY$167,0))&" ---> "&INDEX($E$169:$CY$182,MATCH($B63,$D$169:$D$182,0),MATCH($A$1,$E$167:$CY$167,0)),"-") -> - | I63: =IFERROR(INDEX($E$186:$CY$224,MATCH($B63,$D$186:$D$224,0),MATCH($A$2,$E$184:$CY$184,0))&" ---> "&INDEX($E$186:$CY$224,MATCH($B63,$D$186:$D$224,0),MATCH($A$1,$E$184:$CY$184,0)),"-") -> - | J63: =IFERROR(INDEX($E$228:$BK$243,MATCH($B63,$D$228:$D$243,0),MATCH($A$2,$E$226:$BK$226,0))&" ---> "&INDEX($E$228:$BK$243,MATCH($B63,$D$228:$D$243,0),MATCH($A$1,$E$226:$BK$226,0)),"-") -> - | K63: =IFERROR(INDEX($E$246:$CY$260,MATCH($B63,$D$246:$D$260,0),MATCH($A$2,$E$244:$CY$244,0))&" ---> "&INDEX($E$246:$CY$260,MATCH($B63,$D$246:$D$260,0),MATCH($A$1,$E$244:$CY$244,0)),"-") -> -
B64: =IFERROR(__xludf.DUMMYFUNCTION("""COMPUTED_VALUE"""),"Aceto Balsamico") -> Aceto Balsamico | C64: =IFERROR(INDEX($E$82:$CY$96,MATCH($B64,$D$82:$D$96,0),MATCH($A$2,$E$80:$CY$80,0))&" ---> "&INDEX($E$82:$CY$96,MATCH($B64,$D$82:$D$96,0),MATCH($A$1,$E$80:$CY$80,0)),"-") -> - | D64: =IFERROR(INDEX($E$100:$CY$113,MATCH($B64,$D$100:$D$113,0),MATCH($A$2,$E$98:$CY$98,0))&" ---> "&INDEX($E$100:$CY$113,MATCH($B64,$D$100:$D$113,0),MATCH($A$1,$E$98:$CY$98,0)),"-") -> - | E64: =IFERROR(INDEX($E$117:$CY$130,MATCH($B64,$D$117:$D$130,0),MATCH($A$2,$E$115:$CY$115,0))&" ---> "&INDEX($E$117:$CY$130,MATCH($B64,$D$117:$D$130,0),MATCH($A$1,$E$115:$CY$115,0)),"-") -> - | F64: =IFERROR(INDEX($E$134:$CY$147,MATCH($B64,$D$134:$D$147,0),MATCH($A$2,$E$132:$CY$132,0))&" ---> "&INDEX($E$134:$CY$147,MATCH($B64,$D$134:$D$147,0),MATCH($A$1,$E$132:$CY$132,0)),"-") -> - | G64: =IFERROR(INDEX($E$151:$CY$164,MATCH($B64,$D$151:$D$164,0),MATCH($A$2,$E$149:$CY$149,0))&" ---> "&INDEX($E$151:$CY$164,MATCH($B64,$D$151:$D$164,0),MATCH($A$1,$E$149:$CY$149,0)),"-") -> - | H64: =IFERROR(INDEX($E$169:$CY$182,MATCH($B64,$D$169:$D$182,0),MATCH($A$2,$E$167:$CY$167,0))&" ---> "&INDEX($E$169:$CY$182,MATCH($B64,$D$169:$D$182,0),MATCH($A$1,$E$167:$CY$167,0)),"-") -> - | I64: =IFERROR(INDEX($E$186:$CY$224,MATCH($B64,$D$186:$D$224,0),MATCH($A$2,$E$184:$CY$184,0))&" ---> "&INDEX($E$186:$CY$224,MATCH($B64,$D$186:$D$224,0),MATCH($A$1,$E$184:$CY$184,0)),"-") -> - | J64: =IFERROR(INDEX($E$228:$BK$243,MATCH($B64,$D$228:$D$243,0),MATCH($A$2,$E$226:$BK$226,0))&" ---> "&INDEX($E$228:$BK$243,MATCH($B64,$D$228:$D$243,0),MATCH($A$1,$E$226:$BK$226,0)),"-") -> - | K64: =IFERROR(INDEX($E$246:$CY$260,MATCH($B64,$D$246:$D$260,0),MATCH($A$2,$E$244:$CY$244,0))&" ---> "&INDEX($E$246:$CY$260,MATCH($B64,$D$246:$D$260,0),MATCH($A$1,$E$244:$CY$244,0)),"-") -> -
B65: =IFERROR(__xludf.DUMMYFUNCTION("""COMPUTED_VALUE"""),"Vinagre") -> Vinagre | C65: =IFERROR(INDEX($E$82:$CY$96,MATCH($B65,$D$82:$D$96,0),MATCH($A$2,$E$80:$CY$80,0))&" ---> "&INDEX($E$82:$CY$96,MATCH($B65,$D$82:$D$96,0),MATCH($A$1,$E$80:$CY$80,0)),"-") -> - | D65: =IFERROR(INDEX($E$100:$CY$113,MATCH($B65,$D$100:$D$113,0),MATCH($A$2,$E$98:$CY$98,0))&" ---> "&INDEX($E$100:$CY$113,MATCH($B65,$D$100:$D$113,0),MATCH($A$1,$E$98:$CY$98,0)),"-") -> - | E65: =IFERROR(INDEX($E$117:$CY$130,MATCH($B65,$D$117:$D$130,0),MATCH($A$2,$E$115:$CY$115,0))&" ---> "&INDEX($E$117:$CY$130,MATCH($B65,$D$117:$D$130,0),MATCH($A$1,$E$115:$CY$115,0)),"-") -> - | F65: =IFERROR(INDEX($E$134:$CY$147,MATCH($B65,$D$134:$D$147,0),MATCH($A$2,$E$132:$CY$132,0))&" ---> "&INDEX($E$134:$CY$147,MATCH($B65,$D$134:$D$147,0),MATCH($A$1,$E$132:$CY$132,0)),"-") -> - | G65: =IFERROR(INDEX($E$151:$CY$164,MATCH($B65,$D$151:$D$164,0),MATCH($A$2,$E$149:$CY$149,0))&" ---> "&INDEX($E$151:$CY$164,MATCH($B65,$D$151:$D$164,0),MATCH($A$1,$E$149:$CY$149,0)),"-") -> - | H65: =IFERROR(INDEX($E$169:$CY$182,MATCH($B65,$D$169:$D$182,0),MATCH($A$2,$E$167:$CY$167,0))&" ---> "&INDEX($E$169:$CY$182,MATCH($B65,$D$169:$D$182,0),MATCH($A$1,$E$167:$CY$167,0)),"-") -> - | I65: =IFERROR(INDEX($E$186:$CY$224,MATCH($B65,$D$186:$D$224,0),MATCH($A$2,$E$184:$CY$184,0))&" ---> "&INDEX($E$186:$CY$224,MATCH($B65,$D$186:$D$224,0),MATCH($A$1,$E$184:$CY$184,0)),"-") -> - | J65: =IFERROR(INDEX($E$228:$BK$243,MATCH($B65,$D$228:$D$243,0),MATCH($A$2,$E$226:$BK$226,0))&" ---> "&INDEX($E$228:$BK$243,MATCH($B65,$D$228:$D$243,0),MATCH($A$1,$E$226:$BK$226,0)),"-") -> - | K65: =IFERROR(INDEX($E$246:$CY$260,MATCH($B65,$D$246:$D$260,0),MATCH($A$2,$E$244:$CY$244,0))&" ---> "&INDEX($E$246:$CY$260,MATCH($B65,$D$246:$D$260,0),MATCH($A$1,$E$244:$CY$244,0)),"-") -> -
B66: =IFERROR(__xludf.DUMMYFUNCTION("""COMPUTED_VALUE"""),"Sucedaneo Limon") -> Sucedaneo Limon | C66: =IFERROR(INDEX($E$82:$CY$96,MATCH($B66,$D$82:$D$96,0),MATCH($A$2,$E$80:$CY$80,0))&" ---> "&INDEX($E$82:$CY$96,MATCH($B66,$D$82:$D$96,0),MATCH($A$1,$E$80:$CY$80,0)),"-") -> - | D66: =IFERROR(INDEX($E$100:$CY$113,MATCH($B66,$D$100:$D$113,0),MATCH($A$2,$E$98:$CY$98,0))&" ---> "&INDEX($E$100:$CY$113,MATCH($B66,$D$100:$D$113,0),MATCH($A$1,$E$98:$CY$98,0)),"-") -> - | E66: =IFERROR(INDEX($E$117:$CY$130,MATCH($B66,$D$117:$D$130,0),MATCH($A$2,$E$115:$CY$115,0))&" ---> "&INDEX($E$117:$CY$130,MATCH($B66,$D$117:$D$130,0),MATCH($A$1,$E$115:$CY$115,0)),"-") -> - | F66: =IFERROR(INDEX($E$134:$CY$147,MATCH($B66,$D$134:$D$147,0),MATCH($A$2,$E$132:$CY$132,0))&" ---> "&INDEX($E$134:$CY$147,MATCH($B66,$D$134:$D$147,0),MATCH($A$1,$E$132:$CY$132,0)),"-") -> - | G66: =IFERROR(INDEX($E$151:$CY$164,MATCH($B66,$D$151:$D$164,0),MATCH($A$2,$E$149:$CY$149,0))&" ---> "&INDEX($E$151:$CY$164,MATCH($B66,$D$151:$D$164,0),MATCH($A$1,$E$149:$CY$149,0)),"-") -> - | H66: =IFERROR(INDEX($E$169:$CY$182,MATCH($B66,$D$169:$D$182,0),MATCH($A$2,$E$167:$CY$167,0))&" ---> "&INDEX($E$169:$CY$182,MATCH($B66,$D$169:$D$182,0),MATCH($A$1,$E$167:$CY$167,0)),"-") -> - | I66: =IFERROR(INDEX($E$186:$CY$224,MATCH($B66,$D$186:$D$224,0),MATCH($A$2,$E$184:$CY$184,0))&" ---> "&INDEX($E$186:$CY$224,MATCH($B66,$D$186:$D$224,0),MATCH($A$1,$E$184:$CY$184,0)),"-") -> - | J66: =IFERROR(INDEX($E$228:$BK$243,MATCH($B66,$D$228:$D$243,0),MATCH($A$2,$E$226:$BK$226,0))&" ---> "&INDEX($E$228:$BK$243,MATCH($B66,$D$228:$D$243,0),MATCH($A$1,$E$226:$BK$226,0)),"-") -> - | K66: =IFERROR(INDEX($E$246:$CY$260,MATCH($B66,$D$246:$D$260,0),MATCH($A$2,$E$244:$CY$244,0))&" ---> "&INDEX($E$246:$CY$260,MATCH($B66,$D$246:$D$260,0),MATCH($A$1,$E$244:$CY$244,0)),"-") -> -
B67: =IFERROR(__xludf.DUMMYFUNCTION("""COMPUTED_VALUE"""),"Te caja negro supremo ") -> Te caja negro supremo | C67: =IFERROR(INDEX($E$82:$CY$96,MATCH($B67,$D$82:$D$96,0),MATCH($A$2,$E$80:$CY$80,0))&" ---> "&INDEX($E$82:$CY$96,MATCH($B67,$D$82:$D$96,0),MATCH($A$1,$E$80:$CY$80,0)),"-") -> - | D67: =IFERROR(INDEX($E$100:$CY$113,MATCH($B67,$D$100:$D$113,0),MATCH($A$2,$E$98:$CY$98,0))&" ---> "&INDEX($E$100:$CY$113,MATCH($B67,$D$100:$D$113,0),MATCH($A$1,$E$98:$CY$98,0)),"-") -> - | E67: =IFERROR(INDEX($E$117:$CY$130,MATCH($B67,$D$117:$D$130,0),MATCH($A$2,$E$115:$CY$115,0))&" ---> "&INDEX($E$117:$CY$130,MATCH($B67,$D$117:$D$130,0),MATCH($A$1,$E$115:$CY$115,0)),"-") -> - | F67: =IFERROR(INDEX($E$134:$CY$147,MATCH($B67,$D$134:$D$147,0),MATCH($A$2,$E$132:$CY$132,0))&" ---> "&INDEX($E$134:$CY$147,MATCH($B67,$D$134:$D$147,0),MATCH($A$1,$E$132:$CY$132,0)),"-") -> - | G67: =IFERROR(INDEX($E$151:$CY$164,MATCH($B67,$D$151:$D$164,0),MATCH($A$2,$E$149:$CY$149,0))&" ---> "&INDEX($E$151:$CY$164,MATCH($B67,$D$151:$D$164,0),MATCH($A$1,$E$149:$CY$149,0)),"-") -> - | H67: =IFERROR(INDEX($E$169:$CY$182,MATCH($B67,$D$169:$D$182,0),MATCH($A$2,$E$167:$CY$167,0))&" ---> "&INDEX($E$169:$CY$182,MATCH($B67,$D$169:$D$182,0),MATCH($A$1,$E$167:$CY$167,0)),"-") -> - | I67: =IFERROR(INDEX($E$186:$CY$224,MATCH($B67,$D$186:$D$224,0),MATCH($A$2,$E$184:$CY$184,0))&" ---> "&INDEX($E$186:$CY$224,MATCH($B67,$D$186:$D$224,0),MATCH($A$1,$E$184:$CY$184,0)),"-") -> - | J67: =IFERROR(INDEX($E$228:$BK$243,MATCH($B67,$D$228:$D$243,0),MATCH($A$2,$E$226:$BK$226,0))&" ---> "&INDEX($E$228:$BK$243,MATCH($B67,$D$228:$D$243,0),MATCH($A$1,$E$226:$BK$226,0)),"-") -> - | K67: =IFERROR(INDEX($E$246:$CY$260,MATCH($B67,$D$246:$D$260,0),MATCH($A$2,$E$244:$CY$244,0))&" ---> "&INDEX($E$246:$CY$260,MATCH($B67,$D$246:$D$260,0),MATCH($A$1,$E$244:$CY$244,0)),"-") -> -
B68: =IFERROR(__xludf.DUMMYFUNCTION("""COMPUTED_VALUE"""),"Te caja amarillo Lipton") -> Te caja amarillo Lipton | C68: =IFERROR(INDEX($E$82:$CY$96,MATCH($B68,$D$82:$D$96,0),MATCH($A$2,$E$80:$CY$80,0))&" ---> "&INDEX($E$82:$CY$96,MATCH($B68,$D$82:$D$96,0),MATCH($A$1,$E$80:$CY$80,0)),"-") -> - | D68: =IFERROR(INDEX($E$100:$CY$113,MATCH($B68,$D$100:$D$113,0),MATCH($A$2,$E$98:$CY$98,0))&" ---> "&INDEX($E$100:$CY$113,MATCH($B68,$D$100:$D$113,0),MATCH($A$1,$E$98:$CY$98,0)),"-") -> - | E68: =IFERROR(INDEX($E$117:$CY$130,MATCH($B68,$D$117:$D$130,0),MATCH($A$2,$E$115:$CY$115,0))&" ---> "&INDEX($E$117:$CY$130,MATCH($B68,$D$117:$D$130,0),MATCH($A$1,$E$115:$CY$115,0)),"-") -> - | F68: =IFERROR(INDEX($E$134:$CY$147,MATCH($B68,$D$134:$D$147,0),MATCH($A$2,$E$132:$CY$132,0))&" ---> "&INDEX($E$134:$CY$147,MATCH($B68,$D$134:$D$147,0),MATCH($A$1,$E$132:$CY$132,0)),"-") -> - | G68: =IFERROR(INDEX($E$151:$CY$164,MATCH($B68,$D$151:$D$164,0),MATCH($A$2,$E$149:$CY$149,0))&" ---> "&INDEX($E$151:$CY$164,MATCH($B68,$D$151:$D$164,0),MATCH($A$1,$E$149:$CY$149,0)),"-") -> - | H68: =IFERROR(INDEX($E$169:$CY$182,MATCH($B68,$D$169:$D$182,0),MATCH($A$2,$E$167:$CY$167,0))&" ---> "&INDEX($E$169:$CY$182,MATCH($B68,$D$169:$D$182,0),MATCH($A$1,$E$167:$CY$167,0)),"-") -> - | I68: =IFERROR(INDEX($E$186:$CY$224,MATCH($B68,$D$186:$D$224,0),MATCH($A$2,$E$184:$CY$184,0))&" ---> "&INDEX($E$186:$CY$224,MATCH($B68,$D$186:$D$224,0),MATCH($A$1,$E$184:$CY$184,0)),"-") -> - | J68: =IFERROR(INDEX($E$228:$BK$243,MATCH($B68,$D$228:$D$243,0),MATCH($A$2,$E$226:$BK$226,0))&" ---> "&INDEX($E$228:$BK$243,MATCH($B68,$D$228:$D$243,0),MATCH($A$1,$E$226:$BK$226,0)),"-") -> - | K68: =IFERROR(INDEX($E$246:$CY$260,MATCH($B68,$D$246:$D$260,0),MATCH($A$2,$E$244:$CY$244,0))&" ---> "&INDEX($E$246:$CY$260,MATCH($B68,$D$246:$D$260,0),MATCH($A$1,$E$244:$CY$244,0)),"-") -> -
B69: =IFERROR(__xludf.DUMMYFUNCTION("""COMPUTED_VALUE"""),"Te caja surtidos") -> Te caja surtidos | C69: =IFERROR(INDEX($E$82:$CY$96,MATCH($B69,$D$82:$D$96,0),MATCH($A$2,$E$80:$CY$80,0))&" ---> "&INDEX($E$82:$CY$96,MATCH($B69,$D$82:$D$96,0),MATCH($A$1,$E$80:$CY$80,0)),"-") -> - | D69: =IFERROR(INDEX($E$100:$CY$113,MATCH($B69,$D$100:$D$113,0),MATCH($A$2,$E$98:$CY$98,0))&" ---> "&INDEX($E$100:$CY$113,MATCH($B69,$D$100:$D$113,0),MATCH($A$1,$E$98:$CY$98,0)),"-") -> - | E69: =IFERROR(INDEX($E$117:$CY$130,MATCH($B69,$D$117:$D$130,0),MATCH($A$2,$E$115:$CY$115,0))&" ---> "&INDEX($E$117:$CY$130,MATCH($B69,$D$117:$D$130,0),MATCH($A$1,$E$115:$CY$115,0)),"-") -> - | F69: =IFERROR(INDEX($E$134:$CY$147,MATCH($B69,$D$134:$D$147,0),MATCH($A$2,$E$132:$CY$132,0))&" ---> "&INDEX($E$134:$CY$147,MATCH($B69,$D$134:$D$147,0),MATCH($A$1,$E$132:$CY$132,0)),"-") -> - | G69: =IFERROR(INDEX($E$151:$CY$164,MATCH($B69,$D$151:$D$164,0),MATCH($A$2,$E$149:$CY$149,0))&" ---> "&INDEX($E$151:$CY$164,MATCH($B69,$D$151:$D$164,0),MATCH($A$1,$E$149:$CY$149,0)),"-") -> - | H69: =IFERROR(INDEX($E$169:$CY$182,MATCH($B69,$D$169:$D$182,0),MATCH($A$2,$E$167:$CY$167,0))&" ---> "&INDEX($E$169:$CY$182,MATCH($B69,$D$169:$D$182,0),MATCH($A$1,$E$167:$CY$167,0)),"-") -> - | I69: =IFERROR(INDEX($E$186:$CY$224,MATCH($B69,$D$186:$D$224,0),MATCH($A$2,$E$184:$CY$184,0))&" ---> "&INDEX($E$186:$CY$224,MATCH($B69,$D$186:$D$224,0),MATCH($A$1,$E$184:$CY$184,0)),"-") -> - | J69: =IFERROR(INDEX($E$228:$BK$243,MATCH($B69,$D$228:$D$243,0),MATCH($A$2,$E$226:$BK$226,0))&" ---> "&INDEX($E$228:$BK$243,MATCH($B69,$D$228:$D$243,0),MATCH($A$1,$E$226:$BK$226,0)),"-") -> - | K69: =IFERROR(INDEX($E$246:$CY$260,MATCH($B69,$D$246:$D$260,0),MATCH($A$2,$E$244:$CY$244,0))&" ---> "&INDEX($E$246:$CY$260,MATCH($B69,$D$246:$D$260,0),MATCH($A$1,$E$244:$CY$244,0)),"-") -> -
B70: =IFERROR(__xludf.DUMMYFUNCTION("""COMPUTED_VALUE"""),"Jabon liquido") -> Jabon liquido | C70: =IFERROR(INDEX($E$82:$CY$96,MATCH($B70,$D$82:$D$96,0),MATCH($A$2,$E$80:$CY$80,0))&" ---> "&INDEX($E$82:$CY$96,MATCH($B70,$D$82:$D$96,0),MATCH($A$1,$E$80:$CY$80,0)),"-") -> - | D70: =IFERROR(INDEX($E$100:$CY$113,MATCH($B70,$D$100:$D$113,0),MATCH($A$2,$E$98:$CY$98,0))&" ---> "&INDEX($E$100:$CY$113,MATCH($B70,$D$100:$D$113,0),MATCH($A$1,$E$98:$CY$98,0)),"-") -> - | E70: =IFERROR(INDEX($E$117:$CY$130,MATCH($B70,$D$117:$D$130,0),MATCH($A$2,$E$115:$CY$115,0))&" ---> "&INDEX($E$117:$CY$130,MATCH($B70,$D$117:$D$130,0),MATCH($A$1,$E$115:$CY$115,0)),"-") -> - | F70: =IFERROR(INDEX($E$134:$CY$147,MATCH($B70,$D$134:$D$147,0),MATCH($A$2,$E$132:$CY$132,0))&" ---> "&INDEX($E$134:$CY$147,MATCH($B70,$D$134:$D$147,0),MATCH($A$1,$E$132:$CY$132,0)),"-") -> - | G70: =IFERROR(INDEX($E$151:$CY$164,MATCH($B70,$D$151:$D$164,0),MATCH($A$2,$E$149:$CY$149,0))&" ---> "&INDEX($E$151:$CY$164,MATCH($B70,$D$151:$D$164,0),MATCH($A$1,$E$149:$CY$149,0)),"-") -> - | H70: =IFERROR(INDEX($E$169:$CY$182,MATCH($B70,$D$169:$D$182,0),MATCH($A$2,$E$167:$CY$167,0))&" ---> "&INDEX($E$169:$CY$182,MATCH($B70,$D$169:$D$182,0),MATCH($A$1,$E$167:$CY$167,0)),"-") -> - | I70: =IFERROR(INDEX($E$186:$CY$224,MATCH($B70,$D$186:$D$224,0),MATCH($A$2,$E$184:$CY$184,0))&" ---> "&INDEX($E$186:$CY$224,MATCH($B70,$D$186:$D$224,0),MATCH($A$1,$E$184:$CY$184,0)),"-") -> - | J70: =IFERROR(INDEX($E$228:$BK$243,MATCH($B70,$D$228:$D$243,0),MATCH($A$2,$E$226:$BK$226,0))&" ---> "&INDEX($E$228:$BK$243,MATCH($B70,$D$228:$D$243,0),MATCH($A$1,$E$226:$BK$226,0)),"-") -> - | K70: =IFERROR(INDEX($E$246:$CY$260,MATCH($B70,$D$246:$D$260,0),MATCH($A$2,$E$244:$CY$244,0))&" ---> "&INDEX($E$246:$CY$260,MATCH($B70,$D$246:$D$260,0),MATCH($A$1,$E$244:$CY$244,0)),"-") -> -
B71: =IFERROR(__xludf.DUMMYFUNCTION("""COMPUTED_VALUE"""),"Ambientador") -> Ambientador | C71: =IFERROR(INDEX($E$82:$CY$96,MATCH($B71,$D$82:$D$96,0),MATCH($A$2,$E$80:$CY$80,0))&" ---> "&INDEX($E$82:$CY$96,MATCH($B71,$D$82:$D$96,0),MATCH($A$1,$E$80:$CY$80,0)),"-") -> - | D71: =IFERROR(INDEX($E$100:$CY$113,MATCH($B71,$D$100:$D$113,0),MATCH($A$2,$E$98:$CY$98,0))&" ---> "&INDEX($E$100:$CY$113,MATCH($B71,$D$100:$D$113,0),MATCH($A$1,$E$98:$CY$98,0)),"-") -> - | E71: =IFERROR(INDEX($E$117:$CY$130,MATCH($B71,$D$117:$D$130,0),MATCH($A$2,$E$115:$CY$115,0))&" ---> "&INDEX($E$117:$CY$130,MATCH($B71,$D$117:$D$130,0),MATCH($A$1,$E$115:$CY$115,0)),"-") -> - | F71: =IFERROR(INDEX($E$134:$CY$147,MATCH($B71,$D$134:$D$147,0),MATCH($A$2,$E$132:$CY$132,0))&" ---> "&INDEX($E$134:$CY$147,MATCH($B71,$D$134:$D$147,0),MATCH($A$1,$E$132:$CY$132,0)),"-") -> - | G71: =IFERROR(INDEX($E$151:$CY$164,MATCH($B71,$D$151:$D$164,0),MATCH($A$2,$E$149:$CY$149,0))&" ---> "&INDEX($E$151:$CY$164,MATCH($B71,$D$151:$D$164,0),MATCH($A$1,$E$149:$CY$149,0)),"-") -> - | H71: =IFERROR(INDEX($E$169:$CY$182,MATCH($B71,$D$169:$D$182,0),MATCH($A$2,$E$167:$CY$167,0))&" ---> "&INDEX($E$169:$CY$182,MATCH($B71,$D$169:$D$182,0),MATCH($A$1,$E$167:$CY$167,0)),"-") -> - | I71: =IFERROR(INDEX($E$186:$CY$224,MATCH($B71,$D$186:$D$224,0),MATCH($A$2,$E$184:$CY$184,0))&" ---> "&INDEX($E$186:$CY$224,MATCH($B71,$D$186:$D$224,0),MATCH($A$1,$E$184:$CY$184,0)),"-") -> - | J71: =IFERROR(INDEX($E$228:$BK$243,MATCH($B71,$D$228:$D$243,0),MATCH($A$2,$E$226:$BK$226,0))&" ---> "&INDEX($E$228:$BK$243,MATCH($B71,$D$228:$D$243,0),MATCH($A$1,$E$226:$BK$226,0)),"-") -> - | K71: =IFERROR(INDEX($E$246:$CY$260,MATCH($B71,$D$246:$D$260,0),MATCH($A$2,$E$244:$CY$244,0))&" ---> "&INDEX($E$246:$CY$260,MATCH($B71,$D$246:$D$260,0),MATCH($A$1,$E$244:$CY$244,0)),"-") -> -
B72: =IFERROR(__xludf.DUMMYFUNCTION("""COMPUTED_VALUE"""),"Atomizador Pistola") -> Atomizador Pistola | C72: =IFERROR(INDEX($E$82:$CY$96,MATCH($B72,$D$82:$D$96,0),MATCH($A$2,$E$80:$CY$80,0))&" ---> "&INDEX($E$82:$CY$96,MATCH($B72,$D$82:$D$96,0),MATCH($A$1,$E$80:$CY$80,0)),"-") -> - | D72: =IFERROR(INDEX($E$100:$CY$113,MATCH($B72,$D$100:$D$113,0),MATCH($A$2,$E$98:$CY$98,0))&" ---> "&INDEX($E$100:$CY$113,MATCH($B72,$D$100:$D$113,0),MATCH($A$1,$E$98:$CY$98,0)),"-") -> - | E72: =IFERROR(INDEX($E$117:$CY$130,MATCH($B72,$D$117:$D$130,0),MATCH($A$2,$E$115:$CY$115,0))&" ---> "&INDEX($E$117:$CY$130,MATCH($B72,$D$117:$D$130,0),MATCH($A$1,$E$115:$CY$115,0)),"-") -> - | F72: =IFERROR(INDEX($E$134:$CY$147,MATCH($B72,$D$134:$D$147,0),MATCH($A$2,$E$132:$CY$132,0))&" ---> "&INDEX($E$134:$CY$147,MATCH($B72,$D$134:$D$147,0),MATCH($A$1,$E$132:$CY$132,0)),"-") -> - | G72: =IFERROR(INDEX($E$151:$CY$164,MATCH($B72,$D$151:$D$164,0),MATCH($A$2,$E$149:$CY$149,0))&" ---> "&INDEX($E$151:$CY$164,MATCH($B72,$D$151:$D$164,0),MATCH($A$1,$E$149:$CY$149,0)),"-") -> - | H72: =IFERROR(INDEX($E$169:$CY$182,MATCH($B72,$D$169:$D$182,0),MATCH($A$2,$E$167:$CY$167,0))&" ---> "&INDEX($E$169:$CY$182,MATCH($B72,$D$169:$D$182,0),MATCH($A$1,$E$167:$CY$167,0)),"-") -> - | I72: =IFERROR(INDEX($E$186:$CY$224,MATCH($B72,$D$186:$D$224,0),MATCH($A$2,$E$184:$CY$184,0))&" ---> "&INDEX($E$186:$CY$224,MATCH($B72,$D$186:$D$224,0),MATCH($A$1,$E$184:$CY$184,0)),"-") -> - | J72: =IFERROR(INDEX($E$228:$BK$243,MATCH($B72,$D$228:$D$243,0),MATCH($A$2,$E$226:$BK$226,0))&" ---> "&INDEX($E$228:$BK$243,MATCH($B72,$D$228:$D$243,0),MATCH($A$1,$E$226:$BK$226,0)),"-") -> - | K72: =IFERROR(INDEX($E$246:$CY$260,MATCH($B72,$D$246:$D$260,0),MATCH($A$2,$E$244:$CY$244,0))&" ---> "&INDEX($E$246:$CY$260,MATCH($B72,$D$246:$D$260,0),MATCH($A$1,$E$244:$CY$244,0)),"-") -> -
B73: =IFERROR(__xludf.DUMMYFUNCTION("""COMPUTED_VALUE"""),"Lavaloza") -> Lavaloza | C73: =IFERROR(INDEX($E$82:$CY$96,MATCH($B73,$D$82:$D$96,0),MATCH($A$2,$E$80:$CY$80,0))&" ---> "&INDEX($E$82:$CY$96,MATCH($B73,$D$82:$D$96,0),MATCH($A$1,$E$80:$CY$80,0)),"-") -> - | D73: =IFERROR(INDEX($E$100:$CY$113,MATCH($B73,$D$100:$D$113,0),MATCH($A$2,$E$98:$CY$98,0))&" ---> "&INDEX($E$100:$CY$113,MATCH($B73,$D$100:$D$113,0),MATCH($A$1,$E$98:$CY$98,0)),"-") -> - | E73: =IFERROR(INDEX($E$117:$CY$130,MATCH($B73,$D$117:$D$130,0),MATCH($A$2,$E$115:$CY$115,0))&" ---> "&INDEX($E$117:$CY$130,MATCH($B73,$D$117:$D$130,0),MATCH($A$1,$E$115:$CY$115,0)),"-") -> - | F73: =IFERROR(INDEX($E$134:$CY$147,MATCH($B73,$D$134:$D$147,0),MATCH($A$2,$E$132:$CY$132,0))&" ---> "&INDEX($E$134:$CY$147,MATCH($B73,$D$134:$D$147,0),MATCH($A$1,$E$132:$CY$132,0)),"-") -> - | G73: =IFERROR(INDEX($E$151:$CY$164,MATCH($B73,$D$151:$D$164,0),MATCH($A$2,$E$149:$CY$149,0))&" ---> "&INDEX($E$151:$CY$164,MATCH($B73,$D$151:$D$164,0),MATCH($A$1,$E$149:$CY$149,0)),"-") -> - | H73: =IFERROR(INDEX($E$169:$CY$182,MATCH($B73,$D$169:$D$182,0),MATCH($A$2,$E$167:$CY$167,0))&" ---> "&INDEX($E$169:$CY$182,MATCH($B73,$D$169:$D$182,0),MATCH($A$1,$E$167:$CY$167,0)),"-") -> - | I73: =IFERROR(INDEX($E$186:$CY$224,MATCH($B73,$D$186:$D$224,0),MATCH($A$2,$E$184:$CY$184,0))&" ---> "&INDEX($E$186:$CY$224,MATCH($B73,$D$186:$D$224,0),MATCH($A$1,$E$184:$CY$184,0)),"-") -> - | J73: =IFERROR(INDEX($E$228:$BK$243,MATCH($B73,$D$228:$D$243,0),MATCH($A$2,$E$226:$BK$226,0))&" ---> "&INDEX($E$228:$BK$243,MATCH($B73,$D$228:$D$243,0),MATCH($A$1,$E$226:$BK$226,0)),"-") -> - | K73: =IFERROR(INDEX($E$246:$CY$260,MATCH($B73,$D$246:$D$260,0),MATCH($A$2,$E$244:$CY$244,0))&" ---> "&INDEX($E$246:$CY$260,MATCH($B73,$D$246:$D$260,0),MATCH($A$1,$E$244:$CY$244,0)),"-") -> -
B74: =IFERROR(__xludf.DUMMYFUNCTION("""COMPUTED_VALUE"""),"Limpiador Antigrasa ") -> Limpiador Antigrasa | C74: =IFERROR(INDEX($E$82:$CY$96,MATCH($B74,$D$82:$D$96,0),MATCH($A$2,$E$80:$CY$80,0))&" ---> "&INDEX($E$82:$CY$96,MATCH($B74,$D$82:$D$96,0),MATCH($A$1,$E$80:$CY$80,0)),"-") -> - | D74: =IFERROR(INDEX($E$100:$CY$113,MATCH($B74,$D$100:$D$113,0),MATCH($A$2,$E$98:$CY$98,0))&" ---> "&INDEX($E$100:$CY$113,MATCH($B74,$D$100:$D$113,0),MATCH($A$1,$E$98:$CY$98,0)),"-") -> - | E74: =IFERROR(INDEX($E$117:$CY$130,MATCH($B74,$D$117:$D$130,0),MATCH($A$2,$E$115:$CY$115,0))&" ---> "&INDEX($E$117:$CY$130,MATCH($B74,$D$117:$D$130,0),MATCH($A$1,$E$115:$CY$115,0)),"-") -> - | F74: =IFERROR(INDEX($E$134:$CY$147,MATCH($B74,$D$134:$D$147,0),MATCH($A$2,$E$132:$CY$132,0))&" ---> "&INDEX($E$134:$CY$147,MATCH($B74,$D$134:$D$147,0),MATCH($A$1,$E$132:$CY$132,0)),"-") -> - | G74: =IFERROR(INDEX($E$151:$CY$164,MATCH($B74,$D$151:$D$164,0),MATCH($A$2,$E$149:$CY$149,0))&" ---> "&INDEX($E$151:$CY$164,MATCH($B74,$D$151:$D$164,0),MATCH($A$1,$E$149:$CY$149,0)),"-") -> - | H74: =IFERROR(INDEX($E$169:$CY$182,MATCH($B74,$D$169:$D$182,0),MATCH($A$2,$E$167:$CY$167,0))&" ---> "&INDEX($E$169:$CY$182,MATCH($B74,$D$169:$D$182,0),MATCH($A$1,$E$167:$CY$167,0)),"-") -> - | I74: =IFERROR(INDEX($E$186:$CY$224,MATCH($B74,$D$186:$D$224,0),MATCH($A$2,$E$184:$CY$184,0))&" ---> "&INDEX($E$186:$CY$224,MATCH($B74,$D$186:$D$224,0),MATCH($A$1,$E$184:$CY$184,0)),"-") -> - | J74: =IFERROR(INDEX($E$228:$BK$243,MATCH($B74,$D$228:$D$243,0),MATCH($A$2,$E$226:$BK$226,0))&" ---> "&INDEX($E$228:$BK$243,MATCH($B74,$D$228:$D$243,0),MATCH($A$1,$E$226:$BK$226,0)),"-") -> - | K74: =IFERROR(INDEX($E$246:$CY$260,MATCH($B74,$D$246:$D$260,0),MATCH($A$2,$E$244:$CY$244,0))&" ---> "&INDEX($E$246:$CY$260,MATCH($B74,$D$246:$D$260,0),MATCH($A$1,$E$244:$CY$244,0)),"-") -> -
B75: =IFERROR(__xludf.DUMMYFUNCTION("""COMPUTED_VALUE"""),"Lustra muebles") -> Lustra muebles | C75: =IFERROR(INDEX($E$82:$CY$96,MATCH($B75,$D$82:$D$96,0),MATCH($A$2,$E$80:$CY$80,0))&" ---> "&INDEX($E$82:$CY$96,MATCH($B75,$D$82:$D$96,0),MATCH($A$1,$E$80:$CY$80,0)),"-") -> - | D75: =IFERROR(INDEX($E$100:$CY$113,MATCH($B75,$D$100:$D$113,0),MATCH($A$2,$E$98:$CY$98,0))&" ---> "&INDEX($E$100:$CY$113,MATCH($B75,$D$100:$D$113,0),MATCH($A$1,$E$98:$CY$98,0)),"-") -> - | E75: =IFERROR(INDEX($E$117:$CY$130,MATCH($B75,$D$117:$D$130,0),MATCH($A$2,$E$115:$CY$115,0))&" ---> "&INDEX($E$117:$CY$130,MATCH($B75,$D$117:$D$130,0),MATCH($A$1,$E$115:$CY$115,0)),"-") -> - | F75: =IFERROR(INDEX($E$134:$CY$147,MATCH($B75,$D$134:$D$147,0),MATCH($A$2,$E$132:$CY$132,0))&" ---> "&INDEX($E$134:$CY$147,MATCH($B75,$D$134:$D$147,0),MATCH($A$1,$E$132:$CY$132,0)),"-") -> - | G75: =IFERROR(INDEX($E$151:$CY$164,MATCH($B75,$D$151:$D$164,0),MATCH($A$2,$E$149:$CY$149,0))&" ---> "&INDEX($E$151:$CY$164,MATCH($B75,$D$151:$D$164,0),MATCH($A$1,$E$149:$CY$149,0)),"-") -> - | H75: =IFERROR(INDEX($E$169:$CY$182,MATCH($B75,$D$169:$D$182,0),MATCH($A$2,$E$167:$CY$167,0))&" ---> "&INDEX($E$169:$CY$182,MATCH($B75,$D$169:$D$182,0),MATCH($A$1,$E$167:$CY$167,0)),"-") -> - | I75: =IFERROR(INDEX($E$186:$CY$224,MATCH($B75,$D$186:$D$224,0),MATCH($A$2,$E$184:$CY$184,0))&" ---> "&INDEX($E$186:$CY$224,MATCH($B75,$D$186:$D$224,0),MATCH($A$1,$E$184:$CY$184,0)),"-") -> - | J75: =IFERROR(INDEX($E$228:$BK$243,MATCH($B75,$D$228:$D$243,0),MATCH($A$2,$E$226:$BK$226,0))&" ---> "&INDEX($E$228:$BK$243,MATCH($B75,$D$228:$D$243,0),MATCH($A$1,$E$226:$BK$226,0)),"-") -> - | K75: =IFERROR(INDEX($E$246:$CY$260,MATCH($B75,$D$246:$D$260,0),MATCH($A$2,$E$244:$CY$244,0))&" ---> "&INDEX($E$246:$CY$260,MATCH($B75,$D$246:$D$260,0),MATCH($A$1,$E$244:$CY$244,0)),"-") -> -
B76: =IFERROR(__xludf.DUMMYFUNCTION("""COMPUTED_VALUE"""),"Cif en crema") -> Cif en crema | C76: =IFERROR(INDEX($E$82:$CY$96,MATCH($B76,$D$82:$D$96,0),MATCH($A$2,$E$80:$CY$80,0))&" ---> "&INDEX($E$82:$CY$96,MATCH($B76,$D$82:$D$96,0),MATCH($A$1,$E$80:$CY$80,0)),"-") -> - | D76: =IFERROR(INDEX($E$100:$CY$113,MATCH($B76,$D$100:$D$113,0),MATCH($A$2,$E$98:$CY$98,0))&" ---> "&INDEX($E$100:$CY$113,MATCH($B76,$D$100:$D$113,0),MATCH($A$1,$E$98:$CY$98,0)),"-") -> - | E76: =IFERROR(INDEX($E$117:$CY$130,MATCH($B76,$D$117:$D$130,0),MATCH($A$2,$E$115:$CY$115,0))&" ---> "&INDEX($E$117:$CY$130,MATCH($B76,$D$117:$D$130,0),MATCH($A$1,$E$115:$CY$115,0)),"-") -> - | F76: =IFERROR(INDEX($E$134:$CY$147,MATCH($B76,$D$134:$D$147,0),MATCH($A$2,$E$132:$CY$132,0))&" ---> "&INDEX($E$134:$CY$147,MATCH($B76,$D$134:$D$147,0),MATCH($A$1,$E$132:$CY$132,0)),"-") -> - | G76: =IFERROR(INDEX($E$151:$CY$164,MATCH($B76,$D$151:$D$164,0),MATCH($A$2,$E$149:$CY$149,0))&" ---> "&INDEX($E$151:$CY$164,MATCH($B76,$D$151:$D$164,0),MATCH($A$1,$E$149:$CY$149,0)),"-") -> - | H76: =IFERROR(INDEX($E$169:$CY$182,MATCH($B76,$D$169:$D$182,0),MATCH($A$2,$E$167:$CY$167,0))&" ---> "&INDEX($E$169:$CY$182,MATCH($B76,$D$169:$D$182,0),MATCH($A$1,$E$167:$CY$167,0)),"-") -> - | I76: =IFERROR(INDEX($E$186:$CY$224,MATCH($B76,$D$186:$D$224,0),MATCH($A$2,$E$184:$CY$184,0))&" ---> "&INDEX($E$186:$CY$224,MATCH($B76,$D$186:$D$224,0),MATCH($A$1,$E$184:$CY$184,0)),"-") -> - | J76: =IFERROR(INDEX($E$228:$BK$243,MATCH($B76,$D$228:$D$243,0),MATCH($A$2,$E$226:$BK$226,0))&" ---> "&INDEX($E$228:$BK$243,MATCH($B76,$D$228:$D$243,0),MATCH($A$1,$E$226:$BK$226,0)),"-") -> - | K76: =IFERROR(INDEX($E$246:$CY$260,MATCH($B76,$D$246:$D$260,0),MATCH($A$2,$E$244:$CY$244,0))&" ---> "&INDEX($E$246:$CY$260,MATCH($B76,$D$246:$D$260,0),MATCH($A$1,$E$244:$CY$244,0)),"-") -> -
C77: =IFERROR(INDEX($E$82:$CY$96,MATCH($B77,$D$82:$D$96,0),MATCH($A$2,$E$80:$CY$80,0))&" ---> "&INDEX($E$82:$CY$96,MATCH($B77,$D$82:$D$96,0),MATCH($A$1,$E$80:$CY$80,0)),"-") -> - | D77: =IFERROR(INDEX($E$100:$CY$113,MATCH($B77,$D$100:$D$113,0),MATCH($A$2,$E$98:$CY$98,0))&" ---> "&INDEX($E$100:$CY$113,MATCH($B77,$D$100:$D$113,0),MATCH($A$1,$E$98:$CY$98,0)),"-") -> - | E77: =IFERROR(INDEX($E$117:$CY$130,MATCH($B77,$D$117:$D$130,0),MATCH($A$2,$E$115:$CY$115,0))&" ---> "&INDEX($E$117:$CY$130,MATCH($B77,$D$117:$D$130,0),MATCH($A$1,$E$115:$CY$115,0)),"-") -> - | F77: =IFERROR(INDEX($E$134:$CY$147,MATCH($B77,$D$134:$D$147,0),MATCH($A$2,$E$132:$CY$132,0))&" ---> "&INDEX($E$134:$CY$147,MATCH($B77,$D$134:$D$147,0),MATCH($A$1,$E$132:$CY$132,0)),"-") -> - | G77: =IFERROR(INDEX($E$151:$CY$164,MATCH($B77,$D$151:$D$164,0),MATCH($A$2,$E$149:$CY$149,0))&" ---> "&INDEX($E$151:$CY$164,MATCH($B77,$D$151:$D$164,0),MATCH($A$1,$E$149:$CY$149,0)),"-") -> - | H77: =IFERROR(INDEX($E$169:$CY$182,MATCH($B77,$D$169:$D$182,0),MATCH($A$2,$E$167:$CY$167,0))&" ---> "&INDEX($E$169:$CY$182,MATCH($B77,$D$169:$D$182,0),MATCH($A$1,$E$167:$CY$167,0)),"-") -> - | I77: =IFERROR(INDEX($E$186:$CY$224,MATCH($B77,$D$186:$D$224,0),MATCH($A$2,$E$184:$CY$184,0))&" ---> "&INDEX($E$186:$CY$224,MATCH($B77,$D$186:$D$224,0),MATCH($A$1,$E$184:$CY$184,0)),"-") -> - | J77: =IFERROR(INDEX($E$228:$BK$243,MATCH($B77,$D$228:$D$243,0),MATCH($A$2,$E$226:$BK$226,0))&" ---> "&INDEX($E$228:$BK$243,MATCH($B77,$D$228:$D$243,0),MATCH($A$1,$E$226:$BK$226,0)),"-") -> - | K77: =IFERROR(INDEX($E$246:$CY$260,MATCH($B77,$D$246:$D$260,0),MATCH($A$2,$E$244:$CY$244,0))&" ---> "&INDEX($E$246:$CY$260,MATCH($B77,$D$246:$D$260,0),MATCH($A$1,$E$244:$CY$244,0)),"-") -> -
C78: =IFERROR(INDEX($E$82:$CY$96,MATCH($B78,$D$82:$D$96,0),MATCH($A$2,$E$80:$CY$80,0))&" ---> "&INDEX($E$82:$CY$96,MATCH($B78,$D$82:$D$96,0),MATCH($A$1,$E$80:$CY$80,0)),"-") -> - | D78: =IFERROR(INDEX($E$100:$CY$113,MATCH($B78,$D$100:$D$113,0),MATCH($A$2,$E$98:$CY$98,0))&" ---> "&INDEX($E$100:$CY$113,MATCH($B78,$D$100:$D$113,0),MATCH($A$1,$E$98:$CY$98,0)),"-") -> - | E78: =IFERROR(INDEX($E$117:$CY$130,MATCH($B78,$D$117:$D$130,0),MATCH($A$2,$E$115:$CY$115,0))&" ---> "&INDEX($E$117:$CY$130,MATCH($B78,$D$117:$D$130,0),MATCH($A$1,$E$115:$CY$115,0)),"-") -> - | F78: =IFERROR(INDEX($E$134:$CY$147,MATCH($B78,$D$134:$D$147,0),MATCH($A$2,$E$132:$CY$132,0))&" ---> "&INDEX($E$134:$CY$147,MATCH($B78,$D$134:$D$147,0),MATCH($A$1,$E$132:$CY$132,0)),"-") -> - | G78: =IFERROR(INDEX($E$151:$CY$164,MATCH($B78,$D$151:$D$164,0),MATCH($A$2,$E$149:$CY$149,0))&" ---> "&INDEX($E$151:$CY$164,MATCH($B78,$D$151:$D$164,0),MATCH($A$1,$E$149:$CY$149,0)),"-") -> - | H78: =IFERROR(INDEX($E$169:$CY$182,MATCH($B78,$D$169:$D$182,0),MATCH($A$2,$E$167:$CY$167,0))&" ---> "&INDEX($E$169:$CY$182,MATCH($B78,$D$169:$D$182,0),MATCH($A$1,$E$167:$CY$167,0)),"-") -> - | I78: =IFERROR(INDEX($E$186:$CY$224,MATCH($B78,$D$186:$D$224,0),MATCH($A$2,$E$184:$CY$184,0))&" ---> "&INDEX($E$186:$CY$224,MATCH($B78,$D$186:$D$224,0),MATCH($A$1,$E$184:$CY$184,0)),"-") -> - | J78: =IFERROR(INDEX($E$228:$BK$243,MATCH($B78,$D$228:$D$243,0),MATCH($A$2,$E$226:$BK$226,0))&" ---> "&INDEX($E$228:$BK$243,MATCH($B78,$D$228:$D$243,0),MATCH($A$1,$E$226:$BK$226,0)),"-") -> - | K78: =IFERROR(INDEX($E$246:$CY$260,MATCH($B78,$D$246:$D$260,0),MATCH($A$2,$E$244:$CY$244,0))&" ---> "&INDEX($E$246:$CY$260,MATCH($B78,$D$246:$D$260,0),MATCH($A$1,$E$244:$CY$244,0)),"-") -> -
C79: =IFERROR(INDEX($E$82:$CY$96,MATCH($B79,$D$82:$D$96,0),MATCH($A$2,$E$80:$CY$80,0))&" ---> "&INDEX($E$82:$CY$96,MATCH($B79,$D$82:$D$96,0),MATCH($A$1,$E$80:$CY$80,0)),"-") -> - | D79: =IFERROR(INDEX($E$100:$CY$113,MATCH($B79,$D$100:$D$113,0),MATCH($A$2,$E$98:$CY$98,0))&" ---> "&INDEX($E$100:$CY$113,MATCH($B79,$D$100:$D$113,0),MATCH($A$1,$E$98:$CY$98,0)),"-") -> - | E79: =IFERROR(INDEX($E$117:$CY$130,MATCH($B79,$D$117:$D$130,0),MATCH($A$2,$E$115:$CY$115,0))&" ---> "&INDEX($E$117:$CY$130,MATCH($B79,$D$117:$D$130,0),MATCH($A$1,$E$115:$CY$115,0)),"-") -> - | F79: =IFERROR(INDEX($E$134:$CY$147,MATCH($B79,$D$134:$D$147,0),MATCH($A$2,$E$132:$CY$132,0))&" ---> "&INDEX($E$134:$CY$147,MATCH($B79,$D$134:$D$147,0),MATCH($A$1,$E$132:$CY$132,0)),"-") -> - | G79: =IFERROR(INDEX($E$151:$CY$164,MATCH($B79,$D$151:$D$164,0),MATCH($A$2,$E$149:$CY$149,0))&" ---> "&INDEX($E$151:$CY$164,MATCH($B79,$D$151:$D$164,0),MATCH($A$1,$E$149:$CY$149,0)),"-") -> - | H79: =IFERROR(INDEX($E$169:$CY$182,MATCH($B79,$D$169:$D$182,0),MATCH($A$2,$E$167:$CY$167,0))&" ---> "&INDEX($E$169:$CY$182,MATCH($B79,$D$169:$D$182,0),MATCH($A$1,$E$167:$CY$167,0)),"-") -> - | I79: =IFERROR(INDEX($E$186:$CY$224,MATCH($B79,$D$186:$D$224,0),MATCH($A$2,$E$184:$CY$184,0))&" ---> "&INDEX($E$186:$CY$224,MATCH($B79,$D$186:$D$224,0),MATCH($A$1,$E$184:$CY$184,0)),"-") -> - | J79: =IFERROR(INDEX($E$228:$BK$243,MATCH($B79,$D$228:$D$243,0),MATCH($A$2,$E$226:$BK$226,0))&" ---> "&INDEX($E$228:$BK$243,MATCH($B79,$D$228:$D$243,0),MATCH($A$1,$E$226:$BK$226,0)),"-") -> - | K79: =IFERROR(INDEX($E$246:$CY$260,MATCH($B79,$D$246:$D$260,0),MATCH($A$2,$E$244:$CY$244,0))&" ---> "&INDEX($E$246:$CY$260,MATCH($B79,$D$246:$D$260,0),MATCH($A$1,$E$244:$CY$244,0)),"-") -> -
B80: =ABEDULES!A2 | C80: =ABEDULES!B2 | D80: =ABEDULES!C2 | E80: =ABEDULES!D2 -> 45811 | F80: =ABEDULES!E2 -> 45817 | G80: =ABEDULES!F2 -> 45824 | H80: =ABEDULES!G2 -> 45831 | I80: =ABEDULES!H2 -> 45845 | ... AS80: =ABEDULES!AR2 -> 46104
B81: =ABEDULES!A3 -> Sede | C81: =ABEDULES!B3 -> Proveedor | D81: =ABEDULES!C3 -> Producto | E81: =ABEDULES!D3 -> Stock Actual | F81: =ABEDULES!E3 -> Stock Actual | G81: =ABEDULES!F3 -> Stock Actual | H81: =ABEDULES!G3 -> Stock Actual | I81: =ABEDULES!H3 -> Stock Actual | ... AZ81: =ABEDULES!AY3
B82: =ABEDULES!A4 -> Abedules | C82: =ABEDULES!B4 -> Coporate Coffe | D82: =ABEDULES!C4 -> Cafe Grano (KG) | E82: =ABEDULES!D4 -> 1 | F82: =ABEDULES!E4 -> 0 | G82: =ABEDULES!F4 -> 3 | H82: =ABEDULES!G4 -> 1 | I82: =ABEDULES!H4 | ... AZ82: =ABEDULES!AY4
B83: =ABEDULES!A5 -> Abedules | C83: =ABEDULES!B5 -> Cafeteria | D83: =ABEDULES!C5 -> Toalla de Papel Jumbo (UN) | E83: =ABEDULES!D5 -> 12 | F83: =ABEDULES!E5 -> 6 | G83: =ABEDULES!F5 -> 0 | H83: =ABEDULES!G5 -> 0 | I83: =ABEDULES!H5 | ... AZ83: =ABEDULES!AY5
B84: =ABEDULES!A6 -> Abedules | C84: =ABEDULES!B6 -> Cafeteria | D84: =ABEDULES!C6 -> Papel Higienico (UN) | E84: =ABEDULES!D6 -> 31 | F84: =ABEDULES!E6 -> 25 | G84: =ABEDULES!F6 -> 20 | H84: =ABEDULES!G6 -> 16 | I84: =ABEDULES!H6 | ... AZ84: =ABEDULES!AY6
B85: =ABEDULES!A7 -> Abedules | C85: =ABEDULES!B7 -> Cafeteria | D85: =ABEDULES!C7 -> Resma Papel Fotocopia (UN) | E85: =ABEDULES!D7 -> 7 | F85: =ABEDULES!E7 -> 6 | G85: =ABEDULES!F7 -> 0 | H85: =ABEDULES!G7 -> 0 | I85: =ABEDULES!H7 | ... AZ85: =ABEDULES!AY7
B86: =ABEDULES!A8 -> Abedules | C86: =ABEDULES!B8 -> Cafeteria | D86: =ABEDULES!C8 -> Cafe Granulado | E86: =ABEDULES!D8 | F86: =ABEDULES!E8 | G86: =ABEDULES!F8 | H86: =ABEDULES!G8 | I86: =ABEDULES!H8 | ... AZ86: =ABEDULES!AY8
B87: =ABEDULES!A9 -> Abedules | C87: =ABEDULES!B9 -> Aseo | D87: =ABEDULES!C9 -> Papel interfoliado | E87: =ABEDULES!D9 | F87: =ABEDULES!E9 | G87: =ABEDULES!F9 | H87: =ABEDULES!G9 | I87: =ABEDULES!H9 | ... AZ87: =ABEDULES!AY9
B88: =ABEDULES!A10 -> Abedules | C88: =ABEDULES!B10 -> Cafeteria | D88: =ABEDULES!C10 -> Leche liquida | E88: =ABEDULES!D10 | F88: =ABEDULES!E10 | G88: =ABEDULES!F10 | H88: =ABEDULES!G10 | I88: =ABEDULES!H10 | ... AZ88: =ABEDULES!AY10
B89: =ABEDULES!A11 -> Abedules | C89: =ABEDULES!B11 -> Cafeteria | D89: =ABEDULES!C11 -> Leche en polvo | E89: =ABEDULES!D11 | F89: =ABEDULES!E11 | G89: =ABEDULES!F11 | H89: =ABEDULES!G11 | I89: =ABEDULES!H11 | ... AZ89: =ABEDULES!AY11
B90: =ABEDULES!A12 -> Abedules | C90: =ABEDULES!B12 -> Cafeteria | D90: =ABEDULES!C12 -> Vainilla | E90: =ABEDULES!D12 | F90: =ABEDULES!E12 | G90: =ABEDULES!F12 | H90: =ABEDULES!G12 | I90: =ABEDULES!H12 | ... AZ90: =ABEDULES!AY12
B91: =ABEDULES!A13 -> Abedules | C91: =ABEDULES!B13 -> Cafeteria | D91: =ABEDULES!C13 -> Endulzante | E91: =ABEDULES!D13 | F91: =ABEDULES!E13 | G91: =ABEDULES!F13 | H91: =ABEDULES!G13 | I91: =ABEDULES!H13 | ... AZ91: =ABEDULES!AY13
B92: =ABEDULES!A14 -> Abedules | C92: =ABEDULES!B14 -> Cafeteria | D92: =ABEDULES!C14 -> Servilletas | E92: =ABEDULES!D14 | F92: =ABEDULES!E14 | G92: =ABEDULES!F14 | H92: =ABEDULES!G14 | I92: =ABEDULES!H14 | ... AZ92: =ABEDULES!AY14
... B96: =ABEDULES!A18 -> Abedules | C96: =ABEDULES!B18 -> Aseo | D96: =ABEDULES!C18 -> Mopa Redonda | E96: =ABEDULES!D18 | F96: =ABEDULES!E18 | G96: =ABEDULES!F18 | H96: =ABEDULES!G18 | I96: =ABEDULES!H18 | ... AZ96: =ABEDULES!AY18
B98: ='ALTO EL GOLF'!A2 | C98: ='ALTO EL GOLF'!B2 | D98: ='ALTO EL GOLF'!C2 | E98: ='ALTO EL GOLF'!D2 -> 45811 | F98: ='ALTO EL GOLF'!E2 -> 45817 | G98: ='ALTO EL GOLF'!F2 -> 45824 | H98: ='ALTO EL GOLF'!G2 -> 45831 | I98: ='ALTO EL GOLF'!H2 -> 45838 | ... BL98: ='ALTO EL GOLF'!BK2
B99: ='ALTO EL GOLF'!A3 -> Sede | C99: ='ALTO EL GOLF'!B3 -> Proveedor | D99: ='ALTO EL GOLF'!C3 -> Producto | E99: ='ALTO EL GOLF'!D3 -> Stock Actual | F99: ='ALTO EL GOLF'!E3 -> Stock Actual | G99: ='ALTO EL GOLF'!F3 -> Stock Actual | H99: ='ALTO EL GOLF'!G3 -> Stock Actual | I99: ='ALTO EL GOLF'!H3 -> Stock Actual | ... BL99: ='ALTO EL GOLF'!BK3
B100: ='ALTO EL GOLF'!A4 -> Alto el Golf | C100: ='ALTO EL GOLF'!B4 -> Cafe Caribe | D100: ='ALTO EL GOLF'!C4 -> Cafe Grano (KG) | E100: ='ALTO EL GOLF'!D4 -> 6 | F100: ='ALTO EL GOLF'!E4 -> 5 | G100: ='ALTO EL GOLF'!F4 -> 10 | H100: ='ALTO EL GOLF'!G4 -> 7 | I100: ='ALTO EL GOLF'!H4 -> 7 | ... BL100: ='ALTO EL GOLF'!BK4
B101: ='ALTO EL GOLF'!A5 -> Alto el Golf | C101: ='ALTO EL GOLF'!B5 -> Cafeteria | D101: ='ALTO EL GOLF'!C5 -> Toalla de Papel Jumbo (UN) | E101: ='ALTO EL GOLF'!D5 -> 10 | F101: ='ALTO EL GOLF'!E5 -> 9 | G101: ='ALTO EL GOLF'!F5 -> 9 | H101: ='ALTO EL GOLF'!G5 -> 8 | I101: ='ALTO EL GOLF'!H5 -> 8 | ... BL101: ='ALTO EL GOLF'!BK5
B102: ='ALTO EL GOLF'!A6 -> Alto el Golf | C102: ='ALTO EL GOLF'!B6 -> Cafeteria | D102: ='ALTO EL GOLF'!C6 -> Papel Higienico (UN) | E102: ='ALTO EL GOLF'!D6 -> 16 | F102: ='ALTO EL GOLF'!E6 -> 14 | G102: ='ALTO EL GOLF'!F6 -> 12 | H102: ='ALTO EL GOLF'!G6 -> 8 | I102: ='ALTO EL GOLF'!H6 -> 4 | ... BL102: ='ALTO EL GOLF'!BK6
B103: ='ALTO EL GOLF'!A7 -> Alto el Golf | C103: ='ALTO EL GOLF'!B7 -> Cafeteria | D103: ='ALTO EL GOLF'!C7 -> Resma Papel Fotocopia (UN) | E103: ='ALTO EL GOLF'!D7 -> 4 | F103: ='ALTO EL GOLF'!E7 -> 4 | G103: ='ALTO EL GOLF'!F7 -> 4 | H103: ='ALTO EL GOLF'!G7 -> 4 | I103: ='ALTO EL GOLF'!H7 -> 4 | ... BL103: ='ALTO EL GOLF'!BK7
B104: ='ALTO EL GOLF'!A8 -> Alto el Golf | C104: ='ALTO EL GOLF'!B8 -> Cafeteria | D104: ='ALTO EL GOLF'!C8 -> Leche liquida | E104: ='ALTO EL GOLF'!D8 | F104: ='ALTO EL GOLF'!E8 | G104: ='ALTO EL GOLF'!F8 | H104: ='ALTO EL GOLF'!G8 | I104: ='ALTO EL GOLF'!H8 | ... BL104: ='ALTO EL GOLF'!BK8
...

Sheet ABEDULES
D1: =UPPER(TEXT(D2,"mmmm")) -> JUNIO | E1: =UPPER(TEXT(E2,"mmmm")) -> JUNIO | F1: =UPPER(TEXT(F2,"mmmm")) -> JUNIO | G1: =UPPER(TEXT(G2,"mmmm")) -> JUNIO
D2: 45811 | E2: =D2+6 -> 45817 | F2: =E2+7 -> 45824 | G2: =F2+7 -> 45831 | H2: 45845 | I2: =H2+7 -> 45852 | J2: =I2+7 -> 45859 | K2: =J2+7 -> 45866 | L2: 45873 | M2: =L2+7 -> 45880 | N2: =M2+7 -> 45887 | O2: =N2+7 -> 45894 | P2: 45901 | Q2: 45915 | R2: =Q2+7 -> 45922 | S2: =R2+7 -> 45929 | T2: =S2+7 -> 45936 | U2: 45939 | V2: 45957 | W2: =V2+7 -> 45964 | X2: 45971 | Y2: =X2+7 -> 45978 | Z2: 45979 | AA2: 45980 | AB2: 45985 | AC2: 45993 | AD2: 46006 | AE2: 46013 | AF2: 46027 | AG2: 46030 | AH2: 46034 | AI2: 46037 | AJ2: 46041 | AK2: 46048 | AL2: 46057 | AM2: 46062 | AN2: 46065 | AO2: 46069 | AP2: 46072 | AQ2: 46100 | AR2: 46104
A3: Sede | B3: Proveedor | C3: Producto | D3: Stock Actual | E3: Stock Actual | F3: Stock Actual | G3: Stock Actual | H3: Stock Actual | I3: Stock Actual | J3: Stock Actual | K3: Stock Actual | L3: Stock Actual | M3: Stock Actual | N3: Stock Actual | O3: Stock Actual | P3: Stock Actual | Q3: Stock Actual | R3: Stock Actual | S3: Stock Actual | T3: Stock Actual | U3: Stock Actual | V3: Stock Actual | W3: Stock Actual | X3: Stock Actual | Y3: Stock Actual | Z3: Stock Actual | AA3: Stock Actual | AB3: Stock Actual | AC3: Stock Actual | AD3: Stock Actual | AE3: Stock Actual | AF3: Stock Actual | AG3: Stock Actual | AH3: Stock Actual | AI3: Stock Actual | AJ3: Stock Actual | AK3: Stock Actual | AL3: Stock Actual | AM3: Stock Actual | AN3: Stock Actual | AO3: Stock Actual | AP3: Stock Actual | AQ3: Stock Actual | AR3: Stock Actual
A4: Abedules | B4: Coporate Coffe | C4: Cafe Grano (KG) | D4: 1 | E4: 0 | F4: 3 | G4: 1 | L4: 9 | O4: 2 | P4: 0 | Q4: 2 | U4: 1 | W4: 1 | X4: 0 | Y4: 2 | Z4: 1 | AA4: 3 | AB4: 1 | AC4: 1 | AD4: 1 | AE4: 0 | AF4: 1 | AG4: 8 | AH4: 5 | AI4: 5 | AJ4: 4 | AK4: 0 | AL4: 1 | AM4: 0 | AN4: 0 | AO4: 2 | AP4: 0 | AQ4: 0 | AR4: 0
A5: Abedules | B5: Cafeteria | C5: Toalla de Papel Jumbo (UN) | D5: 12 | E5: 6 | F5: 0 | G5: 0 | L5: 0 | O5: 0 | P5: 4 | Q5: 6 | U5: 0 | W5: 5 | X5: 2 | Y5: 4 | Z5: 8 | AA5: 7 | AB5: 5 | AC5: 7 | AD5: 2 | AE5: 4 | AF5: 0 | AG5: 0 | AH5: 0 | AI5: 0 | AJ5: 1 | AK5: 3 | AL5: 1 | AM5: 0 | AN5: 4 | AO5: 2 | AP5: 8 | AQ5: 2 | AR5: 3
A6: Abedules | B6: Cafeteria | C6: Papel Higienico (UN) | D6: 31 | E6: 25 | F6: 20 | G6: 16 | L6: 2 | O6: 2 | P6: 4 | Q6: 4 | U6: 2 | W6: 8 | X6: 5 | Y6: 7 | Z6: 11 | AA6: 11 | AB6: 9 | AC6: 6 | AD6: 0 | AE6: 5 | AF6: 6 | AG6: 5 | AH6: 4 | AI6: 4 | AJ6: 3 | AK6: 6 | AL6: 4 | AM6: 2 | AN6: 6 | AO6: 5 | AP6: 7 | AQ6: 5 | AR6: 6
A7: Abedules | B7: Cafeteria | C7: Resma Papel Fotocopia (UN) | D7: 7 | E7: 6 | F7: 0 | G7: 0 | L7: 2 | O7: 2 | P7: 1 | Q7: 1 | U7: 2 | W7: 2 | X7: 2 | Y7: 1 | Z7: 1 | AA7: NO MANDAR | AD7: 0 | AE7: 5 | AF7: 4 | AG7: 4 | AH7: 3 | AI7: 3 | AJ7: 2 | AK7: 0 | AL7: 0 | AM7: 0 | AN7: 0 | AO7: 0 | AP7: 0 | AQ7: 0 | AR7: 0
A8: Abedules | B8: Cafeteria | C8: Cafe Granulado | AR8: 0
A9: Abedules | B9: Aseo | C9: Papel interfoliado | AR9: 0
A10: Abedules | B10: Cafeteria | C10: Leche liquida | P10: 0 | Q10: 0 | R10: 0 | S10: 0 | T10: 0 | U10: 0 | V10: 0 | W10: 0 | X10: 0 | Y10: 0 | Z10: 0 | AA10: 0 | AB10: 0 | AC10: 0 | AD10: 0 | AE10: 0 | AF10: 0 | AG10: 0 | AH10: 0 | AI10: 0 | AJ10: 0 | AK10: 0 | AL10: 0 | AM10: 0 | AN10: 0 | AO10: 0 | AP10: 0 | AQ10: 0 | AR10: 0
A11: Abedules | B11: Cafeteria | C11: Leche en polvo | AC11: 0 | AD11: 1 | AE11: 3 | AF11: 4 | AG11: 10 | AH11: 8 | AI11: 8 | AJ11: 5 | AK11: 4 | AL11: 5 | AM11: 3 | AN11: 2 | AO11: 2 | AP11: 2 | AQ11: 2 | AR11: 3
A12: Abedules | B12: Cafeteria | C12: Vainilla | AC12: 1 | AD12: 2 | AE12: 4 | AF12: 4 | AG12: 7 | AH12: 5 | AI12: 5 | AJ12: 4 | AK12: 1.5 | AL12: 4 | AM12: 3 | AN12: 2 | AO12: 3.5 | AP12: 2 | AQ12: 3 | AR12: 6
A13: Abedules | B13: Cafeteria | C13: Endulzante | P13: 0 | Q13: 0 | R13: 0 | S13: 0 | T13: 0 | U13: 0 | W13: 1 | X13: 2 | Y13: 2 | Z13: 5 | AA13: 4 | AB13: 3 | AC13: 5 | AD13: 3 | AE13: 2 | AF13: 4 | AG13: 4 | AH13: 4 | AI13: 4 | AJ13: 3 | AK13: 6 | AL13: 6 | AM13: 5 | AN13: 5 | AO13: 4 | AP13: 4 | AQ13: 5 | AR13: 3
A14: Abedules | B14: Cafeteria | C14: Servilletas | AH14: 0 | AI14: 0 | AJ14: 0 | AK14: 0 | AL14: 0 | AM14: 0 | AN14: 0 | AO14: 20 | AP14: 20 | AQ14: 14 | AR14: 16
A15: Abedules | B15: Aseo | C15: Cloro Gel | P15: - | Q15: - | R15: - | S15: - | T15: - | U15: - | V15: - | W15: - | X15: - | AA15: 6 | AB15: 6 | AC15: 5 | AD15: 4 | AE15: 4 | AF15: 5 | AG15: 5 | AH15: 5 | AI15: 5 | AJ15: 4 | AK15: 4 | AL15: 4 | AM15: 4 | AN15: 4 | AO15: 3 | AP15: 4 | AQ15: 4 | AR15: 3
A16: Abedules | B16: Aseo | C16: Limpia Piso | P16: - | Q16: - | R16: - | S16: - | T16: - | U16: - | V16: - | W16: - | X16: - | AA16: 5 | AB16: 5 | AC16: 5 | AD16: 3 | AE16: 3 | AF16: 3 | AG16: 3 | AH16: 3 | AI16: 3 | AJ16: 2 | AK16: 2 | AL16: 2 | AM16: 2 | AN16: 2 | AO16: 5 | AP16: 4 | AQ16: 4 | AR16: 0
A17: Abedules | B17: Aseo | C17: Esponja 4U | P17: - | Q17: - | R17: - | S17: - | T17: - | U17: - | V17: - | W17: - | X17: - | AA17: 4 | AB17: 4 | AC17: 4 | AD17: 3 | AE17: 4 | AF17: 4 | AG17: 4 | AH17: 4 | AI17: 4 | AJ17: 3 | AK17: 3 | AL17: 2 | AM17: 2 | AN17: 2 | AO17: 3 | AP17: 5 | AQ17: 3 | AR17: 1
A18: Abedules | B18: Aseo | C18: Mopa Redonda | P18: - | Q18: - | R18: - | S18: - | T18: - | U18: - | V18: - | W18: - | X18: - | AA18: 6 | AB18: 6 | AC18: 5 | AD18: 4 | AE18: 3 | AF18: 5 | AG18: 4 | AH18: 4 | AI18: 4 | AJ18: 4 | AK18: 3 | AL18: 2 | AM18: 2 | AN18: 2 | AO18: 3 | AP18: 7 | AQ18: 5 | AR18: 3
A19: Abedules | B19: Aseo | C19: Repuesto avion | AP19: 2 | AQ19: 2 | AR19: 2
A20: Abedules | B20: Aseo | C20: Aceite de oliva | AP20: 6 | AQ20: 4 | AR20: 2
A21: Abedules | B21: Aseo | C21: Vinagre | AP21: 9 | AQ21: 8 | AR21: 4
A22: Abedules | B22: Aseo | C22: Aceto | AP22: 3 | AQ22: 4 | AR22: 3
A23: Abedules | B23: Aseo | C23: Café instantaneao | AP23: 3 | AQ23: 2 | AR23: 0
A24: Abedules | B24: Aseo | C24: Aerosol de aroma | AP24: 17 | AQ24: 10 | AR24: 7
A25: Abedules | B25: Aseo | C25: Cif en crema | AP25: 8 | AQ25: 6 | AR25: 4
A26: Abedules | B26: Aseo | C26: Lustramueble | AP26: 3 | AQ26: 3 | AR26: 3
A27: Abedules | B27: Aseo | C27: Lavaloza | AP27: 4 | AQ27: 4 | AR27: 3
A28: Abedules | B28: Aseo | C28: Jabón de mano | AP28: 3 | AQ28: 3 | AR28: 3
A29: Abedules | B29: Aseo | C29: Bolsas M | AP29: 12 | AQ29: 7 | AR29: 10
A30: Abedules | B30: Aseo | C30: Bolsas S | AP30: 14 | AQ30: 2 | AR30: 0
... A36: Abedules | B36: Aseo | C36: Guantes | AP36: 14 | AQ36: 13 | AR36: 9

Sheet APOQUINDO
D1: JUNIO | E1: JUNIO | F1: JUNIO | G1: JUNIO | H1: JUNIO
D2: 45811 | E2: =D2+6 -> 45817 | F2: =E2+7 -> 45824 | G2: =F2+7 -> 45831 | H2: =G2+7 -> 45838 | I2: 45845 | J2: =I2+7 -> 45852 | K2: =J2+7 -> 45859 | L2: =K2+7 -> 45866 | M2: 45873 | N2: =M2+7 -> 45880 | O2: =N2+7 -> 45887 | P2: =O2+7 -> 45894 | Q2: 45901 | R2: 45908 | S2: 45915 | T2: 45922 | U2: 45929 | V2: =U2+7 -> 45936 | W2: 45943 | X2: 45950 | Y2: 45957 | Z2: =Y2+7 -> 45964 | AA2: 45967 | AB2: =AA2+4 -> 45971 | AC2: 45979 | AD2: 45985 | AE2: 45989 | AF2: 45992 | AG2: 45993 | AH2: 46000 | AI2: 46006 | AJ2: 46013 | AK2: 46020 | AL2: 46027 | AM2: 46030 | AN2: 46034 | AO2: 46037 | AP2: 46041 | AQ2: 46044 | AR2: 46051 | AS2: 46055 | AT2: 46062 | AU2: 46065 | AV2: 46069 | AW2: 46072 | AX2: 46076 | AY2: 46083 | AZ2: 46090 | BA2: 46091 | BB2: 46100 | BC2: 46104
A3: Sede | B3: Proveedor | C3: Producto | D3: Stock Actual | E3: Stock Actual | F3: Stock Actual | G3: Stock Actual | H3: Stock Actual | I3: Stock Actual | J3: Stock Actual | K3: Stock Actual | L3: Stock Actual | M3: Stock Actual | N3: Stock Actual | O3: Stock Actual | P3: Stock Actual | Q3: Stock Actual | R3: Stock Actual | S3: Stock Actual | T3: Stock Actual | U3: Stock Actual | V3: Stock Actual | W3: Stock Actual | X3: Stock Actual | Y3: Stock Actual | Z3: Stock Actual | AA3: Stock Actual | AB3: Stock Actual | AC3: Stock Actual | AD3: Stock Actual | AE3: Stock Actual | AF3: Stock Actual | AG3: Stock Actual | AH3: Stock Actual | AI3: Stock Actual | AJ3: Stock Actual | AK3: Stock Actual | AL3: Stock Actual | AM3: Stock Actual | AN3: Stock Actual | AO3: Stock Actual | AP3: Stock Actual | AQ3: Stock Actual | AR3: Stock Actual | AS3: Stock Actual | AT3: Stock Actual | AU3: Stock Actual | AV3: Stock Actual | AW3: Stock Actual | AX3: Stock Actual | AY3: Stock Actual | AZ3: Stock Actual | BA3: Stock Actual | BB3: Stock Actual | BC3: Stock Actual
A4: Apoquindo | B4: Cafe Caribe | C4: Cafe Grano (KG) | D4: 6.5 | E4: 4.5 | F4: 13 | G4: 17 | H4: 10.5 | I4: 11.5 | J4: 9 kg | K4: 13,5 kg | L4: 12 kg | M4: 6 kg | N4: 1kg | P4: 10 | Q4: 8.5 | R4: 6kg | S4: 4kg | T4: 3kg | U4: 6 KG | V4: 3,5 kg | W4: 12,5 kg | X4: 10,5 kg | Y4: 8.5 | Z4: 7.5 | AA4: 7 | AB4: 5 kl | AC4: 8kl | AD4: 9 kl | AF4: 7 kl | AG4: 7KL | AH4: 6 KL | AI4: 5kl | AJ4: 3 kl | AK4: 2 KL | AL4: 2 Kl | AM4: 11 KL | AN4: 11 kl | AO4: 11 kl | AP4: 9 kl | AQ4: 8 kl | AR4: 7kl | AS4: 6.5 | AT4: 6 KL | AU4: 5,5 kl | AV4: 15 Kl | AW4: 14 KL | AX4: 13 kl | AY4: 17 KL | AZ4: 15 KL | BA4: 15 kl | BB4: 13,5 kl | BC4: 11 kl
A5: Apoquindo | B5: Cafeteria | C5: Toalla de Papel Jumbo (UN) | D5: 7 | E5: 10 | F5: 8 | G5: 7 | H5: 5 paquetes (10 und) | I5: 3 paquetes (6 und) | J5: 2 und | K5: 12 und | L5: 8 und | M5: 3 | N5: 0 | O5: 0 | P5: 2 | Q5: 8 | R5: 5 und | S5: 3 und | T5: 1 | U5: 10 | V5: 3 und | W5: 0 | X5: 0 | Y5: 4 und | Z5: 0 | AA5: 10 | AB5: 5 und | AC5: 3 | AD5: 0 | AE5: 2 und | AF5: 0 | AG5: 7 paq | AH5: 4 PAQ | AI5: 5 und | AJ5: 14 und | AK5: 10und | AL5: 8 und | AM5: 7 UND | AN5: 2 und | AO5: 2 und | AP5: 8 und | AQ5: 11 und | AR5: 10 und | AS5: 2 und | AT5: 2 und | AU5: 8 und | AV5: 6 und | AW5: 11 und | AX5: 3 paquetes | AY5: 1 paquete | AZ5: 0 | BA5: 4und | BB5: 2 und | BC5: 0
A6: Apoquindo | B6: Cafeteria | C6: Papel Higienico (UN) | D6: 8 | E6: 12 | F6: 10 | G6: 11 paquetes (44 und) | H6: 8 paquetes (32 und) | I6: 7 paquetes (28 und) | J6: 16 und | K6: 46 und | L6: 34 und | M6: 23 | N6: 0 | O6: 0 | P6: 1 | Q6: 20 | R6: 16 und | S6: 10 und | T6: 4 | U6: 18 | V6: 5 und | W6: 6 und | X6: 0 | Y6: 16 und | Z6: 8 und | AA6: 20 | AB6: 18 und | AC6: 14 | AD6: 9 und | AF6: 1 und | AG6: 6 paq | AH6: 5 PAQ | AI6: 12 und | AJ6: 28 und | AK6: 28 und | AL6: 24 und | AM6: 20 UND | AN6: 20 und | AO6: 20 und | AP6: 32 und | AQ6: 42 und | AR6: 39 und | AS6: 7 paq | AT6: 6 paquetes | AU6: 6 paquetes | AV6: 5 paquetes | AW6: 4 paquetes | AX6: 3 paquetes | AY6: 1 paquete | AZ6: 0 | BA6: 8 und | BB6: 2 und | BC6: 0
A7: Apoquindo | B7: Cafeteria | C7: Resma Papel Fotocopia (UN) | D7: 1 | E7: 6 | F7: 5 | G7: 4 | H7: 3 | I7: 3 | J7: 2 und | K7: 2 und | L7: 2 und | M7: 2 | N7: 0 | O7: 1 | P7: 1 | Q7: 3 | R7: 3 y 1/2 | S7: 3 | T7: 3 | U7: 5 | V7: 4 | W7: 4 und | X7: 3.5 | Y7: 3 | Z7: 3 | AA7: 2 | AB7: 2 | AC7: 1 | AD7: 1 | AF7: 1 | AG7: 1 | AH7: 1 | AI7: 1 | AJ7: 5 | AK7: 5 | AL7: 5 | AM7: 4 | AN7: 4 | AO7: 4 | AP7: 4 | AQ7: 3 | AR7: 3 | AS7: 3 | AT7: 2 | AU7: 2 | AV7: 2 | AW7: 2 | AX7: 1 | AY7: 1 | AZ7: 2 | BA7: 6 | BB7: 6 | BC7: 4
A8: Apoquindo | B8: Cafeteria | C8: Leche liquida | Q8: - | R8: - | S8: - | T8: - | U8: - | V8: - | W8: - | X8: - | Y8: - | Z8: 7 | AA8: 12 | AB8: 10 lt | AC8: 12 | AD8: 3 | AF8: 0 | AG8: 12 | AH8: 8 | AI8: 3 | AJ8: 24 | AK8: 22 | AL8: 20 | AM8: 17 | AN8: 15 | AO8: 15 | AP8: 13 lt | AQ8: 9 lts | AR8: 5 lts | AS8: 0 | AT8: 0 | AU8: 24 | AV8: 22 | AW8: 19 | AX8: 15 | AY8: 10 | AZ8: 5 | BA8: 19 lt | BB8: 10 lt | BC8: 6 lt
A9: Apoquindo | B9: Cafeteria | C9: Cafe Granulado | BA9: 2 | BB9: 1 | BC9: 1
A10: Apoquindo | B10: Cafeteria | C10: Endulzante | Q10: - | R10: - | S10: - | T10: - | U10: - | V10: - | W10: - | X10: - | Y10: - | Z10: 1 | AA10: 3 | AB10: 2 | AC10: 1 | AD10: 1 - 1/2 | AF10: 1 | AG10: 3 | AH10: 3 | AI10: 2 | AJ10: 1 | AK10: 0 | AL10: 0 | AM10: 0 | AN10: 0 | AO10: 0 | AP10: 2 | AQ10: 2 | AR10: 2 | AS10: 1 | AT10: 1 | AU10: 2 | AV10: 2 | AW10: 3 | AX10: 2 | AY10: 1 | AZ10: 1 | BA10: 0 | BB10: 0 | BC10: 0
A11: Apoquindo | B11: Cafeteria | C11: Servilletas | AN11: 0 | AO11: 0 | AP11: 0 | AQ11: 0 | AR11: 0 | AS11: 0 | AT11: 0 | AU11: 0 | AV11: 0 | AW11: 10 paquetes | AX11: 11 paquetes | AY11: 6 paquetes | AZ11: 4 paquetes | BA11: 10 | BB11: 9 | BC11: 2 paquetes
A12: Apoquindo | B12: Aseo | C12: Cloro Gel | Q12: - | R12: - | S12: - | T12: - | U12: - | V12: - | W12: - | X12: - | Y12: - | Z12: - | AA12: - | AC12: 1 | AD12: 1/2 lt | AF12: 0 | AG12: 1 | AH12: 1 | AI12: 0 | AJ12: 1 | AK12: 1 | AL12: 1 | AM12: 1 | AN12: 1 | AO12: 1 | AP12: 2 | AQ12: 1 | AR12: 1 | AS12: 1 | AT12: 1 | AU12: 1 | AV12: 1 | AW12: 1 | AX12: 0 | AY12: 0 | AZ12: 0 | BA12: 1 | BB12: 1 | BC12: 0
A13: Apoquindo | B13: Aseo | C13: Limpia Piso | Q13: - | R13: - | S13: - | T13: - | U13: - | V13: - | W13: - | X13: - | Y13: - | Z13: - | AA13: - | AC13: 2 | AD13: 2 | AF13: 0 | AG13: 2 | AH13: 1 | AI13: 1 | AJ13: 1 | AK13: 1 | AL13: 1 | AM13: 1 | AN13: 1 | AO13: 1 | AP13: 2 | AQ13: 1 | AR13: 1 | AS13: 1 | AT13: 1 | AU13: 1 | AV13: 1 | AW13: 1 | AX13: 0 | AY13: 0 | AZ13: 0 | BA13: 0 | BB13: 0 | BC13: 0
A14: Apoquindo | B14: Aseo | C14: Bolsas Basura 50x70 | Q14: - | R14: - | S14: - | T14: - | U14: - | V14: - | W14: - | X14: - | Y14: - | Z14: - | AA14: - | AC14: 10 paquetes | AD14: 0 | AF14: 0 | AG14: 20 paq | AH14: 15 PAQ | AI14: 11 paq | AJ14: 27 paquetes | AK14: 27 paquetes | AL14: 25 paquetes | AM14: 24 PAQ | AN14: 22 paq | AO14: 22 paq | AP14: 24 paquetes | AQ14: 32 paquetes | AR14: 31 paquetes | AS14: 17 paq | AT14: 14 paq | AU14: 10 paquetes | AV14: 3 paquetes | AW14: 2 paquetes | AX14: 1 paquetes | AY14: 1 | AZ14: 0 | BA14: 10 | BB14: 9 | BC14: 3
A15: Apoquindo | B15: Aseo | C15: Bolsas Basura 70x90 | AT15: 10 paquetes | AU15: 10 paquetes | AV15: 5 paquetes | AW15: 5 paquetes | AX15: 3 paquetes | AY15: 0 | AZ15: 0 | BA15: 5 | BB15: 4 | BC15: 3
A16: Apoquindo | B16: Aseo | C16: Bolsas Basura 80x110 | AT16: 10 paquetes | AU16: 10 paquetes | AV16: 4 paquetes | AW16: 3 paquetes | AX16: 3 paquetes | AY16: 1 | AZ16: 0 | BA16: 5 | BB16: 4 | BC16: 2
A17: Apoquindo | B17: Aseo | C17: Esponja 4U | Q17: - | R17: - | S17: - | T17: - | U17: - | V17: - | W17: - | X17: - | Y17: - | Z17: - | AA17: - | AC17: 4 | AD17: 2 und | AF17: 0 | AG17: 0 | AH17: 0 | AI17: 0 | AJ17: 3 | AK17: 3 paquetes | AL17: 2 paquetes | AM17: 2 PAQ | AN17: 1 paq | AO17: 1 paq | AP17: 6 und | AQ17: 4 und | AR17: 4 und | AS17: 2 und | AT17: 4 und | AU17: 3 und | AV17: 2 und | AW17: 1 und | AX17: 0 | AY17: 0 | AZ17: 0 | BA17: 2 | BB17: 1 | BC17: 4 und
A18: Apoquindo | B18: Aseo | C18: Mopa Redonda | Q18: - | R18: - | S18: - | T18: - | U18: - | V18: - | W18: - | X18: - | Y18: - | Z18: - | AA18: - | AC18: 1 | AD18: 2 | AF18: 1 | AG18: 3 | AH18: 2 | AI18: 2 | AJ18: 3 | AK18: 3 | AL18: 2 | AM18: 2 | AN18: 1 | AO18: 1 | AP18: 6 und | AQ18: 5 und | AR18: 2 und | AS18: 1 und | AT18: 0 | AU18: 2 | AV18: 2 und | AW18: 2 und | AX18: 1 und | AY18: 1 und | AZ18: 0 | BA18: 0 | BB18: 0 | BC18: 0

Sheet ALTO EL GOLF
D1: JUNIO | E1: JUNIO | F1: JUNIO | G1: JUNIO | H1: JUNIO
D2: 45811 | E2: =D2+6 -> 45817 | F2: =E2+7 -> 45824 | G2: =F2+7 -> 45831 | H2: =G2+7 -> 45838 | I2: 45845 | J2: =I2+7 -> 45852 | K2: =J2+7 -> 45859 | L2: =K2+7 -> 45866 | M2: 45873 | N2: =M2+7 -> 45880 | O2: =N2+7 -> 45887 | P2: =O2+7 -> 45894 | Q2: 45901 | R2: 45908 | S2: 45915 | T2: 45922 | U2: 45929 | V2: =U2+7 -> 45936 | W2: =V2+7 -> 45943 | X2: =W2+7 -> 45950 | Y2: =X2+7 -> 45957 | Z2: =Y2+7 -> 45964 | AA2: =Z2+7 -> 45971 | AB2: 45979 | AC2: 45981 | AD2: 45985 | AE2: 45993 | AF2: 45995 | AG2: 46000 | AH2: 46002 | AI2: 46006 | AJ2: 46009 | AK2: 46013 | AL2: 46020 | AM2: 46027 | AN2: 46030 | AO2: 46034 | AP2: 46037 | AQ2: 46041 | AR2: 46044 | AS2: 46049 | AT2: 46051 | AU2: 46055 | AV2: 46058 | AW2: 46062 | AX2: 46065 | AY2: 46069 | AZ2: 46072 | BA2: 46076 | BB2: 46086 | BC2: 46090 | BD2: 46093 | BE2: 46097 | BF2: 46100 | BG2: 46104
A3: Sede | B3: Proveedor | C3: Producto | D3: Stock Actual | E3: Stock Actual | F3: Stock Actual | G3: Stock Actual | H3: Stock Actual | I3: Stock Actual | J3: Stock Actual | K3: Stock Actual | L3: Stock Actual | M3: Stock Actual | N3: Stock Actual | O3: Stock Actual | P3: Stock Actual | Q3: Stock Actual | R3: Stock Actual | S3: Stock Actual | T3: Stock Actual | U3: Stock Actual | V3: Stock Actual | W3: Stock Actual | X3: Stock Actual | Y3: Stock Actual | Z3: Stock Actual | AA3: Stock Actual | AB3: Stock Actual | AC3: Stock Actual | AD3: Stock Actual | AE3: Stock Actual | AF3: Stock Actual | AG3: Stock Actual | AH3: Stock Actual | AI3: Stock Actual | AJ3: Stock Actual | AK3: Stock Actual | AL3: Stock Actual | AM3: Stock Actual | AN3: Stock Actual | AO3: Stock Actual | AP3: Stock Actual | AQ3: Stock Actual | AR3: Stock Actual | AS3: Stock Actual | AT3: Stock Actual | AU3: Stock Actual | AV3: Stock Actual | AW3: Stock Actual | AX3: Stock Actual | AY3: Stock Actual | AZ3: Stock Actual | BA3: Stock Actual | BB3: Stock Actual | BC3: Stock Actual | BD3: Stock Actual | BE3: Stock Actual | BF3: Stock Actual | BG3: Stock Actual
A4: Alto el Golf | B4: Cafe Caribe | C4: Cafe Grano (KG) | D4: 6 | E4: 5 | F4: 10 | G4: 7 | H4: 7 | I4: 5 | J4: 5 | K4: 2 | L4: 0 | M4: 9 | N4: 5 | O4: 4 | P4: 3 | Q4: 1.5 | R4: 0 | S4: 8 | T4: 5 | U4: 5 | V4: 2 | W4: 8 | X4: 8 | Y4: 7 | Z4: 5 | AA4: 12 | AB4: 8 | AC4: 8 | AD4: 6 | AE4: 3 | AF4: 11 | AG4: 11 | AH4: 9 | AI4: 8 | AJ4: 5 | AK4: 9 | AL4: 8 | AM4: 8 | AN4: 7 | AO4: 5 | AP4: 3 | AQ4: 1 | AR4: 3 | AS4: 1.5 | AT4: 10 | AU4: 10 | AV4: 8 | AW4: 7 | AX4: 4 | AY4: 9 | AZ4: 9 | BA4: 8 | BB4: 17 | BC4: 17 | BD4: 15 | BE4: 15 | BF4: 14 | BG4: 12
A5: Alto el Golf | B5: Cafeteria | C5: Toalla de Papel Jumbo (UN) | D5: 10 | E5: 9 | F5: 9 | G5: 8 | H5: 8 | I5: 10 | J5: 8 | K5: 8 | L5: 10 | M5: 8 | N5: 14 | O5: 12 | P5: 12 | Q5: 10 | R5: 10 | S5: 8 | T5: 6 | U5: 14 | V5: 13 | W5: 12 | X5: 6 | Y5: 12 | Z5: 12 | AA5: 14 | AB5: 10 | AC5: 10 | AD5: 10 | AE5: 8 | AF5: 6 | AG5: 6 | AH5: 6 | AI5: 4 | AJ5: 3 | AK5: 6 | AL5: 6 | AM5: 6 | AN5: 5 | AO5: 4 | AP5: 8 | AQ5: 8 | AR5: 7 | AS5: 6 | AT5: 5 | AU5: 5 | AV5: 3 | AW5: 2 | AX5: 5 | AY5: 4 | AZ5: 5 | BA5: 4 | BB5: 5 | BC5: 5 | BD5: 6 | BE5: 6 | BF5: 5 | BG5: 4
A6: Alto el Golf | B6: Cafeteria | C6: Papel Higienico (UN) | D6: 16 | E6: 14 | F6: 12 | G6: 8 | H6: 4 | I6: 28 | J6: 28 | K6: 24 | L6: 20 | M6: 16 | N6: 8 | O6: 20 | P6: 16 | Q6: 16 | R6: 14 | S6: 8 | T6: 8 | U6: 20 | V6: 20 | W6: 16 | X6: 12 | Y6: 24 | Z6: 24 | AA6: 28 | AB6: 32 | AC6: 32 | AD6: 28 | AE6: 24 | AF6: 24 | AG6: 24 | AH6: 20 | AI6: 20 | AJ6: 16 | AK6: 24 | AL6: 20 | AM6: 20 | AN6: 16 | AO6: 16 | AP6: 20 | AQ6: 16 | AR6: 16 | AS6: 16 | AT6: 14 | AU6: 12 | AV6: 10 | AW6: 6 | AX6: 18 | AY6: 14 | AZ6: 24 | BA6: 24 | BB6: 24 | BC6: 24 | BD6: 20 | BE6: 20 | BF6: 16 | BG6: 16
A7: Alto el Golf | B7: Cafeteria | C7: Resma Papel Fotocopia (UN) | D7: 4 | E7: 4 | F7: 4 | G7: 4 | H7: 4 | I7: 3 | J7: 3 | K7: 2 | L7: 2 | M7: 2 | N7: 1 | O7: 3 | P7: 3 | Q7: 3 | R7: 3 | S7: 3 | T7: 3 | U7: 6 | V7: 6 | W7: 5 | X7: 4 | Y7: 3 | Z7: 3 | AA7: 3 | AB7: 3 | AC7: 3 | AD7: 3 | AE7: 3 | AF7: 3 | AG7: 3 | AH7: 3 | AI7: 2 | AJ7: 2 | AK7: 7 | AL7: 7 | AM7: 7 | AN7: 7 | AO7: 6 | AP7: 6 | AQ7: 6 | AR7: 6 | AS7: 6 | AT7: 5 | AU7: 5 | AV7: 5 | AW7: 5 | AX7: 5 | AY7: 5 | AZ7: 5 | BA7: 5 | BB7: 5 | BC7: 5 | BD7: 5 | BE7: 5 | BF7: 5 | BG7: 5
A8: Alto el Golf | B8: Cafeteria | C8: Leche liquida | Q8: 0 | R8: 0 | S8: 0 | T8: 0 | U8: 0 | V8: 0 | W8: 0 | X8: 0 | Y8: 0 | Z8: 10 | AA8: 13 | AB8: 19 | AC8: 17 | AD8: 16 | AE8: 11 | AF8: 9 | AG8: 7 | AH8: 5 | AI8: 3 | AJ8: 2 | AK8: 24 | AL8: 24 | AM8: 19 | AN8: 17 | AO8: 15 | AP8: 12 | AQ8: 9 | AR8: 21 | AS8: 17 | AT8: 16 | AU8: 15 | AV8: 12 | AW8: 10 | AX8: 13 | AY8: 12 | AZ8: 8 | BA8: 7 | BB8: 0 | BC8: 0 | BD8: 10 | BE8: 9 | BF8: 4 | BG8: 1
A9: Alto el Golf | B9: Cafeteria | C9: Cafe Granulado
A10: Alto el Golf | B10: Cafeteria | C10: Endulzante | Q10: 0 | R10: 0 | S10: 0 | T10: 0 | U10: 0 | V10: 0 | W10: 0 | X10: 0 | Y10: 0 | Z10: 0 | AA10: 2 | AB10: 3 | AC10: 3 | AD10: 3 | AE10: 3 | AF10: 2 | AG10: 2 | AH10: 2 | AI10: 2 | AJ10: 2 | AK10: 2 | AL10: 2 | AM10: 2 | AN10: 2 | AO10: 2 | AP10: 1 | AQ10: 1 | AR10: 3 | AS10: 3 | AT10: 2 | AU10: 2 | AV10: 1 | AW10: 1 | AX10: 2 | AY10: 2 | AZ10: 1 | BA10: 1 | BB10: 1 | BC10: 1 | BD10: 0 | BE10: 0 | BF10: 0 | BG10: 0
A11: Alto el Golf | B11: Cafeteria | C11: Servilletas | AP11: 0 | AQ11: 0 | AR11: 0 | AS11: 0 | AT11: 0 | AU11: 0 | AV11: 0 | AW11: 6 | AX11: 5 | AY11: 4 | AZ11: 2 | BA11: 10 | BB11: 5 | BC11: 5 | BD11: 15 | BE11: 15 | BF11: 14 | BG11: 12
A12: Alto el Golf | B12: Aseo | C12: Cloro Gel | Q12: - | R12: - | S12: - | T12: - | U12: - | V12: - | W12: - | X12: - | Y12: - | Z12: - | AA12: - | AB12: 3 | AC12: 3 | AD12: 3 | AE12: 3 | AF12: 3 | AG12: 3 | AH12: 3 | AI12: 3 | AJ12: 3 | AK12: 3 | AL12: 2 | AM12: 2 | AN12: 2 | AO12: 2 | AP12: 2 | AQ12: 2 | AR12: 2 | AS12: 2 | AT12: 2 | AU12: 2 | AV12: 2 | AW12: 2 | AX12: 2 | AY12: 2 | AZ12: 2 | BA12: 2 | BB12: 2 | BC12: 2 | BD12: 1 | BE12: 1 | BF12: 1 | BG12: 1
A13: Alto el Golf | B13: Aseo | C13: Limpia Piso | Q13: - | R13: - | S13: - | T13: - | U13: - | V13: - | W13: - | X13: - | Y13: - | Z13: - | AA13: - | AB13: 1 | AC13: 1 | AD13: 1 | AE13: 1 | AF13: 1 | AG13: 1 | AH13: 1 | AI13: 1 | AJ13: 1 | AK13: 1 | AL13: 1 | AM13: 1 | AN13: 1 | AO13: 1 | AP13: 1 | AQ13: 1 | AR13: 1 | AS13: 0 | AT13: 0 | AU13: 0 | AV13: 0 | AW13: 0 | AX13: 1 | AY13: 1 | AZ13: 1 | BA13: 1 | BB13: 1 | BC13: 1 | BD13: 1 | BE13: 1 | BF13: 1 | BG13: 1
A14: Alto el Golf | B14: Aseo | C14: Bolsas Basura 50x70 | Q14: - | R14: - | S14: - | T14: - | U14: - | V14: - | W14: - | X14: - | Y14: - | Z14: - | AA14: - | AB14: 25 | AC14: 24 paquetes de 50x70 | AD14: 23 paquetes de 50x70 | AE14: 23 paquetes de 50x70 | AF14: 23 paquetes de 50x70 | AG14: 22 paquetes de 50x70 | AH14: 21 paquetes de 50x70 | AI14: 17 paquetes de 50x70 | AJ14: 17 paquetes de 50x70 | AK14: 18 | AL14: 25 | AM14: 23 | AN14: 23 | AO14: 23 | AP14: 23 | AQ14: 20 | AR14: 20 | AS14: 19 | AT14: 19 | AU14: 19 | AV14: 19 | AW14: 17 | AX14: 27 | AY14: 26 | AZ14: 23 | BA14: 23 | BB14: 20 | BC14: 20 | BD14: 17 | BE14: 17 | BF14: 17 | BG14: 15
A15: Alto el Golf | B15: Aseo | C15: Bolsas Basura 70x90 | AC15: 5 paquetes de 70x90 | AD15: 3 paquetes de 70x90 | AE15: 2 paquetes de 70x90 | AF15: 2 paquetes de 70x90 | AG15: 2 paquetes de 70x90 | AH15: 1 paquete de 70x90 | AI15: 0 paquete de 70x90 | AJ15: 0 paquete de 70x90 | AK15: 8 | AL15: 8 | AM15: 6 | AN15: 6 | AO15: 4 | AP15: 4 | AQ15: 0 | AR15: 0 | AS15: 3 | AT15: 3 | AU15: 3 | AV15: 3 | AW15: 2 | AX15: 10 | AY15: 11 | AZ15: 8 | BA15: 8 | BB15: 3 | BC15: 3 | BD15: 2 | BE15: 1 | BF15: 1 | BG15: 0
A16: Alto el Golf | B16: Aseo | C16: Bolsas Basura 80x110 | AC16: 9 paquetes de 80x110 | AD16: 9 paquetes de 80x110 | AE16: 9 paquetes de 80x110 | AF16: 9 paquetes de 80x110 | AG16: 7 paquetes de 80x110 | AH16: 7 paquetes de 80x110 | AI16: 7 paquetes de 80x110 | AJ16: 7 paquetes de 80x110 | AK16: 7 | AL16: 11 | AM16: 10 | AN16: 10 | AO16: 10 | AP16: 10 | AQ16: 9 | AR16: 9 | AS16: 9 | AT16: 9 | AU16: 9 | AV16: 8 | AW16: 8 | AX16: 17 | AY16: 15 | AZ16: 15 | BA16: 14 | BB16: 13 | BC16: 13 | BD16: 13 | BE16: 12 | BF16: 12 | BG16: 10
A17: Alto el Golf | B17: Aseo | C17: Esponja 4U | Q17: - | R17: - | S17: - | T17: - | U17: - | V17: - | W17: - | X17: - | Y17: - | Z17: - | AA17: - | AB17: 6 | AC17: 6 | AD17: 6 | AE17: 4 | AF17: 4 | AG17: 4 | AH17: 4 | AI17: 4 | AJ17: 4 | AK17: 4 | AL17: 6 | AM17: 5 | AN17: 5 | AO17: 4 | AP17: 4 | AQ17: 4 | AR17: 4 | AS17: 2 | AT17: 2 | AU17: 2 | AV17: 2 | AW17: 2 | AX17: 2 | AY17: 2 | AZ17: 4 | BA17: 4 | BB17: 4 | BC17: 4 | BD17: 3 | BE17: 3 | BF17: 3 | BG17: 3
A18: Alto el Golf | B18: Aseo | C18: Mopa Redonda | Q18: - | R18: - | S18: - | T18: - | U18: - | V18: - | W18: - | X18: - | Y18: - | Z18: - | AA18: - | AB18: 6 | AC18: 6 | AD18: 5 | AE18: 4 | AF18: 4 | AG18: 4 | AH18: 4 | AI18: 4 | AJ18: 4 | AK18: 7 | AL18: 6 | AM18: 4 | AN18: 4 | AO18: 4 | AP18: 4 | AQ18: 4 | AR18: 4 | AS18: 4 | AT18: 4 | AU18: 3 | AV18: 2 | AW18: 2 | AX18: 2 | AY18: 2 | AZ18: 1 | BA18: 1 | BB18: 1 | BC18: 1 | BD18: 3 | BE18: 3 | BF18: 3 | BG18: 3

Sheet LOS MILITARES-BCI
D1: JUNIO | E1: JUNIO | F1: JUNIO | G1: JUNIO | H1: JUNIO | I1: JUNIO | J1: JUNIO | K1: JULIO | L1: JULIO | M1: JULIO | N1: AGOSTO
D2: 45811 | E2: =D2+6 -> 45817 | F2: 45819 | G2: 45821 | H2: =E2+7 -> 45824 | I2: =H2+7 -> 45831 | J2: =I2+7 -> 45838 | K2: 45845 | L2: =K2+7 -> 45852 | M2: =L2+7 -> 45859 | N2: =M2+7 -> 45866 | O2: 45873 | P2: =O2+7 -> 45880 | Q2: =P2+7 -> 45887 | R2: =Q2+7 -> 45894 | S2: 45901 | T2: 45908 | U2: 45915 | V2: 45922 | W2: 45929 | X2: 45957 | Y2: =X2+7 -> 45964 | Z2: =Y2+7 -> 45971 | AA2: 45978 | AB2: 45979 | AC2: 45980 | AD2: 45981 | AE2: 45982 | AF2: 45985 | AG2: 45988 | AH2: 45992 | AI2: 45993 | AJ2: 45995 | AK2: 46000 | AL2: 46002 | AM2: 46006 | AN2: 46009 | AO2: 46013 | AP2: 46020 | AQ2: 46024 | AR2: 46027 | AS2: 46030 | AT2: 46034 | AU2: 46037 | AV2: 46041 | AW2: 46044 | AX2: 46048 | AY2: 46051 | AZ2: 46055 | BA2: 46058 | BB2: 46062 | BC2: 46065 | BD2: 46069 | BE2: 46072 | BF2: 46076 | BG2: 46079 | BH2: 46083 | BI2: 46086 | BJ2: 46086 | BK2: 46094 | BL2: 46097 | BM2: 46100 | BN2: 46104
A3: Sede | B3: Proveedor | C3: Producto | D3: Stock Actual | E3: Stock Actual | F3: Stock Actual | G3: Stock Actual | H3: Stock Actual | I3: Stock Actual | J3: Stock Actual | K3: Stock Actual | L3: Stock Actual | M3: Stock Actual | N3: Stock Actual | O3: Stock Actual | P3: Stock Actual | Q3: Stock Actual | R3: Stock Actual | S3: Stock Actual | T3: Stock Actual | U3: Stock Actual | V3: Stock Actual | W3: Stock Actual | X3: Stock Actual | Y3: Stock Actual | Z3: Stock Actual | AA3: Stock Actual | AB3: Stock Actual | AC3: Stock Actual | AD3: Stock Actual | AE3: Stock Actual | AF3: Stock Actual | AG3: Stock Actual | AH3: Stock Actual | AI3: Stock Actual | AJ3: Stock Actual | AK3: Stock Actual | AL3: Stock Actual | AM3: Stock Actual | AN3: Stock Actual | AO3: Stock Actual | AP3: Stock Actual | AQ3: Stock Actual | AR3: Stock Actual | AS3: Stock Actual | AT3: Stock Actual | AU3: Stock Actual | AV3: Stock Actual | AW3: Stock Actual | AX3: Stock Actual | AY3: Stock Actual | AZ3: Stock Actual | BA3: Stock Actual | BB3: Stock Actual | BC3: Stock Actual | BD3: Stock Actual | BE3: Stock Actual | BF3: Stock Actual | BG3: Stock Actual | BH3: Stock Actual | BI3: Stock Actual | BJ3: Stock Actual | BK3: Stock Actual | BL3: Stock Actual | BM3: Stock Actual | BN3: Stock Actual
A4: Los Militares | B4: Coporate Coffe | C4: Cafe Grano (KG) | D4: 4 kilos de Café | E4: 3 kilos de Café | F4: 6kilos de café | G4: 2 kilos de café | Q4: 1Kilo de Café | R4: 2kg de Café | S4: 0 | T4: 0 | U4: 3 Kg | V4: 1 Kg Café | W4: 2 Kg | Y4: 8 kg | Z4: 1 kg | AA4: 4 Kg | AB4: 3Kg | AC4: 4Kg | AD4: 3 Kg | AE4: 2Kg | AF4: 2kg | AG4: 3kg | AH4: 4kg | AI4: 13kg | AJ4: 10Kg | AK4: 6Kg | AL4: 3Kg | AM4: 2kg | AN4: 1 Kg | AO4: 3Kg | AP4: 0kg | AQ4: 3Kg | AR4: 8Kg | AS4: 5Kg | AT4: 3 Kg | AU4: 2Kg | AV4: 0 Kg | AW4: 0Kg | AX4: 2 Kg | AY4: 1 Kg | AZ4: 0 | BA4: 2 Kg | BB4: 4Kg | BC4: 2 Kg | BD4: 0 | BE4: 3 | BF4: 1 | BG4: 4 | BH4: 3 | BI4: 6 | BJ4: 4 | BK4: 1 | BL4: 0 | BM4: 7 | BN4: 6
A5: Los Militares | B5: Cafeteria | C5: Toalla de Papel Jumbo (UN) | E5: 3 und Toalla | F5: 1 und Toalla | G5: 1 und Toalla | Q5: 12 Paquetes | R5: 6 paquetes | S5: 3 paquetes | T5: 6 Paquetes | U5: 6 Paquetes | V5: 5 paquetes | W5: 11 Toalla Nova | Y5: 6 paquetes | Z5: 4 paquetes | AA5: 3 paquetes | AD5: 9 paquetes | AF5: 8 paquetes | AG5: 7 paquetes | AH5: 6 paquetes | AI5: 11 paquetes | AJ5: 10 paquetes | AK5: 8 paquetes | AL5: 7 paquetes | AM5: 7 paquetes | AN5: 7 paquetes | AO5: 11 paquetes | AP5: 10 paquetes | AQ5: 8 paquetes | AR5: 8 paquetes | AS5: 8 paquetes | AT5: 8 paquetes | AU5: 7 paquetes | AV5: 6 paquetes | AW5: 7 paquetes | AX5: 9 paquetes | AY5: 7 paquetes | AZ5: 7 paquetes | BA5: 6 1/2 paquetes | BB5: 11 paquetes | BC5: 10 paquetes | BD5: 8 paquetes | BE5: 8 paquetes | BF5: 8 paquetes | BG5: 8 paquetes | BH5: 5 paquetes | BI5: 5 paquetes | BJ5: 8 U | BK5: 7 paquetes | BL5: 7 paquetes | BM5: 7 paquetes | BN5: 4 paquetes
A6: Los Militares | B6: Cafeteria | C6: Papel Higienico (UN) | E6: 6 UN Papel H | F6: 4 UN Papel H | G6: 3 UN Papel H | Q6: 9 Papel H | R6: 10 paquetes | S6: 8 Paquetes | T6: 6 Paquetes | U6: 6 Paquetes | V6: 5 paquetes | W6: 5 paquetes | Y6: 4 paquetes | Z6: 3 paquetes | AA6: 3 paquetes | AD6: 8 paquetes | AF6: 8 paquetes | AG6: 7 paquetes | AH6: 5 paquetes | AI6: 10 paquetes | AJ6: 09 paquetes | AK6: 4 paquetes | AL6: 4 paquetes | AM6: 3 paquetes | AN6: 2 paquetes | AO6: 10 paquetes | AP6: 8 paquetes | AQ6: 7 1/2 paquetes | AR6: 7 1/2 paquetes | AS6: 7 paquetes | AT6: 7 paquetes | AU6: 7 paquetes | AV6: 7 paquetes | AW6: 12 paquetes | AX6: 10 paquetes | AY6: 10 paquetes | AZ6: 9 paquetes | BA6: 8 1/2 paquetes | BB6: 10 paquetes | BC6: 10 paquetes | BD6: 8 1/2 paquetes | BE6: 11 paquetes | BF6: 10 paquetes | BG6: 9 paquetes | BH6: 7 paquetes | BI6: 5 paquetes | BJ6: 20 U | BK6: 7 paquetes | BL6: 7 paquetes | BM6: 7 paquetes | BN6: 4 paquetes
A7: Los Militares | B7: Cafeteria | C7: Resma Papel Fotocopia (UN) | D7: 3 Resmas tamaño carta | E7: 3 Resmas tamaño carta | F7: 3 Resmas tamaño carta | G7: 3 Resmas tamaño carta | Q7: 6 Resmas | R7: 5 Resmas | S7: 5 Resmas | T7: 5 Resmas | U7: 5 Resmas | V7: 5 Resmas | W7: 5 Resmas | Y7: 8 resmas | Z7: 7 resmas | AA7: 7 resmas | AD7: 6 resmas | AF7: 8 resmas | AG7: 7 resmas | AH7: 7 resmas | AI7: 7 resmas | AJ7: 14 resmas | AK7: 14 resmas | AL7: 14 resmas | AM7: 13 resmas | AN7: 13 resmas | AO7: 15 resmas | AP7: 13 resmas | AQ7: 13 resmas | AR7: 13 resmas | AS7: 13 resmas | AT7: 13 resmas | AU7: 13 resmas | AV7: 13 resmas | AW7: 13 resmas | AX7: 12 resmas | AY7: 12 resmas | AZ7: 12 resmas | BA7: 12 resmas | BB7: 10 resmas (se le pasaron 4 a Albert) | BC7: 10 resmas | BD7: 10 resmas | BE7: 10 resmas | BF7: 10 resmas | BG7: 10 resmas | BH7: 9 resmas | BI7: 9 resmas | BJ7: 8 U | BK7: 7 paquetes | BL7: 10 resmas | BM7: 10 resmas | BN7: 10 resmas
A8: Los Militares | B8: Cafeteria | C8: Leche liquida | AA8: 0 | AD8: 0 | AF8: 0 | AG8: 0 | AH8: 0 | AI8: 0 | AJ8: 0 | AK8: 0 | AL8: 0 | AM8: 0 | AN8: 0 | AO8: 24 unidades | AP8: 22 unidades | AQ8: 21 unidades | AR8: 21 unidades | AS8: 18 unidades | AT8: 18 unidades | AU8: 17 unidades | AV8: 16 unidades | AW8: 16 unidades | AX8: 15 unidades | AY8: 13 unidades | AZ8: 13 unidades | BA8: 13 unidades | BB8: 8 unidades | BC8: 8 unidades | BD8: 7 unidades | BE8: 7 unidades | BF8: 6 unidades | BG8: 6 unidades | BH8: 5 unidades | BI8: 5 unidades | BJ8: 4 U | BK8: 13 unidades | BL8: 12 unidades | BM8: 11 unidades | BN8: 11 unidades
A9: Los Militares | B9: Cafeteria | C9: Cafe Granulado | BK9: 1 | BL9: 1 | BM9: 1 | BN9: 0
A10: Los Militares | B10: Cafeteria | C10: Endulzante | S10: - | T10: - | U10: - | V10: - | W10: - | X10: - | Y10: - | Z10: - | AA10: - | AD10: 2 endulzantes | AF10: 2 botellas | AG10: 2 botellas | AH10: 2 botellas | AI10: 3 botellas | AJ10: 3 botellas | AK10: 2 botellas | AL10: 2 botellas | AM10: 2 botellas | AN10: 2 botellas | AO10: 2 botellas | AP10: 2 botellas | AQ10: 2 botellas | AR10: 2 botellas | AS10: 2 botellas | AT10: 2 botellas | AU10: 1 botella | AV10: 1 botella | AW10: 1 botella | AX10: 1 botella | AY10: 1 botella | AZ10: 1 botella | BA10: 1 botella | BB10: 0 | BD10: 3 botellas | BE10: 3 botellas | BF10: 2 botellas | BG10: 2 botellas | BH10: 2 botellas | BI10: 2 botellas | BJ10: 2 U | BK10: 2 unidades | BL10: 2 unidades | BM10: 2 unidades | BN10: 1 unidad
A11: Los Militares | B11: Cafeteria | C11: Servilletas | AX11: 0 | AY11: 0 | AZ11: 0 | BA11: 0 | BB11: 10 | BC11: 9 | BD11: 7 | BE11: 5 | BF11: 9 paquetes | BG11: 9 paquetes | BH11: 9 paquetes | BI11: 8 paquetes | BJ11: 8 U | BK11: 10 paquetes | BL11: 10 paquetes | BM11: 10 paquetes | BN11: 12 paquetes
A12: Los Militares | B12: Aseo | C12: Cloro Gel | S12: - | T12: - | U12: - | V12: - | W12: - | X12: - | Y12: - | Z12: - | AA12: 1 | AD12: 1 | AF12: 1 | AG12: 1 | AH12: 0 | AI12: 4 | AJ12: 4 | AK12: 2 | AL12: 1 | AM12: 0 | AN12: 1 | AO12: 2 | AP12: 2 | AQ12: 2 | AR12: 2 | AS12: 2 | AT12: 2 | AU12: 1 | AV12: 1 | AW12: 2 | AX12: 2 | AY12: 1 | AZ12: 1 | BA12: 1 | BB12: 1 | BC12: 1 | BD12: 0 | BE12: 1 | BF12: 1 | BG12: 0 | BH12: 0 | BI12: 0 | BJ12: 0 | BK12: 0 | BL12: 1 | BM12: 1 | BN12: 0
A13: Los Militares | B13: Aseo | C13: Limpia Piso | S13: - | T13: - | U13: - | V13: - | W13: - | X13: - | Y13: - | Z13: - | AA13: - | AD13: 1 Poet 4 lts | AF13: 1 | AG13: 1 | AH13: 1 | AI13: 2 | AJ13: 2 | AK13: 2 | AL13: 1 | AM13: 0 | AN13: 1 | AO13: 3 | AP13: 3 | AQ13: 3 | AR13: 3 | AS13: 3 | AT13: 2 | AU13: 2 | AV13: 2 | AW13: 2 1/2 | AX13: 2 | AY13: 2 | AZ13: 2 | BA13: 2 | BB13: 3 | BC13: 2 | BD13: 2 | BE13: 2 | BF13: 2 | BG13: 2 | BH13: 2 | BI13: 1 | BJ13: 0 | BK13: 0 | BL13: 0 | BM13: 0 | BN13: 0
A14: Los Militares | B14: Aseo | C14: Bolsas Basura 50x70 | S14: - | T14: - | U14: - | V14: - | W14: - | X14: - | Y14: - | Z14: - | AA14: 1 paquete (bolsa chica) | AD14: 4 paquete (bolsa chica), 2 medianas y 2 grandes | AE14: - | AF14: 3 chicas, 2 medianas, 2 grandes | AG14: 1 grande - 1 mediana - 3 chicas | AH14: 1 grande - 0 mediana - 2 chicas | AI14: 2 grande - 10 medianas - 10 chicas | AJ14: 5 grandes- 7 medianas y 6 chicas | AK14: 1 grande - 1 mediana - 3 chicas | AL14: 2 grande - 0 mediana - 3 chicas | AM14: grandes 0 - mediana 0 - chica 1 | AP14: 4 | AQ14: 1 | AR14: 1 | AS14: 0 | AT14: 0 | AU14: 6 | AV14: 4 | AW14: 8 | AX14: 20 unidades | AY14: 20 unidades | AZ14: 15 unidades | BA14: 10 unidades | BB14: 10 paquetes | BC14: 10 paquetes | BD14: 5 paquetes | BE14: 10 paquetes | BF14: 10 paquetes | BG14: 6 paquetes | BH14: 0 | BI14: 1 paquete | BJ14: 0 | BK14: 09 paquetes | BL14: 0 | BM14: 0 | BN14: 0
A15: Los Militares | B15: Aseo | C15: Bolsas Basura 70x90 | AP15: 4 | AQ15: 0 | AR15: 0 | AS15: 4 | AT15: 0 | AU15: 6 | AV15: 5 | AW15: 5 | AX15: 30unidades | AY15: 30unidades | AZ15: 20 unidades | BA15: 15 unidades | BB15: 10 paquetes | BC15: 10 paquetes | BD15: 6 paquetes | BE15: 10 paquetes | BF15: 10 paquetes | BG15: 3 paquetes | BH15: 2 paquetes | BI15: 0 | BJ15: 0 | BK15: 08 paquetes | BL15: 4 paquetes | BM15: 4 paquetes | BN15: 2 paquetes
A16: Los Militares | B16: Aseo | C16: Bolsas Basura 80x110 | AP16: 4 | AQ16: 4 | AR16: 4 | AS16: 2 | AT16: 2 | AU16: 6 | AV16: 5 | AW16: 3 | AX16: 30 unidades | AY16: 30 unidades | AZ16: 10 unidades | BA16: 5 unidades | BB16: 10 paquetes | BC16: 10 paquetes | BD16: 8 paquetes | BE16: 7 paquetes | BF16: 7 paquetes | BG16: 4 paquetes | BH16: 4 paquetes | BI16: 2 paquetes | BJ16: 20 U | BK16: 3 paquetes | BL16: 5 paquetes | BM16: 5 paquetes | BN16: 1 paquete
A17: Los Militares | B17: Aseo | C17: Esponja 4U | S17: - | T17: - | U17: - | V17: - | W17: - | X17: - | Y17: - | Z17: - | AA17: 6 paquetes | AD17: 7 paquetes | AF17: 7 paquetes | AG17: 7 paquetes | AH17: 7 paquetes | AI17: 7 paquetes | AJ17: 7 paquetes | AK17: 6 paquetes | AL17: 5 paquetes | AM17: 5 paquete | AN17: 5 paquete | AO17: 10 paquetes | AP17: 7 paquetes | AQ17: 7 paquetes | AR17: 7 paquetes | AS17: 6 paquetes | AT17: 6 paquetes | AU17: 5 paquetes | AV17: 5 paquetes | AW17: 4 paquetes | AX17: 4 paquetes | AY17: 4 paquetes | AZ17: 4 paquetes | BA17: 4 paquetes | BB17: 4 | BC17: 4 paquetes | BD17: 4 paquetes | BE17: 4 paquetes | BF17: 4 paquetes | BG17: 3 paquetes | BH17: 3 paquetes | BI17: 3 paquetes | BJ17: 7U | BK17: 3 paquetes | BL17: 3 paquetes | BM17: 3 paquetes | BN17: 3 paquetes
A18: Los Militares | B18: Aseo | C18: Mopa Redonda | S18: - | T18: - | U18: - | V18: - | W18: - | X18: - | Y18: - | Z18: - | AA18: 3 | AD18: 5 | AF18: 4 | AG18: 4 | AH18: 4 | AI18: 7 | AJ18: 7 | AK18: 6 | AL18: 6 | AM18: 6 | AN18: 5 | AO18: 8 | AP18: 7 | AQ18: 7 | AR18: 7 | AS18: 7 | AT18: 7 | AU18: 10 | AV18: 9 | AW18: 9 | AX18: 9 | AY18: 9 | AZ18: 8 | BA18: 7 | BB18: 11 | BC18: 9 | BD18: 9 | BE18: 9 | BF18: 9 | BG18: 7 | BH18: 7 | BI18: 6 | BJ18: 5 U | BK18: 5 paquetes | BL18: 5 unidades | BM18: 5 unidades | BN18: 3 unidades

Sheet MONJITAS
D1: JUNIO | E1: JUNIO | F1: JUNIO | G1: JUNIO | H1: JUNIO
D2: 45811 | E2: =D2+6 -> 45817 | F2: =E2+7 -> 45824 | G2: =F2+7 -> 45831 | H2: =G2+7 -> 45838 | I2: 45845 | J2: =I2+7 -> 45852 | K2: =J2+7 -> 45859 | L2: =K2+7 -> 45866 | M2: 45873 | N2: 45880 | O2: 45887 | P2: 45894 | Q2: 45901 | R2: 45908 | S2: 45915 | T2: 45922 | U2: 45929 | V2: =U2+7 -> 45936 | W2: =V2+7 -> 45943 | X2: =W2+7 -> 45950 | Y2: =X2+7 -> 45957 | Z2: =Y2+7 -> 45964 | AA2: =Z2+7 -> 45971 | AB2: =AA2+7 -> 45978 | AC2: 45979 | AD2: 45981 | AE2: 45985 | AF2: 45988 | AG2: 45992 | AH2: 45993 | AI2: 45995 | AJ2: 46000 | AK2: 46002 | AL2: 46006 | AM2: 46007 | AN2: 46008 | AO2: 46010 | AP2: 46013 | AQ2: 46014 | AR2: 46020 | AS2: 46027 | AT2: 46030 | AU2: 46034 | AV2: 46035 | AW2: 46037 | AX2: 46041 | AY2: 46044 | AZ2: 46045 | BA2: 46048 | BB2: 46051 | BC2: 46055 | BD2: 46058 | BE2: 46059 | BF2: 46062 | BG2: 46065 | BH2: 46069 | BI2: 46072 | BJ2: 46076 | BK2: 46079 | BL2: 46083 | BM2: 46086 | BN2: 46090 | BO2: 46093 | BP2: 46097 | BQ2: 46100 | BR2: 46104
A3: Sede | B3: Proveedor | C3: Producto | D3: Stock Actual | E3: Stock Actual | F3: Stock Actual | G3: Stock Actual | H3: Stock Actual | I3: Stock Actual | J3: Stock Actual | K3: Stock Actual | L3: Stock Actual | M3: Stock Actual | N3: Stock Actual | O3: Stock Actual | P3: Stock Actual | Q3: Stock Actual | R3: Stock Actual | S3: Stock Actual | T3: Stock Actual | U3: Stock Actual | V3: Stock Actual | W3: Stock Actual | X3: Stock Actual | Y3: Stock Actual | Z3: Stock Actual | AA3: Stock Actual | AB3: Stock Actual | AC3: Stock Actual | AD3: Stock Actual | AE3: Stock Actual | AF3: Stock Actual | AG3: Stock Actual | AH3: Stock Actual | AI3: Stock Actual | AJ3: Stock Actual | AK3: Stock Actual | AL3: Stock Actual | AM3: Stock Actual | AN3: Stock Actual | AO3: Stock Actual | AP3: Stock Actual | AQ3: Stock Actual | AR3: Stock Actual | AS3: Stock Actual | AT3: Stock Actual | AU3: Stock Actual | AV3: Stock Actual | AW3: Stock Actual | AX3: Stock Actual | AY3: Stock Actual | AZ3: Stock Actual | BA3: Stock Actual | BB3: Stock Actual | BC3: Stock Actual | BD3: Stock Actual | BE3: Stock Actual | BF3: Stock Actual | BG3: Stock Actual | BH3: Stock Actual | BI3: Stock Actual | BJ3: Stock Actual | BK3: Stock Actual | BL3: Stock Actual | BM3: Stock Actual | BN3: Stock Actual | BO3: Stock Actual | BP3: Stock Actual | BQ3: Stock Actual | BR3: Stock Actual
A4: Monjitas | B4: Cafe Caribe | C4: Cafe Grano (KG) | D4: 0 | E4: 0 | F4: 20 kilos | G4: 14 kilos | H4: 5 kilos | I4: 0 | J4: 5 | K4: 2 | M4: 7 kg | N4: 3 kg | O4: 11 kg | P4: 3 kg | Q4: 0 und | R4: 0 und | S4: 10 kg | T4: 10kg (en grano) 5,5kg (molido) | U4: 14kg (en grano) 4,5 kg (molido) | V4: 5kg (en grano) 4,5 kg (molido) | W4: 12kg (en grano) 4,5 kg (molido) | X4: 3kg (en grano) 4,5 kg (molido) | Y4: 8 kg (en grano) | Z4: 3,5kg (en grano) | AA4: 8,5 kg (en grano) | AB4: 1 kg (en grano) | AC4: 12 kg (en grano) | AD4: 12 kg (en grano) | AE4: 8 kg (en grano) | AF4: 1 kg (en grano) | AG4: 0 KG (en grano) | AH4: 13 kg (en grano) | AI4: 10 kg (en grano) | AJ4: 8 kg (en grano) | AK4: 4 kg (en grano) | AL4: 1 kg (en grano) | AM4: 4,5 kg (Berta nos envío en uber) | AN4: 0,5 kg | AO4: 13 kg | AP4: 13 kg | AQ4: 12 kg | AR4: 10 kg | AS4: 8 kg | AT4: 10 kg | AU4: 8 kg | AV4: 7 kg | AW4: 6 kg | AX4: 5,5 kg | AY4: 1 kg | AZ4: 0,5 kg | BA4: 0 kg | BB4: 11 kg | BC4: 10 kg | BD4: 5 kg | BE4: 4 kg | BF4: 4 kg | BG4: 0,5 kg | BH4: 10, 5 kg | BI4: 7,5 kg | BJ4: 6 kg | BK4: 2 kg | BL4: 20 kg | BM4: 17 kg | BN4: 16 kg | BO4: 12,5 kg | BP4: 10 kg | BQ4: 13,5 kg | BR4: 11 kg
A5: Monjitas | B5: Cafeteria | C5: Toalla de Papel Jumbo (UN) | D5: 15 packs | E5: 11 | F5: 8 novas | G5: 4 novas | I5: 10 paquetes | J5: 6 paquetes | K5: 2 paquetes | M5: 6 und | N5: 2 und | O5: 0 und | P5: 4 und | Q5: 8 und | R5: 7 und | S5: 12 und | T5: 8 und | U5: 0 und | V5: 0 und | W5: 0 und | X5: 0 und | Y5: 4 und | Z5: 0 und | AA5: 6 und | AB5: 0 und | AC5: 10 und | AD5: 10 und | AE5: 8 und | AF5: 0 und | AG5: 0 und | AH5: 20 und | AI5: 8 und | AJ5: 6 und | AK5: 4 und | AL5: 0 und | AN5: 0 und | AO5: 0 und | AP5: 0 und | AQ5: 12 und | AR5: 10 und | AS5: 10 und | AT5: 8 und | AU5: 4 und | AV5: 20 und | AW5: 18 | AX5: 12 und | AY5: 10 und | AZ5: 16 und | BA5: 14 und | BB5: 10 und | BC5: 10 und | BD5: 4 und | BE5: 18 und | BF5: 16 und | BG5: 16 und | BH5: 12 und | BI5: 12 | BJ5: 10 | BK5: 6 und | BL5: 4 und | BM5: 2 und | BN5: 2 und | BO5: 12 und | BP5: 10 und | BQ5: 4 und | BR5: 4 und
A6: Monjitas | B6: Cafeteria | C6: Papel Higienico (UN) | D6: 11 packs | E6: 10 paquetes | G6: 6 paquetes | H6: 4 paquetes | I6: 12 paquetes | J6: 9 paquetes | K6: 7 paquetes | M6: 12 und | N6: 10 und | O6: 24 und | P6: 20 und | Q6: 20 und | R6: 14 und | S6: 16 und | T6: 24 und | U6: 20 und | V6: 12 und | W6: 24 und | X6: 20 und | Y6: 16 und | Z6: 16 und | AA6: 32 und | AB6: 24 und | AC6: 48 und | AD6: 49 und | AE6: 40 und | AF6: 40 und | AG6: 32 und | AH6: 32 und | AI6: 48 und | AJ6: 48 und | AK6: 44 und | AL6: 40 und | AN6: 36 und | AP6: 36 und | AQ6: 56 und | AR6: 56 und | AS6: 40 und | AT6: 36 und | AU6: 34 und | AV6: 34 und | AW6: 30 | AX6: 30 und | AY6: 30 und | AZ6: 52 und | BA6: 52 und | BB6: 48 und | BC6: 48 und | BD6: 44 und | BE6: 44 und | BF6: 44 und | BG6: 40 und | BH6: 36 und | BI6: 44 und | BJ6: 40 | BK6: 40 und | BL6: 40 und | BM6: 32 und | BN6: 32 und | BO6: 56 und | BP6: 56 und | BQ6: 44 und | BR6: 40 und
A7: Monjitas | B7: Cafeteria | C7: Resma Papel Fotocopia (UN) | D7: 3 resmas tamaño carta/ 0 tamaño oficio | E7: 3 resmas tamaño carta/ 0 tamaño oficio | F7: 3 resmas tamaño carta/ 0 tamaño oficio | G7: 3 resmas tamaño carta/ 0 tamaño oficio | H7: 3 resmas tamaño carta/ 0 tamaño oficio | I7: 3 resmas tamaño carta/ 0 tamaño oficio | J7: 3 resmas tamaño carta/ 0 tamaño oficio | K7: 3 resmas tamaño carta/ 0 tamaño oficio | M7: 2 und | N7: 2 und | O7: 1 und | P7: 3 und | Q7: 3 und | R7: 6 und | S7: 5 und | T7: 5 und | U7: 5 und | V7: 4 und | W7: 7 und | X7: 8 und | Y7: 7 und | Z7: 7 und | AA7: 6 und | AB7: 6 und | AC7: 5 und | AD7: 5 und | AE7: 5 und | AF7: 4 und | AG7: 4 und | AH7: 4 und | AI7: 5 und | AJ7: 4 und | AK7: 3 und | AL7: 3 und | AN7: 3 und | AP7: 3 | AQ7: 3 und | AR7: 2 und | AS7: 2 und | AT7: 1 und | AU7: 1 und | AV7: 1 und | AW7: 1 und | AX7: 1 und | AY7: 0 und | AZ7: 1 und | BA7: 1 und | BB7: 1 und | BC7: 1 und | BD7: 1 und | BE7: 0 und | BF7: 0 und | BG7: 0 und | BH7: 0 und | BI7: 0 und | BJ7: 2 und | BK7: 2 und | BL7: 1 und | BM7: 1 und | BN7: 1 und | BO7: 7 und | BP7: 7 und | BQ7: 7 | BR7: 6 und
A8: Monjitas | B8: Cafeteria | C8: Leche liquida | Q8: - | R8: - | S8: - | T8: - | U8: - | V8: - | W8: - | X8: - | Y8: - | Z8: 2 lts | AA8: 12 lts | AB8: 0 lts | AC8: 0 lts | AD8: 31 lts | AE8: 22 lts | AF8: 0 lts | AG8: 0 lts | AH8: 24 lts | AI8: 10 lts | AJ8: 8 lts | AK8: 0 lts | AL8: 0 lts | AN8: 0 lts | AP8: 0 lts | AQ8: 30 lts | AR8: 26 lts | AS8: 16 lts | AT8: 0 lts | AU8: 0 lts | AV8: 30 lts | AW8: 23 lts | AX8: 18 lts | AY8: 9 lts | AZ8: 31 lts | BA8: 28 lts | BB8: 25 lts | BC8: 20 lts | BD8: 12 lts | BE8: 22 lts | BF8: 19 lts | BG8: 11 lts | BH8: 5 lts | BI8: 22 lts | BJ8: 17 lts | BK8: 8 lts | BL8: 3 lts | BM8: 0 lts | BN8: 1 lts | BO8: 29 lts | BP8: 24 lts | BQ8: 26 lts | BR8: 19 lts
A9: Monjitas | B9: Cafeteria | C9: Cafe Granulado | BP9: 3 und | BQ9: 3 und | BR9: 3 und
A10: Monjitas | B10: Cafeteria | C10: Te Negro (100 unid) | BQ10: 7 cajas | BR10: 7 cajas
A11: Monjitas | B11: Cafeteria | C11: Te Lypton (100 unid) | BQ11: 5 cajas | BR11: 5 cajas
A12: Monjitas | B12: Cafeteria | C12: Te de hierbas (100 unid) | BQ12: 3 cajas | BR12: 3 cajas
A13: Monjitas | B13: Cafeteria | C13: Limon 1 Lt | BQ13: 4 lts | BR13: 4 lts
A14: Monjitas | B14: Cafeteria | C14: Aceite 500cc | BQ14: 1 lt | BR14: 1 lt
A15: Monjitas | B15: Cafeteria | C15: Aceto 500cc | BQ15: 2 lts | BR15: 2 lts
A16: Monjitas | B16: Cafeteria | C16: Vinagre 1 Lt | BQ16: 2 lts | BR16: 3 lts
A17: Monjitas | B17: Cafeteria | C17: Sal | BQ17: 1 kg | BR17: 1 kg
