Workbook

Sheet RESUMEN
A1: 46104 | C1: =IFERROR(__xludf.DUMMYFUNCTION("unique(filter($C$68:$C1166,$C$68:$C1166<>""Proveedor"",$B$68:$B1166=C6,$C$68:$C1166<>""""))"),"Cafeteria") -> Cafeteria | D1: =IFERROR(__xludf.DUMMYFUNCTION("unique(filter($C$68:$C1166,$C$68:$C1166<>""Proveedor"",$B$68:$B1166=D6,$C$68:$C1166<>""""))"),"Cafeteria") -> Cafeteria | E1: =IFERROR(__xludf.DUMMYFUNCTION("unique(filter($C$68:$C1166,$C$68:$C1166<>""Proveedor"",$B$68:$B1166=E6,$C$68:$C1166<>""""))"),"Corporate Coffe") -> Corporate Coffe | F1: =IFERROR(__xludf.DUMMYFUNCTION("unique(filter($C$68:$C1166,$C$68:$C1166<>""Proveedor"",$B$68:$B1166=F6,$C$68:$C1166<>""""))"),"Cafeteria") -> Cafeteria | G1: =IFERROR(__xludf.DUMMYFUNCTION("unique(filter($C$68:$C1166,$C$68:$C1166<>""Proveedor"",$B$68:$B1166=#REF!,$C$68:$C1166<>""""))"),"#N/A") -> #N/A | H1: =IFERROR(__xludf.DUMMYFUNCTION("unique(filter($C$68:$C1166,$C$68:$C1166<>""Proveedor"",$B$68:$B1166=H6,$C$68:$C1166<>""""))"),"Cafeteria") -> Cafeteria | I1: =IFERROR(__xludf.DUMMYFUNCTION("unique(filter($C$68:$C1166,$C$68:$C1166<>""Proveedor"",$B$68:$B1166=#REF!,$C$68:$C1166<>""""))"),"#N/A") -> #N/A | J1: =IFERROR(__xludf.DUMMYFUNCTION("unique(filter($C$68:$C1166,$C$68:$C1166<>""Proveedor"",$B$68:$B1166=J6,$C$68:$C1166<>""""))"),"Cafeteria") -> Cafeteria | K1: =IFERROR(__xludf.DUMMYFUNCTION("unique(filter($C$68:$C1166,$C$68:$C1166<>""Proveedor"",$B$68:$B1166=K6,$C$68:$C1166<>""""))"),"Cafeteria") -> Cafeteria | L1: =IFERROR(__xludf.DUMMYFUNCTION("unique(filter($C$68:$C1166,$C$68:$C1166<>""Proveedor"",$B$68:$B1166=L6,$C$68:$C1166<>""""))"),"Cafeteria") -> Cafeteria | M1: =IFERROR(__xludf.DUMMYFUNCTION("unique(filter($C$68:$C1166,$C$68:$C1166<>""Proveedor"",$B$68:$B1166=M6,$C$68:$C1166<>""""))"),"Aseo") -> Aseo
A2: 46100 | C2: =IFERROR(__xludf.DUMMYFUNCTION("""COMPUTED_VALUE"""),"Aseo") -> Aseo | D2: =IFERROR(__xludf.DUMMYFUNCTION("""COMPUTED_VALUE"""),"Aseo") -> Aseo | E2: =IFERROR(__xludf.DUMMYFUNCTION("""COMPUTED_VALUE"""),"Cafeteria") -> Cafeteria | F2: =IFERROR(__xludf.DUMMYFUNCTION("""COMPUTED_VALUE"""),"Aseo") -> Aseo | H2: =IFERROR(__xludf.DUMMYFUNCTION("""COMPUTED_VALUE"""),"Aseo") -> Aseo | J2: =IFERROR(__xludf.DUMMYFUNCTION("""COMPUTED_VALUE"""),"Aseo") -> Aseo | K2: =IFERROR(__xludf.DUMMYFUNCTION("""COMPUTED_VALUE"""),"Aseo") -> Aseo | L2: =IFERROR(__xludf.DUMMYFUNCTION("""COMPUTED_VALUE"""),"Aseo") -> Aseo
E3: =IFERROR(__xludf.DUMMYFUNCTION("""COMPUTED_VALUE"""),"Papelería") -> Papelería
A4: Insumos | E4: =IFERROR(__xludf.DUMMYFUNCTION("""COMPUTED_VALUE"""),"Aseo") -> Aseo
A5: Cafe
C6: =IFERROR(__xludf.DUMMYFUNCTION("TRANSPOSE(unique(filter(B68:B1166,B68:B1166<>""Sede"",B68:B1166<>"""")))"),"Santa Lucia") -> Santa Lucia | D6: =IFERROR(__xludf.DUMMYFUNCTION("""COMPUTED_VALUE"""),"Plaza Egaña") -> Plaza Egaña | E6: =IFERROR(__xludf.DUMMYFUNCTION("""COMPUTED_VALUE"""),"Neohaus") -> Neohaus | F6: =IFERROR(__xludf.DUMMYFUNCTION("""COMPUTED_VALUE"""),"Florida Center") -> Florida Center | G6: =IFERROR(__xludf.DUMMYFUNCTION("""COMPUTED_VALUE"""),"Manuel Montt piso 2") -> Manuel Montt piso 2 | H6: =IFERROR(__xludf.DUMMYFUNCTION("""COMPUTED_VALUE"""),"Manuel Montt piso 5") -> Manuel Montt piso 5 | I6: =IFERROR(__xludf.DUMMYFUNCTION("""COMPUTED_VALUE"""),"Suecia piso 7") -> Suecia piso 7 | J6: =IFERROR(__xludf.DUMMYFUNCTION("""COMPUTED_VALUE"""),"Suecia piso 8") -> Suecia piso 8 | K6: =IFERROR(__xludf.DUMMYFUNCTION("""COMPUTED_VALUE"""),"Tobalaba 3") -> Tobalaba 3 | L6: =IFERROR(__xludf.DUMMYFUNCTION("""COMPUTED_VALUE"""),"Santa Rosa") -> Santa Rosa | M6: =IFERROR(__xludf.DUMMYFUNCTION("""COMPUTED_VALUE"""),"Santa Rosa ") -> Santa Rosa
B7: =IFERROR(__xludf.DUMMYFUNCTION("unique(filter(D68:D1166,D68:D1166<>""Producto"",D68:D1166<>""""))"),"Cafe Grano (KG)") -> Cafe Grano (KG) | C7: =IFERROR(INDEX($E$70:$BW$85,MATCH($B7,$D$70:$D$85,0),MATCH($A$2,$E$68:$BW$68,0))&" ---> "&INDEX($E$70:$BW$85,MATCH($B7,$D$70:$D$85,0),MATCH($A$1,$E$68:$BW$68,0)),"-") -> 20 ---> 17,5 | D7: =IFERROR(INDEX($E$89:$BQ$103,MATCH($B7,$D$89:$D$103,0),MATCH($A$2,$E$87:$BQ$87,0))&" ---> "&INDEX($E$89:$BQ$103,MATCH($B7,$D$89:$D$103,0),MATCH($A$1,$E$87:$BQ$87,0)),"-") -> 16 ---> 15 | E7: =IFERROR(INDEX($E$106:$BK$119,MATCH($B7,$D$106:$D$119,0),MATCH($A$2,$E$104:$BK$104,0))&" ---> "&INDEX($E$106:$BK$119,MATCH($B7,$D$106:$D$119,0),MATCH($A$1,$E$104:$BK$104,0)),"-") -> 2 kilos ---> 1 kilos | F7: =IFERROR(INDEX($E$123:$BO$158,MATCH($B7,$D$123:$D$158,0),MATCH($A$2,$E$121:$BO$121,0))&" ---> "&INDEX($E$123:$BO$158,MATCH($B7,$D$123:$D$158,0),MATCH($A$1,$E$121:$BO$121,0)),"-") -> 28 (bolsas de 500gr) ---> 27 (bolsas de 500gr) | G7: =IFERROR(INDEX($E$162:$AY$183,MATCH($B7&G$6,$A$162:$A$183,0),MATCH($A$2,$E$160:$AY$160,0))&" ---> "&INDEX($E$162:$AY$183,MATCH($B7&G$6,$A$162:$A$183,0),MATCH($A$1,$E$160:$AY$160,0)),"-") -> - | H7: =IFERROR(INDEX($E$162:$AY$183,MATCH($B7&H$6,$A$162:$A$183,0),MATCH($A$2,$E$160:$AY$160,0))&" ---> "&INDEX($E$162:$AY$183,MATCH($B7&H$6,$A$162:$A$183,0),MATCH($A$1,$E$160:$AY$160,0)),"-") -> - | I7: =IFERROR(INDEX($E$188:$BK$215,MATCH($B7&I$6,$A$188:$A$215,0),MATCH($A$2,$E$186:$BK$186,0))&" ---> "&INDEX($E$188:$BK$215,MATCH($B7&I$6,$A$188:$A$215,0),MATCH($A$1,$E$186:$BK$186,0)),"-") -> 3 ---> 3 | J7: =IFERROR(INDEX($E$188:$BK$215,MATCH($B7&J$6,$A$188:$A$215,0),MATCH($A$2,$E$186:$BK$186,0))&" ---> "&INDEX($E$188:$BK$215,MATCH($B7&J$6,$A$188:$A$215,0),MATCH($A$1,$E$186:$BK$186,0)),"-") -> 10 ---> 10 | K7: =IFERROR(INDEX($E$219:$BD$231,MATCH($B7&K$6,$A$219:$A$231,0),MATCH($A$2,$E$217:$BD$217,0))&" ---> "&INDEX($E$219:$BD$231,MATCH($B7&K$6,$A$219:$A$231,0),MATCH($A$1,$E$217:$BD$217,0)),"-") -> 12,5 ---> 8,5 | L7: =IFERROR(INDEX($E$219:$BD$231,MATCH($B7&L$6,$A$219:$A$231,0),MATCH($A$2,$E$217:$BD$217,0))&" ---> "&INDEX($E$219:$BD$231,MATCH($B7&L$6,$A$219:$A$231,0),MATCH($A$1,$E$217:$BD$217,0)),"-") -> - | M7: =IFERROR(INDEX($E$235:$AY$251,MATCH($B7,$D$235:$D$251,0),MATCH($A$2,$E$233:$AY$233,0))&" ---> "&INDEX($E$235:$AY$251,MATCH($B7,$D$234:$D$251,0),MATCH($A$1,$E$233:$AY$233,0)),"-") -> piso 5 (9) - piso 6 (9) ---> piso 3 (6)- piso 5 (6) - piso 6 (6)
B8: =IFERROR(__xludf.DUMMYFUNCTION("""COMPUTED_VALUE"""),"Toalla de Papel Jumbo (UN)") -> Toalla de Papel Jumbo (UN) | C8: =IFERROR(INDEX($E$70:$BW$85,MATCH($B8,$D$70:$D$85,0),MATCH($A$2,$E$68:$BW$68,0))&" ---> "&INDEX($E$70:$BW$85,MATCH($B8,$D$70:$D$85,0),MATCH($A$1,$E$68:$BW$68,0)),"-") -> 27 ---> 30 | D8: =IFERROR(INDEX($E$89:$BQ$103,MATCH($B8,$D$89:$D$103,0),MATCH($A$2,$E$87:$BQ$87,0))&" ---> "&INDEX($E$89:$BQ$103,MATCH($B8,$D$89:$D$103,0),MATCH($A$1,$E$87:$BQ$87,0)),"-") -> 1 ---> 0 | E8: =IFERROR(INDEX($E$106:$BK$119,MATCH($B8,$D$106:$D$119,0),MATCH($A$2,$E$104:$BK$104,0))&" ---> "&INDEX($E$106:$BK$119,MATCH($B8,$D$106:$D$119,0),MATCH($A$1,$E$104:$BK$104,0)),"-") -> sin stock ---> sin stock | F8: =IFERROR(INDEX($E$123:$BO$158,MATCH($B8,$D$123:$D$158,0),MATCH($A$2,$E$121:$BO$121,0))&" ---> "&INDEX($E$123:$BO$158,MATCH($B8,$D$123:$D$158,0),MATCH($A$1,$E$121:$BO$121,0)),"-") -> 8 ---> 7 | G8: =IFERROR(INDEX($E$162:$AY$183,MATCH($B8&G$6,$A$162:$A$183,0),MATCH($A$2,$E$160:$AY$160,0))&" ---> "&INDEX($E$162:$AY$183,MATCH($B8&G$6,$A$162:$A$183,0),MATCH($A$1,$E$160:$AY$160,0)),"-") -> - | H8: =IFERROR(INDEX($E$162:$AY$183,MATCH($B8&H$6,$A$162:$A$183,0),MATCH($A$2,$E$160:$AY$160,0))&" ---> "&INDEX($E$162:$AY$183,MATCH($B8&H$6,$A$162:$A$183,0),MATCH($A$1,$E$160:$AY$160,0)),"-") -> - | I8: =IFERROR(INDEX($E$188:$BK$215,MATCH($B8&I$6,$A$188:$A$215,0),MATCH($A$2,$E$186:$BK$186,0))&" ---> "&INDEX($E$188:$BK$215,MATCH($B8&I$6,$A$188:$A$215,0),MATCH($A$1,$E$186:$BK$186,0)),"-") -> 4 ---> 4 | J8: =IFERROR(INDEX($E$188:$BK$215,MATCH($B8&J$6,$A$188:$A$215,0),MATCH($A$2,$E$186:$BK$186,0))&" ---> "&INDEX($E$188:$BK$215,MATCH($B8&J$6,$A$188:$A$215,0),MATCH($A$1,$E$186:$BK$186,0)),"-") -> 24 ---> 24 | K8: =IFERROR(INDEX($E$219:$BD$231,MATCH($B8&K$6,$A$219:$A$231,0),MATCH($A$2,$E$217:$BD$217,0))&" ---> "&INDEX($E$219:$BD$231,MATCH($B8&K$6,$A$219:$A$231,0),MATCH($A$1,$E$217:$BD$217,0)),"-") -> 14 ---> 5 | L8: =IFERROR(INDEX($E$219:$BD$231,MATCH($B8&L$6,$A$219:$A$231,0),MATCH($A$2,$E$217:$BD$217,0))&" ---> "&INDEX($E$219:$BD$231,MATCH($B8&L$6,$A$219:$A$231,0),MATCH($A$1,$E$217:$BD$217,0)),"-") -> - | M8: =IFERROR(INDEX($E$235:$AY$251,MATCH($B8,$D$235:$D$251,0),MATCH($A$2,$E$233:$AY$233,0))&" ---> "&INDEX($E$235:$AY$251,MATCH($B8,$D$234:$D$251,0),MATCH($A$1,$E$233:$AY$233,0)),"-") -> 26 ---> 36
B9: =IFERROR(__xludf.DUMMYFUNCTION("""COMPUTED_VALUE"""),"Papel Higienico (UN)") -> Papel Higienico (UN) | C9: =IFERROR(INDEX($E$70:$BW$85,MATCH($B9,$D$70:$D$85,0),MATCH($A$2,$E$68:$BW$68,0))&" ---> "&INDEX($E$70:$BW$85,MATCH($B9,$D$70:$D$85,0),MATCH($A$1,$E$68:$BW$68,0)),"-") -> 20 ---> 9 | D9: =IFERROR(INDEX($E$89:$BQ$103,MATCH($B9,$D$89:$D$103,0),MATCH($A$2,$E$87:$BQ$87,0))&" ---> "&INDEX($E$89:$BQ$103,MATCH($B9,$D$89:$D$103,0),MATCH($A$1,$E$87:$BQ$87,0)),"-") -> 8 ---> 7 | E9: =IFERROR(INDEX($E$106:$BK$119,MATCH($B9,$D$106:$D$119,0),MATCH($A$2,$E$104:$BK$104,0))&" ---> "&INDEX($E$106:$BK$119,MATCH($B9,$D$106:$D$119,0),MATCH($A$1,$E$104:$BK$104,0)),"-") -> 6 paquetes ---> 4 paquetes | F9: =IFERROR(INDEX($E$123:$BO$158,MATCH($B9,$D$123:$D$158,0),MATCH($A$2,$E$121:$BO$121,0))&" ---> "&INDEX($E$123:$BO$158,MATCH($B9,$D$123:$D$158,0),MATCH($A$1,$E$121:$BO$121,0)),"-") -> - ---> - | G9: =IFERROR(INDEX($E$162:$AY$183,MATCH($B9&G$6,$A$162:$A$183,0),MATCH($A$2,$E$160:$AY$160,0))&" ---> "&INDEX($E$162:$AY$183,MATCH($B9&G$6,$A$162:$A$183,0),MATCH($A$1,$E$160:$AY$160,0)),"-") -> - | H9: =IFERROR(INDEX($E$162:$AY$183,MATCH($B9&H$6,$A$162:$A$183,0),MATCH($A$2,$E$160:$AY$160,0))&" ---> "&INDEX($E$162:$AY$183,MATCH($B9&H$6,$A$162:$A$183,0),MATCH($A$1,$E$160:$AY$160,0)),"-") -> - | I9: =IFERROR(INDEX($E$188:$BK$215,MATCH($B9&I$6,$A$188:$A$215,0),MATCH($A$2,$E$186:$BK$186,0))&" ---> "&INDEX($E$188:$BK$215,MATCH($B9&I$6,$A$188:$A$215,0),MATCH($A$1,$E$186:$BK$186,0)),"-") -> 25 ---> 25 | J9: =IFERROR(INDEX($E$188:$BK$215,MATCH($B9&J$6,$A$188:$A$215,0),MATCH($A$2,$E$186:$BK$186,0))&" ---> "&INDEX($E$188:$BK$215,MATCH($B9&J$6,$A$188:$A$215,0),MATCH($A$1,$E$186:$BK$186,0)),"-") -> 15 ---> 15 | K9: =IFERROR(INDEX($E$219:$BD$231,MATCH($B9&K$6,$A$219:$A$231,0),MATCH($A$2,$E$217:$BD$217,0))&" ---> "&INDEX($E$219:$BD$231,MATCH($B9&K$6,$A$219:$A$231,0),MATCH($A$1,$E$217:$BD$217,0)),"-") -> 24 ---> 20 | L9: =IFERROR(INDEX($E$219:$BD$231,MATCH($B9&L$6,$A$219:$A$231,0),MATCH($A$2,$E$217:$BD$217,0))&" ---> "&INDEX($E$219:$BD$231,MATCH($B9&L$6,$A$219:$A$231,0),MATCH($A$1,$E$217:$BD$217,0)),"-") -> - | M9: =IFERROR(INDEX($E$235:$AY$251,MATCH($B9,$D$235:$D$251,0),MATCH($A$2,$E$233:$AY$233,0))&" ---> "&INDEX($E$235:$AY$251,MATCH($B9,$D$234:$D$251,0),MATCH($A$1,$E$233:$AY$233,0)),"-") -> 40 ---> 6
B10: =IFERROR(__xludf.DUMMYFUNCTION("""COMPUTED_VALUE"""),"Resma Papel Fotocopia (UN)") -> Resma Papel Fotocopia (UN) | C10: =IFERROR(INDEX($E$70:$BW$85,MATCH($B10,$D$70:$D$85,0),MATCH($A$2,$E$68:$BW$68,0))&" ---> "&INDEX($E$70:$BW$85,MATCH($B10,$D$70:$D$85,0),MATCH($A$1,$E$68:$BW$68,0)),"-") -> 6 ---> 9 | D10: =IFERROR(INDEX($E$89:$BQ$103,MATCH($B10,$D$89:$D$103,0),MATCH($A$2,$E$87:$BQ$87,0))&" ---> "&INDEX($E$89:$BQ$103,MATCH($B10,$D$89:$D$103,0),MATCH($A$1,$E$87:$BQ$87,0)),"-") -> 7 ---> 7 | E10: =IFERROR(INDEX($E$106:$BK$119,MATCH($B10,$D$106:$D$119,0),MATCH($A$2,$E$104:$BK$104,0))&" ---> "&INDEX($E$106:$BK$119,MATCH($B10,$D$106:$D$119,0),MATCH($A$1,$E$104:$BK$104,0)),"-") -> 3 unidades ---> 2 unidades | F10: =IFERROR(INDEX($E$123:$BO$158,MATCH($B10,$D$123:$D$158,0),MATCH($A$2,$E$121:$BO$121,0))&" ---> "&INDEX($E$123:$BO$158,MATCH($B10,$D$123:$D$158,0),MATCH($A$1,$E$121:$BO$121,0)),"-") -> - | G10: =IFERROR(INDEX($E$162:$AY$183,MATCH($B10&G$6,$A$162:$A$183,0),MATCH($A$2,$E$160:$AY$160,0))&" ---> "&INDEX($E$162:$AY$183,MATCH($B10&G$6,$A$162:$A$183,0),MATCH($A$1,$E$160:$AY$160,0)),"-") -> - | H10: =IFERROR(INDEX($E$162:$AY$183,MATCH($B10&H$6,$A$162:$A$183,0),MATCH($A$2,$E$160:$AY$160,0))&" ---> "&INDEX($E$162:$AY$183,MATCH($B10&H$6,$A$162:$A$183,0),MATCH($A$1,$E$160:$AY$160,0)),"-") -> - | I10: =IFERROR(INDEX($E$188:$BK$215,MATCH($B10&I$6,$A$188:$A$215,0),MATCH($A$2,$E$186:$BK$186,0))&" ---> "&INDEX($E$188:$BK$215,MATCH($B10&I$6,$A$188:$A$215,0),MATCH($A$1,$E$186:$BK$186,0)),"-") -> 1 ---> 1 | J10: =IFERROR(INDEX($E$188:$BK$215,MATCH($B10&J$6,$A$188:$A$215,0),MATCH($A$2,$E$186:$BK$186,0))&" ---> "&INDEX($E$188:$BK$215,MATCH($B10&J$6,$A$188:$A$215,0),MATCH($A$1,$E$186:$BK$186,0)),"-") -> 5 ---> 5 | K10: =IFERROR(INDEX($E$219:$BD$231,MATCH($B10&K$6,$A$219:$A$231,0),MATCH($A$2,$E$217:$BD$217,0))&" ---> "&INDEX($E$219:$BD$231,MATCH($B10&K$6,$A$219:$A$231,0),MATCH($A$1,$E$217:$BD$217,0)),"-") -> 7 ---> 6 | L10: =IFERROR(INDEX($E$219:$BD$231,MATCH($B10&L$6,$A$219:$A$231,0),MATCH($A$2,$E$217:$BD$217,0))&" ---> "&INDEX($E$219:$BD$231,MATCH($B10&L$6,$A$219:$A$231,0),MATCH($A$1,$E$217:$BD$217,0)),"-") -> - | M10: =IFERROR(INDEX($E$235:$AY$251,MATCH($B10,$D$235:$D$251,0),MATCH($A$2,$E$233:$AY$233,0))&" ---> "&INDEX($E$235:$AY$251,MATCH($B10,$D$234:$D$251,0),MATCH($A$1,$E$233:$AY$233,0)),"-") -> 5 ---> 29
B11: =IFERROR(__xludf.DUMMYFUNCTION("""COMPUTED_VALUE"""),"Servilletas") -> Servilletas | C11: =IFERROR(INDEX($E$70:$BW$85,MATCH($B11,$D$70:$D$85,0),MATCH($A$2,$E$68:$BW$68,0))&" ---> "&INDEX($E$70:$BW$85,MATCH($B11,$D$70:$D$85,0),MATCH($A$1,$E$68:$BW$68,0)),"-") -> 6 ---> 3 | D11: =IFERROR(INDEX($E$89:$BQ$103,MATCH($B11,$D$89:$D$103,0),MATCH($A$2,$E$87:$BQ$87,0))&" ---> "&INDEX($E$89:$BQ$103,MATCH($B11,$D$89:$D$103,0),MATCH($A$1,$E$87:$BQ$87,0)),"-") -> 12 ---> 10 | E11: =IFERROR(INDEX($E$106:$BK$119,MATCH($B11,$D$106:$D$119,0),MATCH($A$2,$E$104:$BK$104,0))&" ---> "&INDEX($E$106:$BK$119,MATCH($B11,$D$106:$D$119,0),MATCH($A$1,$E$104:$BK$104,0)),"-") -> - | F11: =IFERROR(INDEX($E$123:$BO$158,MATCH($B11,$D$123:$D$158,0),MATCH($A$2,$E$121:$BO$121,0))&" ---> "&INDEX($E$123:$BO$158,MATCH($B11,$D$123:$D$158,0),MATCH($A$1,$E$121:$BO$121,0)),"-") -> 14 ---> 13 | G11: =IFERROR(INDEX($E$162:$AY$183,MATCH($B11&G$6,$A$162:$A$183,0),MATCH($A$2,$E$160:$AY$160,0))&" ---> "&INDEX($E$162:$AY$183,MATCH($B11&G$6,$A$162:$A$183,0),MATCH($A$1,$E$160:$AY$160,0)),"-") -> - | H11: =IFERROR(INDEX($E$162:$AY$183,MATCH($B11&H$6,$A$162:$A$183,0),MATCH($A$2,$E$160:$AY$160,0))&" ---> "&INDEX($E$162:$AY$183,MATCH($B11&H$6,$A$162:$A$183,0),MATCH($A$1,$E$160:$AY$160,0)),"-") -> - | I11: =IFERROR(INDEX($E$188:$BK$215,MATCH($B11&I$6,$A$188:$A$215,0),MATCH($A$2,$E$186:$BK$186,0))&" ---> "&INDEX($E$188:$BK$215,MATCH($B11&I$6,$A$188:$A$215,0),MATCH($A$1,$E$186:$BK$186,0)),"-") -> - | J11: =IFERROR(INDEX($E$188:$BK$215,MATCH($B11&J$6,$A$188:$A$215,0),MATCH($A$2,$E$186:$BK$186,0))&" ---> "&INDEX($E$188:$BK$215,MATCH($B11&J$6,$A$188:$A$215,0),MATCH($A$1,$E$186:$BK$186,0)),"-") -> - | K11: =IFERROR(INDEX($E$219:$BD$231,MATCH($B11&K$6,$A$219:$A$231,0),MATCH($A$2,$E$217:$BD$217,0))&" ---> "&INDEX($E$219:$BD$231,MATCH($B11&K$6,$A$219:$A$231,0),MATCH($A$1,$E$217:$BD$217,0)),"-") -> 15 ---> 4 | L11: =IFERROR(INDEX($E$219:$BD$231,MATCH($B11&L$6,$A$219:$A$231,0),MATCH($A$2,$E$217:$BD$217,0))&" ---> "&INDEX($E$219:$BD$231,MATCH($B11&L$6,$A$219:$A$231,0),MATCH($A$1,$E$217:$BD$217,0)),"-") -> - | M11: =IFERROR(INDEX($E$235:$AY$251,MATCH($B11,$D$235:$D$251,0),MATCH($A$2,$E$233:$AY$233,0))&" ---> "&INDEX($E$235:$AY$251,MATCH($B11,$D$234:$D$251,0),MATCH($A$1,$E$233:$AY$233,0)),"-") -> 29 ---> piso 3 (6)- piso 5 (6) - piso 6 (6)
B12: =IFERROR(__xludf.DUMMYFUNCTION("""COMPUTED_VALUE"""),"Leche Liquida") -> Leche Liquida | C12: =IFERROR(INDEX($E$70:$BW$85,MATCH($B12,$D$70:$D$85,0),MATCH($A$2,$E$68:$BW$68,0))&" ---> "&INDEX($E$70:$BW$85,MATCH($B12,$D$70:$D$85,0),MATCH($A$1,$E$68:$BW$68,0)),"-") -> 10 ---> 7 | D12: =IFERROR(INDEX($E$89:$BQ$103,MATCH($B12,$D$89:$D$103,0),MATCH($A$2,$E$87:$BQ$87,0))&" ---> "&INDEX($E$89:$BQ$103,MATCH($B12,$D$89:$D$103,0),MATCH($A$1,$E$87:$BQ$87,0)),"-") -> 11 ---> 8 | E12: =IFERROR(INDEX($E$106:$BK$119,MATCH($B12,$D$106:$D$119,0),MATCH($A$2,$E$104:$BK$104,0))&" ---> "&INDEX($E$106:$BK$119,MATCH($B12,$D$106:$D$119,0),MATCH($A$1,$E$104:$BK$104,0)),"-") -> - | F12: =IFERROR(INDEX($E$123:$BO$158,MATCH($B12,$D$123:$D$158,0),MATCH($A$2,$E$121:$BO$121,0))&" ---> "&INDEX($E$123:$BO$158,MATCH($B12,$D$123:$D$158,0),MATCH($A$1,$E$121:$BO$121,0)),"-") -> 20 ---> 19 | G12: =IFERROR(INDEX($E$162:$AY$183,MATCH($B12&G$6,$A$162:$A$183,0),MATCH($A$2,$E$160:$AY$160,0))&" ---> "&INDEX($E$162:$AY$183,MATCH($B12&G$6,$A$162:$A$183,0),MATCH($A$1,$E$160:$AY$160,0)),"-") -> - | H12: =IFERROR(INDEX($E$162:$AY$183,MATCH($B12&H$6,$A$162:$A$183,0),MATCH($A$2,$E$160:$AY$160,0))&" ---> "&INDEX($E$162:$AY$183,MATCH($B12&H$6,$A$162:$A$183,0),MATCH($A$1,$E$160:$AY$160,0)),"-") -> - | I12: =IFERROR(INDEX($E$188:$BK$215,MATCH($B12&I$6,$A$188:$A$215,0),MATCH($A$2,$E$186:$BK$186,0))&" ---> "&INDEX($E$188:$BK$215,MATCH($B12&I$6,$A$188:$A$215,0),MATCH($A$1,$E$186:$BK$186,0)),"-") -> 0 ---> 0 | J12: =IFERROR(INDEX($E$188:$BK$215,MATCH($B12&J$6,$A$188:$A$215,0),MATCH($A$2,$E$186:$BK$186,0))&" ---> "&INDEX($E$188:$BK$215,MATCH($B12&J$6,$A$188:$A$215,0),MATCH($A$1,$E$186:$BK$186,0)),"-") -> 23 ---> 23 | K12: =IFERROR(INDEX($E$219:$BD$231,MATCH($B12&K$6,$A$219:$A$231,0),MATCH($A$2,$E$217:$BD$217,0))&" ---> "&INDEX($E$219:$BD$231,MATCH($B12&K$6,$A$219:$A$231,0),MATCH($A$1,$E$217:$BD$217,0)),"-") -> 24 ---> 20 | L12: =IFERROR(INDEX($E$219:$BD$231,MATCH($B12&L$6,$A$219:$A$231,0),MATCH($A$2,$E$217:$BD$217,0))&" ---> "&INDEX($E$219:$BD$231,MATCH($B12&L$6,$A$219:$A$231,0),MATCH($A$1,$E$217:$BD$217,0)),"-") -> - | M12: =IFERROR(INDEX($E$235:$AY$251,MATCH($B12,$D$235:$D$251,0),MATCH($A$2,$E$233:$AY$233,0))&" ---> "&INDEX($E$235:$AY$251,MATCH($B12,$D$234:$D$251,0),MATCH($A$1,$E$233:$AY$233,0)),"-") -> -
B13: =IFERROR(__xludf.DUMMYFUNCTION("""COMPUTED_VALUE"""),"Cafe Granulado") -> Cafe Granulado | C13: =IFERROR(INDEX($E$70:$BW$85,MATCH($B13,$D$70:$D$85,0),MATCH($A$2,$E$68:$BW$68,0))&" ---> "&INDEX($E$70:$BW$85,MATCH($B13,$D$70:$D$85,0),MATCH($A$1,$E$68:$BW$68,0)),"-") -> 2 ---> 2 | D13: =IFERROR(INDEX($E$89:$BQ$103,MATCH($B13,$D$89:$D$103,0),MATCH($A$2,$E$87:$BQ$87,0))&" ---> "&INDEX($E$89:$BQ$103,MATCH($B13,$D$89:$D$103,0),MATCH($A$1,$E$87:$BQ$87,0)),"-") -> 1 ---> 1 | E13: =IFERROR(INDEX($E$106:$BK$119,MATCH($B13,$D$106:$D$119,0),MATCH($A$2,$E$104:$BK$104,0))&" ---> "&INDEX($E$106:$BK$119,MATCH($B13,$D$106:$D$119,0),MATCH($A$1,$E$104:$BK$104,0)),"-") -> 1 unidad ---> 1 unidad | F13: =IFERROR(INDEX($E$123:$BO$158,MATCH($B13,$D$123:$D$158,0),MATCH($A$2,$E$121:$BO$121,0))&" ---> "&INDEX($E$123:$BO$158,MATCH($B13,$D$123:$D$158,0),MATCH($A$1,$E$121:$BO$121,0)),"-") -> - | G13: =IFERROR(INDEX($E$162:$AY$183,MATCH($B13&G$6,$A$162:$A$183,0),MATCH($A$2,$E$160:$AY$160,0))&" ---> "&INDEX($E$162:$AY$183,MATCH($B13&G$6,$A$162:$A$183,0),MATCH($A$1,$E$160:$AY$160,0)),"-") -> - | H13: =IFERROR(INDEX($E$162:$AY$183,MATCH($B13&H$6,$A$162:$A$183,0),MATCH($A$2,$E$160:$AY$160,0))&" ---> "&INDEX($E$162:$AY$183,MATCH($B13&H$6,$A$162:$A$183,0),MATCH($A$1,$E$160:$AY$160,0)),"-") -> - | I13: =IFERROR(INDEX($E$188:$BK$215,MATCH($B13&I$6,$A$188:$A$215,0),MATCH($A$2,$E$186:$BK$186,0))&" ---> "&INDEX($E$188:$BK$215,MATCH($B13&I$6,$A$188:$A$215,0),MATCH($A$1,$E$186:$BK$186,0)),"-") -> 8 ---> 8 | J13: =IFERROR(INDEX($E$188:$BK$215,MATCH($B13&J$6,$A$188:$A$215,0),MATCH($A$2,$E$186:$BK$186,0))&" ---> "&INDEX($E$188:$BK$215,MATCH($B13&J$6,$A$188:$A$215,0),MATCH($A$1,$E$186:$BK$186,0)),"-") -> 4 ---> 4 | K13: =IFERROR(INDEX($E$219:$BD$231,MATCH($B13&K$6,$A$219:$A$231,0),MATCH($A$2,$E$217:$BD$217,0))&" ---> "&INDEX($E$219:$BD$231,MATCH($B13&K$6,$A$219:$A$231,0),MATCH($A$1,$E$217:$BD$217,0)),"-") -> - | L13: =IFERROR(INDEX($E$219:$BD$231,MATCH($B13&L$6,$A$219:$A$231,0),MATCH($A$2,$E$217:$BD$217,0))&" ---> "&INDEX($E$219:$BD$231,MATCH($B13&L$6,$A$219:$A$231,0),MATCH($A$1,$E$217:$BD$217,0)),"-") -> - | M13: =IFERROR(INDEX($E$235:$AY$251,MATCH($B13,$D$235:$D$251,0),MATCH($A$2,$E$233:$AY$233,0))&" ---> "&INDEX($E$235:$AY$251,MATCH($B13,$D$234:$D$251,0),MATCH($A$1,$E$233:$AY$233,0)),"-") -> 2 ---> 5
B14: =IFERROR(__xludf.DUMMYFUNCTION("""COMPUTED_VALUE"""),"Endulzante ") -> Endulzante | C14: =IFERROR(INDEX($E$70:$BW$85,MATCH($B14,$D$70:$D$85,0),MATCH($A$2,$E$68:$BW$68,0))&" ---> "&INDEX($E$70:$BW$85,MATCH($B14,$D$70:$D$85,0),MATCH($A$1,$E$68:$BW$68,0)),"-") -> 3 ---> 2 | D14: =IFERROR(INDEX($E$89:$BQ$103,MATCH($B14,$D$89:$D$103,0),MATCH($A$2,$E$87:$BQ$87,0))&" ---> "&INDEX($E$89:$BQ$103,MATCH($B14,$D$89:$D$103,0),MATCH($A$1,$E$87:$BQ$87,0)),"-") -> 0 ---> 0 | E14: =IFERROR(INDEX($E$106:$BK$119,MATCH($B14,$D$106:$D$119,0),MATCH($A$2,$E$104:$BK$104,0))&" ---> "&INDEX($E$106:$BK$119,MATCH($B14,$D$106:$D$119,0),MATCH($A$1,$E$104:$BK$104,0)),"-") -> 1 unidad ---> 1 unidad | F14: =IFERROR(INDEX($E$123:$BO$158,MATCH($B14,$D$123:$D$158,0),MATCH($A$2,$E$121:$BO$121,0))&" ---> "&INDEX($E$123:$BO$158,MATCH($B14,$D$123:$D$158,0),MATCH($A$1,$E$121:$BO$121,0)),"-") -> 4 ---> 4 | I14: =IFERROR(INDEX($E$188:$BK$215,MATCH($B14&I$6,$A$188:$A$215,0),MATCH($A$2,$E$186:$BK$186,0))&" ---> "&INDEX($E$188:$BK$215,MATCH($B14&I$6,$A$188:$A$215,0),MATCH($A$1,$E$186:$BK$186,0)),"-") -> 3 ---> 3 | J14: =IFERROR(INDEX($E$188:$BK$215,MATCH($B14&J$6,$A$188:$A$215,0),MATCH($A$2,$E$186:$BK$186,0))&" ---> "&INDEX($E$188:$BK$215,MATCH($B14&J$6,$A$188:$A$215,0),MATCH($A$1,$E$186:$BK$186,0)),"-") -> - | K14: =IFERROR(INDEX($E$219:$BD$231,MATCH($B14&K$6,$A$219:$A$231,0),MATCH($A$2,$E$217:$BD$217,0))&" ---> "&INDEX($E$219:$BD$231,MATCH($B14&K$6,$A$219:$A$231,0),MATCH($A$1,$E$217:$BD$217,0)),"-") -> 3 ---> 2 | L14: =IFERROR(INDEX($E$219:$BD$231,MATCH($B14&L$6,$A$219:$A$231,0),MATCH($A$2,$E$217:$BD$217,0))&" ---> "&INDEX($E$219:$BD$231,MATCH($B14&L$6,$A$219:$A$231,0),MATCH($A$1,$E$217:$BD$217,0)),"-") -> -
B15: =IFERROR(__xludf.DUMMYFUNCTION("""COMPUTED_VALUE"""),"Azucar kg") -> Azucar kg | C15: =IFERROR(INDEX($E$70:$BW$85,MATCH($B15,$D$70:$D$85,0),MATCH($A$2,$E$68:$BW$68,0))&" ---> "&INDEX($E$70:$BW$85,MATCH($B15,$D$70:$D$85,0),MATCH($A$1,$E$68:$BW$68,0)),"-") -> 0 ---> 0 | D15: =IFERROR(INDEX($E$89:$BQ$103,MATCH($B15,$D$89:$D$103,0),MATCH($A$2,$E$87:$BQ$87,0))&" ---> "&INDEX($E$89:$BQ$103,MATCH($B15,$D$89:$D$103,0),MATCH($A$1,$E$87:$BQ$87,0)),"-") -> - | E15: =IFERROR(INDEX($E$106:$BK$119,MATCH($B15,$D$106:$D$119,0),MATCH($A$2,$E$104:$BK$104,0))&" ---> "&INDEX($E$106:$BK$119,MATCH($B15,$D$106:$D$119,0),MATCH($A$1,$E$104:$BK$104,0)),"-") -> - | F15: =IFERROR(INDEX($E$123:$BO$158,MATCH($B15,$D$123:$D$158,0),MATCH($A$2,$E$121:$BO$121,0))&" ---> "&INDEX($E$123:$BO$158,MATCH($B15,$D$123:$D$158,0),MATCH($A$1,$E$121:$BO$121,0)),"-") -> - | I15: =IFERROR(INDEX($E$188:$BK$215,MATCH($B15&I$6,$A$188:$A$215,0),MATCH($A$2,$E$186:$BK$186,0))&" ---> "&INDEX($E$188:$BK$215,MATCH($B15&I$6,$A$188:$A$215,0),MATCH($A$1,$E$186:$BK$186,0)),"-") -> - | J15: =IFERROR(INDEX($E$188:$BK$215,MATCH($B15&J$6,$A$188:$A$215,0),MATCH($A$2,$E$186:$BK$186,0))&" ---> "&INDEX($E$188:$BK$215,MATCH($B15&J$6,$A$188:$A$215,0),MATCH($A$1,$E$186:$BK$186,0)),"-") -> - | K15: =IFERROR(INDEX($E$219:$BD$231,MATCH($B15&K$6,$A$219:$A$231,0),MATCH($A$2,$E$217:$BD$217,0))&" ---> "&INDEX($E$219:$BD$231,MATCH($B15&K$6,$A$219:$A$231,0),MATCH($A$1,$E$217:$BD$217,0)),"-") -> - | L15: =IFERROR(INDEX($E$219:$BD$231,MATCH($B15&L$6,$A$219:$A$231,0),MATCH($A$2,$E$217:$BD$217,0))&" ---> "&INDEX($E$219:$BD$231,MATCH($B15&L$6,$A$219:$A$231,0),MATCH($A$1,$E$217:$BD$217,0)),"-") -> -
B16: =IFERROR(__xludf.DUMMYFUNCTION("""COMPUTED_VALUE"""),"Cloro Gel ") -> Cloro Gel | C16: =IFERROR(INDEX($E$70:$BW$85,MATCH($B16,$D$70:$D$85,0),MATCH($A$2,$E$68:$BW$68,0))&" ---> "&INDEX($E$70:$BW$85,MATCH($B16,$D$70:$D$85,0),MATCH($A$1,$E$68:$BW$68,0)),"-") -> 0 ---> 0 | D16: =IFERROR(INDEX($E$89:$BQ$103,MATCH($B16,$D$89:$D$103,0),MATCH($A$2,$E$87:$BQ$87,0))&" ---> "&INDEX($E$89:$BQ$103,MATCH($B16,$D$89:$D$103,0),MATCH($A$1,$E$87:$BQ$87,0)),"-") -> 0 ---> 0 | E16: =IFERROR(INDEX($E$106:$BK$119,MATCH($B16,$D$106:$D$119,0),MATCH($A$2,$E$104:$BK$104,0))&" ---> "&INDEX($E$106:$BK$119,MATCH($B16,$D$106:$D$119,0),MATCH($A$1,$E$104:$BK$104,0)),"-") -> 1 bidón ---> 1 bidón | F16: =IFERROR(INDEX($E$123:$BO$158,MATCH($B16,$D$123:$D$158,0),MATCH($A$2,$E$121:$BO$121,0))&" ---> "&INDEX($E$123:$BO$158,MATCH($B16,$D$123:$D$158,0),MATCH($A$1,$E$121:$BO$121,0)),"-") -> - | G16: =IFERROR(INDEX($E$162:$AY$183,MATCH($B16&G$6,$A$162:$A$183,0),MATCH($A$2,$E$160:$AY$160,0))&" ---> "&INDEX($E$162:$AY$183,MATCH($B16&G$6,$A$162:$A$183,0),MATCH($A$1,$E$160:$AY$160,0)),"-") -> - | H16: =IFERROR(INDEX($E$162:$AY$183,MATCH($B16&H$6,$A$162:$A$183,0),MATCH($A$2,$E$160:$AY$160,0))&" ---> "&INDEX($E$162:$AY$183,MATCH($B16&H$6,$A$162:$A$183,0),MATCH($A$1,$E$160:$AY$160,0)),"-") -> - | I16: =IFERROR(INDEX($E$188:$BK$215,MATCH($B16&I$6,$A$188:$A$215,0),MATCH($A$2,$E$186:$BK$186,0))&" ---> "&INDEX($E$188:$BK$215,MATCH($B16&I$6,$A$188:$A$215,0),MATCH($A$1,$E$186:$BK$186,0)),"-") -> - | J16: =IFERROR(INDEX($E$188:$BK$215,MATCH($B16&J$6,$A$188:$A$215,0),MATCH($A$2,$E$186:$BK$186,0))&" ---> "&INDEX($E$188:$BK$215,MATCH($B16&J$6,$A$188:$A$215,0),MATCH($A$1,$E$186:$BK$186,0)),"-") -> - | K16: =IFERROR(INDEX($E$219:$BD$231,MATCH($B16&K$6,$A$219:$A$231,0),MATCH($A$2,$E$217:$BD$217,0))&" ---> "&INDEX($E$219:$BD$231,MATCH($B16&K$6,$A$219:$A$231,0),MATCH($A$1,$E$217:$BD$217,0)),"-") -> 1 ---> 1 | L16: =IFERROR(INDEX($E$219:$BD$231,MATCH($B16&L$6,$A$219:$A$231,0),MATCH($A$2,$E$217:$BD$217,0))&" ---> "&INDEX($E$219:$BD$231,MATCH($B16&L$6,$A$219:$A$231,0),MATCH($A$1,$E$217:$BD$217,0)),"-") -> - | M16: =IFERROR(INDEX($E$235:$AY$251,MATCH($B16,$D$235:$D$251,0),MATCH($A$2,$E$233:$AY$233,0))&" ---> "&INDEX($E$235:$AY$251,MATCH($B16,$D$234:$D$251,0),MATCH($A$1,$E$233:$AY$233,0)),"-") -> 1 ---> 3
B17: =IFERROR(__xludf.DUMMYFUNCTION("""COMPUTED_VALUE"""),"Limpia Piso ") -> Limpia Piso | C17: =IFERROR(INDEX($E$70:$BW$85,MATCH($B17,$D$70:$D$85,0),MATCH($A$2,$E$68:$BW$68,0))&" ---> "&INDEX($E$70:$BW$85,MATCH($B17,$D$70:$D$85,0),MATCH($A$1,$E$68:$BW$68,0)),"-") -> 1 ---> 0 | D17: =IFERROR(INDEX($E$89:$BQ$103,MATCH($B17,$D$89:$D$103,0),MATCH($A$2,$E$87:$BQ$87,0))&" ---> "&INDEX($E$89:$BQ$103,MATCH($B17,$D$89:$D$103,0),MATCH($A$1,$E$87:$BQ$87,0)),"-") -> 1 ---> 1 | E17: =IFERROR(INDEX($E$106:$BK$119,MATCH($B17,$D$106:$D$119,0),MATCH($A$2,$E$104:$BK$104,0))&" ---> "&INDEX($E$106:$BK$119,MATCH($B17,$D$106:$D$119,0),MATCH($A$1,$E$104:$BK$104,0)),"-") -> 1 bidón ---> 1 bidón | F17: =IFERROR(INDEX($E$123:$BO$158,MATCH($B17,$D$123:$D$158,0),MATCH($A$2,$E$121:$BO$121,0))&" ---> "&INDEX($E$123:$BO$158,MATCH($B17,$D$123:$D$158,0),MATCH($A$1,$E$121:$BO$121,0)),"-") -> - | G17: =IFERROR(INDEX($E$162:$AY$183,MATCH($B17&G$6,$A$162:$A$183,0),MATCH($A$2,$E$160:$AY$160,0))&" ---> "&INDEX($E$162:$AY$183,MATCH($B17&G$6,$A$162:$A$183,0),MATCH($A$1,$E$160:$AY$160,0)),"-") -> - | H17: =IFERROR(INDEX($E$162:$AY$183,MATCH($B17&H$6,$A$162:$A$183,0),MATCH($A$2,$E$160:$AY$160,0))&" ---> "&INDEX($E$162:$AY$183,MATCH($B17&H$6,$A$162:$A$183,0),MATCH($A$1,$E$160:$AY$160,0)),"-") -> - | I17: =IFERROR(INDEX($E$188:$BK$215,MATCH($B17&I$6,$A$188:$A$215,0),MATCH($A$2,$E$186:$BK$186,0))&" ---> "&INDEX($E$188:$BK$215,MATCH($B17&I$6,$A$188:$A$215,0),MATCH($A$1,$E$186:$BK$186,0)),"-") -> - | J17: =IFERROR(INDEX($E$188:$BK$215,MATCH($B17&J$6,$A$188:$A$215,0),MATCH($A$2,$E$186:$BK$186,0))&" ---> "&INDEX($E$188:$BK$215,MATCH($B17&J$6,$A$188:$A$215,0),MATCH($A$1,$E$186:$BK$186,0)),"-") -> - | K17: =IFERROR(INDEX($E$219:$BD$231,MATCH($B17&K$6,$A$219:$A$231,0),MATCH($A$2,$E$217:$BD$217,0))&" ---> "&INDEX($E$219:$BD$231,MATCH($B17&K$6,$A$219:$A$231,0),MATCH($A$1,$E$217:$BD$217,0)),"-") -> 3 ---> 2 | L17: =IFERROR(INDEX($E$219:$BD$231,MATCH($B17&L$6,$A$219:$A$231,0),MATCH($A$2,$E$217:$BD$217,0))&" ---> "&INDEX($E$219:$BD$231,MATCH($B17&L$6,$A$219:$A$231,0),MATCH($A$1,$E$217:$BD$217,0)),"-") -> - | M17: =IFERROR(INDEX($E$235:$AY$251,MATCH($B17,$D$235:$D$251,0),MATCH($A$2,$E$233:$AY$233,0))&" ---> "&INDEX($E$235:$AY$251,MATCH($B17,$D$234:$D$251,0),MATCH($A$1,$E$233:$AY$233,0)),"-") -> 1 ---> 26
B18: =IFERROR(__xludf.DUMMYFUNCTION("""COMPUTED_VALUE"""),"Bolsas Basura 50x70") -> Bolsas Basura 50x70 | C18: =IFERROR(INDEX($E$70:$BW$85,MATCH($B18,$D$70:$D$85,0),MATCH($A$2,$E$68:$BW$68,0))&" ---> "&INDEX($E$70:$BW$85,MATCH($B18,$D$70:$D$85,0),MATCH($A$1,$E$68:$BW$68,0)),"-") -> 0 ---> 0 | D18: =IFERROR(INDEX($E$89:$BQ$103,MATCH($B18,$D$89:$D$103,0),MATCH($A$2,$E$87:$BQ$87,0))&" ---> "&INDEX($E$89:$BQ$103,MATCH($B18,$D$89:$D$103,0),MATCH($A$1,$E$87:$BQ$87,0)),"-") -> 14 ---> 11 | E18: =IFERROR(INDEX($E$106:$BK$119,MATCH($B18,$D$106:$D$119,0),MATCH($A$2,$E$104:$BK$104,0))&" ---> "&INDEX($E$106:$BK$119,MATCH($B18,$D$106:$D$119,0),MATCH($A$1,$E$104:$BK$104,0)),"-") -> - | F18: =IFERROR(INDEX($E$123:$BO$158,MATCH($B18,$D$123:$D$158,0),MATCH($A$2,$E$121:$BO$121,0))&" ---> "&INDEX($E$123:$BO$158,MATCH($B18,$D$123:$D$158,0),MATCH($A$1,$E$121:$BO$121,0)),"-") -> 18 ---> 16 | G18: =IFERROR(INDEX($E$162:$AY$183,MATCH($B18&G$6,$A$162:$A$183,0),MATCH($A$2,$E$160:$AY$160,0))&" ---> "&INDEX($E$162:$AY$183,MATCH($B18&G$6,$A$162:$A$183,0),MATCH($A$1,$E$160:$AY$160,0)),"-") -> - | H18: =IFERROR(INDEX($E$162:$AY$183,MATCH($B18&H$6,$A$162:$A$183,0),MATCH($A$2,$E$160:$AY$160,0))&" ---> "&INDEX($E$162:$AY$183,MATCH($B18&H$6,$A$162:$A$183,0),MATCH($A$1,$E$160:$AY$160,0)),"-") -> - | I18: =IFERROR(INDEX($E$188:$BK$215,MATCH($B18&I$6,$A$188:$A$215,0),MATCH($A$2,$E$186:$BK$186,0))&" ---> "&INDEX($E$188:$BK$215,MATCH($B18&I$6,$A$188:$A$215,0),MATCH($A$1,$E$186:$BK$186,0)),"-") -> 4 ---> 4 | J18: =IFERROR(INDEX($E$188:$BK$215,MATCH($B18&J$6,$A$188:$A$215,0),MATCH($A$2,$E$186:$BK$186,0))&" ---> "&INDEX($E$188:$BK$215,MATCH($B18&J$6,$A$188:$A$215,0),MATCH($A$1,$E$186:$BK$186,0)),"-") -> 4 ---> 4 | K18: =IFERROR(INDEX($E$219:$BD$231,MATCH($B18&K$6,$A$219:$A$231,0),MATCH($A$2,$E$217:$BD$217,0))&" ---> "&INDEX($E$219:$BD$231,MATCH($B18&K$6,$A$219:$A$231,0),MATCH($A$1,$E$217:$BD$217,0)),"-") -> - | L18: =IFERROR(INDEX($E$219:$BD$231,MATCH($B18&L$6,$A$219:$A$231,0),MATCH($A$2,$E$217:$BD$217,0))&" ---> "&INDEX($E$219:$BD$231,MATCH($B18&L$6,$A$219:$A$231,0),MATCH($A$1,$E$217:$BD$217,0)),"-") -> - | M18: =IFERROR(INDEX($E$235:$AY$251,MATCH($B18,$D$235:$D$251,0),MATCH($A$2,$E$233:$AY$233,0))&" ---> "&INDEX($E$235:$AY$251,MATCH($B18,$D$234:$D$251,0),MATCH($A$1,$E$233:$AY$233,0)),"-") -> 4 ---> 4
B19: =IFERROR(__xludf.DUMMYFUNCTION("""COMPUTED_VALUE"""),"Bolsas Basura 70x90") -> Bolsas Basura 70x90 | C19: =IFERROR(INDEX($E$70:$BW$85,MATCH($B19,$D$70:$D$85,0),MATCH($A$2,$E$68:$BW$68,0))&" ---> "&INDEX($E$70:$BW$85,MATCH($B19,$D$70:$D$85,0),MATCH($A$1,$E$68:$BW$68,0)),"-") -> 2 ---> 1 | D19: =IFERROR(INDEX($E$89:$BQ$103,MATCH($B19,$D$89:$D$103,0),MATCH($A$2,$E$87:$BQ$87,0))&" ---> "&INDEX($E$89:$BQ$103,MATCH($B19,$D$89:$D$103,0),MATCH($A$1,$E$87:$BQ$87,0)),"-") -> 16 ---> 14 | E19: =IFERROR(INDEX($E$106:$BK$119,MATCH($B19,$D$106:$D$119,0),MATCH($A$2,$E$104:$BK$104,0))&" ---> "&INDEX($E$106:$BK$119,MATCH($B19,$D$106:$D$119,0),MATCH($A$1,$E$104:$BK$104,0)),"-") -> - | F19: =IFERROR(INDEX($E$123:$BO$158,MATCH($B19,$D$123:$D$158,0),MATCH($A$2,$E$121:$BO$121,0))&" ---> "&INDEX($E$123:$BO$158,MATCH($B19,$D$123:$D$158,0),MATCH($A$1,$E$121:$BO$121,0)),"-") -> 5 ---> 4 | G19: =IFERROR(INDEX($E$162:$AY$183,MATCH($B19&G$6,$A$162:$A$183,0),MATCH($A$2,$E$160:$AY$160,0))&" ---> "&INDEX($E$162:$AY$183,MATCH($B19&G$6,$A$162:$A$183,0),MATCH($A$1,$E$160:$AY$160,0)),"-") -> - | H19: =IFERROR(INDEX($E$162:$AY$183,MATCH($B19&H$6,$A$162:$A$183,0),MATCH($A$2,$E$160:$AY$160,0))&" ---> "&INDEX($E$162:$AY$183,MATCH($B19&H$6,$A$162:$A$183,0),MATCH($A$1,$E$160:$AY$160,0)),"-") -> - | I19: =IFERROR(INDEX($E$188:$BK$215,MATCH($B19&I$6,$A$188:$A$215,0),MATCH($A$2,$E$186:$BK$186,0))&" ---> "&INDEX($E$188:$BK$215,MATCH($B19&I$6,$A$188:$A$215,0),MATCH($A$1,$E$186:$BK$186,0)),"-") -> 5 ---> 5 | J19: =IFERROR(INDEX($E$188:$BK$215,MATCH($B19&J$6,$A$188:$A$215,0),MATCH($A$2,$E$186:$BK$186,0))&" ---> "&INDEX($E$188:$BK$215,MATCH($B19&J$6,$A$188:$A$215,0),MATCH($A$1,$E$186:$BK$186,0)),"-") -> 11 ---> 11 | K19: =IFERROR(INDEX($E$219:$BD$231,MATCH($B19&K$6,$A$219:$A$231,0),MATCH($A$2,$E$217:$BD$217,0))&" ---> "&INDEX($E$219:$BD$231,MATCH($B19&K$6,$A$219:$A$231,0),MATCH($A$1,$E$217:$BD$217,0)),"-") -> - | L19: =IFERROR(INDEX($E$219:$BD$231,MATCH($B19&L$6,$A$219:$A$231,0),MATCH($A$2,$E$217:$BD$217,0))&" ---> "&INDEX($E$219:$BD$231,MATCH($B19&L$6,$A$219:$A$231,0),MATCH($A$1,$E$217:$BD$217,0)),"-") -> - | M19: =IFERROR(INDEX($E$235:$AY$251,MATCH($B19,$D$235:$D$251,0),MATCH($A$2,$E$233:$AY$233,0))&" ---> "&INDEX($E$235:$AY$251,MATCH($B19,$D$234:$D$251,0),MATCH($A$1,$E$233:$AY$233,0)),"-") -> 21 ---> 13
B20: =IFERROR(__xludf.DUMMYFUNCTION("""COMPUTED_VALUE"""),"Bolsas Basura 80x110") -> Bolsas Basura 80x110 | C20: =IFERROR(INDEX($E$70:$BW$85,MATCH($B20,$D$70:$D$85,0),MATCH($A$2,$E$68:$BW$68,0))&" ---> "&INDEX($E$70:$BW$85,MATCH($B20,$D$70:$D$85,0),MATCH($A$1,$E$68:$BW$68,0)),"-") -> 2 ---> 2 | D20: =IFERROR(INDEX($E$89:$BQ$103,MATCH($B20,$D$89:$D$103,0),MATCH($A$2,$E$87:$BQ$87,0))&" ---> "&INDEX($E$89:$BQ$103,MATCH($B20,$D$89:$D$103,0),MATCH($A$1,$E$87:$BQ$87,0)),"-") -> 4 ---> 2 | E20: =IFERROR(INDEX($E$106:$BK$119,MATCH($B20,$D$106:$D$119,0),MATCH($A$2,$E$104:$BK$104,0))&" ---> "&INDEX($E$106:$BK$119,MATCH($B20,$D$106:$D$119,0),MATCH($A$1,$E$104:$BK$104,0)),"-") -> - | F20: =IFERROR(INDEX($E$123:$BO$158,MATCH($B20,$D$123:$D$158,0),MATCH($A$2,$E$121:$BO$121,0))&" ---> "&INDEX($E$123:$BO$158,MATCH($B20,$D$123:$D$158,0),MATCH($A$1,$E$121:$BO$121,0)),"-") -> 13 ---> 13 | G20: =IFERROR(INDEX($E$162:$AY$183,MATCH($B20&G$6,$A$162:$A$183,0),MATCH($A$2,$E$160:$AY$160,0))&" ---> "&INDEX($E$162:$AY$183,MATCH($B20&G$6,$A$162:$A$183,0),MATCH($A$1,$E$160:$AY$160,0)),"-") -> - | H20: =IFERROR(INDEX($E$162:$AY$183,MATCH($B20&H$6,$A$162:$A$183,0),MATCH($A$2,$E$160:$AY$160,0))&" ---> "&INDEX($E$162:$AY$183,MATCH($B20&H$6,$A$162:$A$183,0),MATCH($A$1,$E$160:$AY$160,0)),"-") -> - | I20: =IFERROR(INDEX($E$188:$BK$215,MATCH($B20&I$6,$A$188:$A$215,0),MATCH($A$2,$E$186:$BK$186,0))&" ---> "&INDEX($E$188:$BK$215,MATCH($B20&I$6,$A$188:$A$215,0),MATCH($A$1,$E$186:$BK$186,0)),"-") -> 11 ---> 11 | J20: =IFERROR(INDEX($E$188:$BK$215,MATCH($B20&J$6,$A$188:$A$215,0),MATCH($A$2,$E$186:$BK$186,0))&" ---> "&INDEX($E$188:$BK$215,MATCH($B20&J$6,$A$188:$A$215,0),MATCH($A$1,$E$186:$BK$186,0)),"-") -> 0 ---> 0 | K20: =IFERROR(INDEX($E$219:$BD$231,MATCH($B20&K$6,$A$219:$A$231,0),MATCH($A$2,$E$217:$BD$217,0))&" ---> "&INDEX($E$219:$BD$231,MATCH($B20&K$6,$A$219:$A$231,0),MATCH($A$1,$E$217:$BD$217,0)),"-") -> - | L20: =IFERROR(INDEX($E$219:$BD$231,MATCH($B20&L$6,$A$219:$A$231,0),MATCH($A$2,$E$217:$BD$217,0))&" ---> "&INDEX($E$219:$BD$231,MATCH($B20&L$6,$A$219:$A$231,0),MATCH($A$1,$E$217:$BD$217,0)),"-") -> - | M20: =IFERROR(INDEX($E$235:$AY$251,MATCH($B20,$D$235:$D$251,0),MATCH($A$2,$E$233:$AY$233,0))&" ---> "&INDEX($E$235:$AY$251,MATCH($B20,$D$234:$D$251,0),MATCH($A$1,$E$233:$AY$233,0)),"-") -> 28 ---> 13
B21: =IFERROR(__xludf.DUMMYFUNCTION("""COMPUTED_VALUE"""),"Esponja 4U ") -> Esponja 4U | C21: =IFERROR(INDEX($E$70:$BW$85,MATCH($B21,$D$70:$D$85,0),MATCH($A$2,$E$68:$BW$68,0))&" ---> "&INDEX($E$70:$BW$85,MATCH($B21,$D$70:$D$85,0),MATCH($A$1,$E$68:$BW$68,0)),"-") -> 16 ---> 12 | D21: =IFERROR(INDEX($E$89:$BQ$103,MATCH($B21,$D$89:$D$103,0),MATCH($A$2,$E$87:$BQ$87,0))&" ---> "&INDEX($E$89:$BQ$103,MATCH($B21,$D$89:$D$103,0),MATCH($A$1,$E$87:$BQ$87,0)),"-") -> 0 ---> 0 | E21: =IFERROR(INDEX($E$106:$BK$119,MATCH($B21,$D$106:$D$119,0),MATCH($A$2,$E$104:$BK$104,0))&" ---> "&INDEX($E$106:$BK$119,MATCH($B21,$D$106:$D$119,0),MATCH($A$1,$E$104:$BK$104,0)),"-") -> 1 paquete ---> 1 paquete | F21: =IFERROR(INDEX($E$123:$BO$158,MATCH($B21,$D$123:$D$158,0),MATCH($A$2,$E$121:$BO$121,0))&" ---> "&INDEX($E$123:$BO$158,MATCH($B21,$D$123:$D$158,0),MATCH($A$1,$E$121:$BO$121,0)),"-") -> - | G21: =IFERROR(INDEX($E$162:$AY$183,MATCH($B21&G$6,$A$162:$A$183,0),MATCH($A$2,$E$160:$AY$160,0))&" ---> "&INDEX($E$162:$AY$183,MATCH($B21&G$6,$A$162:$A$183,0),MATCH($A$1,$E$160:$AY$160,0)),"-") -> - | H21: =IFERROR(INDEX($E$162:$AY$183,MATCH($B21&H$6,$A$162:$A$183,0),MATCH($A$2,$E$160:$AY$160,0))&" ---> "&INDEX($E$162:$AY$183,MATCH($B21&H$6,$A$162:$A$183,0),MATCH($A$1,$E$160:$AY$160,0)),"-") -> - | I21: =IFERROR(INDEX($E$188:$BK$215,MATCH($B21&I$6,$A$188:$A$215,0),MATCH($A$2,$E$186:$BK$186,0))&" ---> "&INDEX($E$188:$BK$215,MATCH($B21&I$6,$A$188:$A$215,0),MATCH($A$1,$E$186:$BK$186,0)),"-") -> - | J21: =IFERROR(INDEX($E$188:$BK$215,MATCH($B21&J$6,$A$188:$A$215,0),MATCH($A$2,$E$186:$BK$186,0))&" ---> "&INDEX($E$188:$BK$215,MATCH($B21&J$6,$A$188:$A$215,0),MATCH($A$1,$E$186:$BK$186,0)),"-") -> - | K21: =IFERROR(INDEX($E$219:$BD$231,MATCH($B21&K$6,$A$219:$A$231,0),MATCH($A$2,$E$217:$BD$217,0))&" ---> "&INDEX($E$219:$BD$231,MATCH($B21&K$6,$A$219:$A$231,0),MATCH($A$1,$E$217:$BD$217,0)),"-") -> - | L21: =IFERROR(INDEX($E$219:$BD$231,MATCH($B21&L$6,$A$219:$A$231,0),MATCH($A$2,$E$217:$BD$217,0))&" ---> "&INDEX($E$219:$BD$231,MATCH($B21&L$6,$A$219:$A$231,0),MATCH($A$1,$E$217:$BD$217,0)),"-") -> - | M21: =IFERROR(INDEX($E$235:$AY$251,MATCH($B21,$D$235:$D$251,0),MATCH($A$2,$E$233:$AY$233,0))&" ---> "&INDEX($E$235:$AY$251,MATCH($B21,$D$234:$D$251,0),MATCH($A$1,$E$233:$AY$233,0)),"-") -> -
B22: =IFERROR(__xludf.DUMMYFUNCTION("""COMPUTED_VALUE"""),"Mopa Redonda ") -> Mopa Redonda | C22: =IFERROR(INDEX($E$70:$BW$85,MATCH($B22,$D$70:$D$85,0),MATCH($A$2,$E$68:$BW$68,0))&" ---> "&INDEX($E$70:$BW$85,MATCH($B22,$D$70:$D$85,0),MATCH($A$1,$E$68:$BW$68,0)),"-") -> 3 ---> 2 | D22: =IFERROR(INDEX($E$89:$BQ$103,MATCH($B22,$D$89:$D$103,0),MATCH($A$2,$E$87:$BQ$87,0))&" ---> "&INDEX($E$89:$BQ$103,MATCH($B22,$D$89:$D$103,0),MATCH($A$1,$E$87:$BQ$87,0)),"-") -> 5 ---> 4 | E22: =IFERROR(INDEX($E$106:$BK$119,MATCH($B22,$D$106:$D$119,0),MATCH($A$2,$E$104:$BK$104,0))&" ---> "&INDEX($E$106:$BK$119,MATCH($B22,$D$106:$D$119,0),MATCH($A$1,$E$104:$BK$104,0)),"-") -> 2 unidades ---> 2 unidades | F22: =IFERROR(INDEX($E$123:$BO$158,MATCH($B22,$D$123:$D$158,0),MATCH($A$2,$E$121:$BO$121,0))&" ---> "&INDEX($E$123:$BO$158,MATCH($B22,$D$123:$D$158,0),MATCH($A$1,$E$121:$BO$121,0)),"-") -> - | G22: =IFERROR(INDEX($E$162:$AY$183,MATCH($B22&G$6,$A$162:$A$183,0),MATCH($A$2,$E$160:$AY$160,0))&" ---> "&INDEX($E$162:$AY$183,MATCH($B22&G$6,$A$162:$A$183,0),MATCH($A$1,$E$160:$AY$160,0)),"-") -> - | H22: =IFERROR(INDEX($E$162:$AY$183,MATCH($B22&H$6,$A$162:$A$183,0),MATCH($A$2,$E$160:$AY$160,0))&" ---> "&INDEX($E$162:$AY$183,MATCH($B22&H$6,$A$162:$A$183,0),MATCH($A$1,$E$160:$AY$160,0)),"-") -> - | I22: =IFERROR(INDEX($E$188:$BK$215,MATCH($B22&I$6,$A$188:$A$215,0),MATCH($A$2,$E$186:$BK$186,0))&" ---> "&INDEX($E$188:$BK$215,MATCH($B22&I$6,$A$188:$A$215,0),MATCH($A$1,$E$186:$BK$186,0)),"-") -> - | J22: =IFERROR(INDEX($E$188:$BK$215,MATCH($B22&J$6,$A$188:$A$215,0),MATCH($A$2,$E$186:$BK$186,0))&" ---> "&INDEX($E$188:$BK$215,MATCH($B22&J$6,$A$188:$A$215,0),MATCH($A$1,$E$186:$BK$186,0)),"-") -> - | K22: =IFERROR(INDEX($E$219:$BD$231,MATCH($B22&K$6,$A$219:$A$231,0),MATCH($A$2,$E$217:$BD$217,0))&" ---> "&INDEX($E$219:$BD$231,MATCH($B22&K$6,$A$219:$A$231,0),MATCH($A$1,$E$217:$BD$217,0)),"-") -> - | L22: =IFERROR(INDEX($E$219:$BD$231,MATCH($B22&L$6,$A$219:$A$231,0),MATCH($A$2,$E$217:$BD$217,0))&" ---> "&INDEX($E$219:$BD$231,MATCH($B22&L$6,$A$219:$A$231,0),MATCH($A$1,$E$217:$BD$217,0)),"-") -> - | M22: =IFERROR(INDEX($E$235:$AY$251,MATCH($B22,$D$235:$D$251,0),MATCH($A$2,$E$233:$AY$233,0))&" ---> "&INDEX($E$235:$AY$251,MATCH($B22,$D$234:$D$251,0),MATCH($A$1,$E$233:$AY$233,0)),"-") -> -
B23: =IFERROR(__xludf.DUMMYFUNCTION("""COMPUTED_VALUE"""),"Vasos de cartón ") -> Vasos de cartón | C23: =IFERROR(INDEX($E$70:$BW$85,MATCH($B23,$D$70:$D$85,0),MATCH($A$2,$E$68:$BW$68,0))&" ---> "&INDEX($E$70:$BW$85,MATCH($B23,$D$70:$D$85,0),MATCH($A$1,$E$68:$BW$68,0)),"-") -> - | D23: =IFERROR(INDEX($E$89:$BQ$103,MATCH($B23,$D$89:$D$103,0),MATCH($A$2,$E$87:$BQ$87,0))&" ---> "&INDEX($E$89:$BQ$103,MATCH($B23,$D$89:$D$103,0),MATCH($A$1,$E$87:$BQ$87,0)),"-") -> - | E23: =IFERROR(INDEX($E$106:$BK$119,MATCH($B23,$D$106:$D$119,0),MATCH($A$2,$E$104:$BK$104,0))&" ---> "&INDEX($E$106:$BK$119,MATCH($B23,$D$106:$D$119,0),MATCH($A$1,$E$104:$BK$104,0)),"-") -> 3 paquetes ---> sin stock | F23: =IFERROR(INDEX($E$123:$BO$158,MATCH($B23,$D$123:$D$158,0),MATCH($A$2,$E$121:$BO$121,0))&" ---> "&INDEX($E$123:$BO$158,MATCH($B23,$D$123:$D$158,0),MATCH($A$1,$E$121:$BO$121,0)),"-") -> - | G23: =IFERROR(INDEX($E$162:$AY$183,MATCH($B23&G$6,$A$162:$A$183,0),MATCH($A$2,$E$160:$AY$160,0))&" ---> "&INDEX($E$162:$AY$183,MATCH($B23&G$6,$A$162:$A$183,0),MATCH($A$1,$E$160:$AY$160,0)),"-") -> - | H23: =IFERROR(INDEX($E$162:$AY$183,MATCH($B23&H$6,$A$162:$A$183,0),MATCH($A$2,$E$160:$AY$160,0))&" ---> "&INDEX($E$162:$AY$183,MATCH($B23&H$6,$A$162:$A$183,0),MATCH($A$1,$E$160:$AY$160,0)),"-") -> - | I23: =IFERROR(INDEX($E$188:$BK$215,MATCH($B23&I$6,$A$188:$A$215,0),MATCH($A$2,$E$186:$BK$186,0))&" ---> "&INDEX($E$188:$BK$215,MATCH($B23&I$6,$A$188:$A$215,0),MATCH($A$1,$E$186:$BK$186,0)),"-") -> - | J23: =IFERROR(INDEX($E$188:$BK$215,MATCH($B23&J$6,$A$188:$A$215,0),MATCH($A$2,$E$186:$BK$186,0))&" ---> "&INDEX($E$188:$BK$215,MATCH($B23&J$6,$A$188:$A$215,0),MATCH($A$1,$E$186:$BK$186,0)),"-") -> - | K23: =IFERROR(INDEX($E$219:$BD$231,MATCH($B23&K$6,$A$219:$A$231,0),MATCH($A$2,$E$217:$BD$217,0))&" ---> "&INDEX($E$219:$BD$231,MATCH($B23&K$6,$A$219:$A$231,0),MATCH($A$1,$E$217:$BD$217,0)),"-") -> - | L23: =IFERROR(INDEX($E$219:$BD$231,MATCH($B23&L$6,$A$219:$A$231,0),MATCH($A$2,$E$217:$BD$217,0))&" ---> "&INDEX($E$219:$BD$231,MATCH($B23&L$6,$A$219:$A$231,0),MATCH($A$1,$E$217:$BD$217,0)),"-") -> - | M23: =IFERROR(INDEX($E$235:$AY$251,MATCH($B23,$D$235:$D$251,0),MATCH($A$2,$E$233:$AY$233,0))&" ---> "&INDEX($E$235:$AY$251,MATCH($B23,$D$234:$D$251,0),MATCH($A$1,$E$233:$AY$233,0)),"-") -> -
B24: =IFERROR(__xludf.DUMMYFUNCTION("""COMPUTED_VALUE"""),"Aceite de oliva ") -> Aceite de oliva | C24: =IFERROR(INDEX($E$70:$BW$85,MATCH($B24,$D$70:$D$85,0),MATCH($A$2,$E$68:$BW$68,0))&" ---> "&INDEX($E$70:$BW$85,MATCH($B24,$D$70:$D$85,0),MATCH($A$1,$E$68:$BW$68,0)),"-") -> - | D24: =IFERROR(INDEX($E$89:$BQ$103,MATCH($B24,$D$89:$D$103,0),MATCH($A$2,$E$87:$BQ$87,0))&" ---> "&INDEX($E$89:$BQ$103,MATCH($B24,$D$89:$D$103,0),MATCH($A$1,$E$87:$BQ$87,0)),"-") -> - | E24: =IFERROR(INDEX($E$106:$BK$119,MATCH($B24,$D$106:$D$119,0),MATCH($A$2,$E$104:$BK$104,0))&" ---> "&INDEX($E$106:$BK$119,MATCH($B24,$D$106:$D$119,0),MATCH($A$1,$E$104:$BK$104,0)),"-") -> 3 unidades ---> 2 unidades | F24: =IFERROR(INDEX($E$123:$BO$158,MATCH($B24,$D$123:$D$158,0),MATCH($A$2,$E$121:$BO$121,0))&" ---> "&INDEX($E$123:$BO$158,MATCH($B24,$D$123:$D$158,0),MATCH($A$1,$E$121:$BO$121,0)),"-") -> - | G24: =IFERROR(INDEX($E$162:$AY$183,MATCH($B24&G$6,$A$162:$A$183,0),MATCH($A$2,$E$160:$AY$160,0))&" ---> "&INDEX($E$162:$AY$183,MATCH($B24&G$6,$A$162:$A$183,0),MATCH($A$1,$E$160:$AY$160,0)),"-") -> - | H24: =IFERROR(INDEX($E$162:$AY$183,MATCH($B24&H$6,$A$162:$A$183,0),MATCH($A$2,$E$160:$AY$160,0))&" ---> "&INDEX($E$162:$AY$183,MATCH($B24&H$6,$A$162:$A$183,0),MATCH($A$1,$E$160:$AY$160,0)),"-") -> - | I24: =IFERROR(INDEX($E$188:$BK$215,MATCH($B24&I$6,$A$188:$A$215,0),MATCH($A$2,$E$186:$BK$186,0))&" ---> "&INDEX($E$188:$BK$215,MATCH($B24&I$6,$A$188:$A$215,0),MATCH($A$1,$E$186:$BK$186,0)),"-") -> - | J24: =IFERROR(INDEX($E$188:$BK$215,MATCH($B24&J$6,$A$188:$A$215,0),MATCH($A$2,$E$186:$BK$186,0))&" ---> "&INDEX($E$188:$BK$215,MATCH($B24&J$6,$A$188:$A$215,0),MATCH($A$1,$E$186:$BK$186,0)),"-") -> - | K24: =IFERROR(INDEX($E$219:$BD$231,MATCH($B24&K$6,$A$219:$A$231,0),MATCH($A$2,$E$217:$BD$217,0))&" ---> "&INDEX($E$219:$BD$231,MATCH($B24&K$6,$A$219:$A$231,0),MATCH($A$1,$E$217:$BD$217,0)),"-") -> - | L24: =IFERROR(INDEX($E$219:$BD$231,MATCH($B24&L$6,$A$219:$A$231,0),MATCH($A$2,$E$217:$BD$217,0))&" ---> "&INDEX($E$219:$BD$231,MATCH($B24&L$6,$A$219:$A$231,0),MATCH($A$1,$E$217:$BD$217,0)),"-") -> - | M24: =IFERROR(INDEX($E$235:$AY$251,MATCH($B24,$D$235:$D$251,0),MATCH($A$2,$E$233:$AY$233,0))&" ---> "&INDEX($E$235:$AY$251,MATCH($B24,$D$234:$D$251,0),MATCH($A$1,$E$233:$AY$233,0)),"-") -> -
B25: =IFERROR(__xludf.DUMMYFUNCTION("""COMPUTED_VALUE"""),"Bolsas Basura ") -> Bolsas Basura | C25: =IFERROR(INDEX($E$70:$BW$85,MATCH($B25,$D$70:$D$85,0),MATCH($A$2,$E$68:$BW$68,0))&" ---> "&INDEX($E$70:$BW$85,MATCH($B25,$D$70:$D$85,0),MATCH($A$1,$E$68:$BW$68,0)),"-") -> - | D25: =IFERROR(INDEX($E$89:$BQ$103,MATCH($B25,$D$89:$D$103,0),MATCH($A$2,$E$87:$BQ$87,0))&" ---> "&INDEX($E$89:$BQ$103,MATCH($B25,$D$89:$D$103,0),MATCH($A$1,$E$87:$BQ$87,0)),"-") -> - | E25: =IFERROR(INDEX($E$106:$BK$119,MATCH($B25,$D$106:$D$119,0),MATCH($A$2,$E$104:$BK$104,0))&" ---> "&INDEX($E$106:$BK$119,MATCH($B25,$D$106:$D$119,0),MATCH($A$1,$E$104:$BK$104,0)),"-") -> 6 paquetes pequeñas, 7 paquetes medianas, 7 paquetes grandes. ---> 6 paquetes pequeñas, 7 paquetes medianas, 7 paquetes grandes. | F25: =IFERROR(INDEX($E$123:$BO$158,MATCH($B25,$D$123:$D$158,0),MATCH($A$2,$E$121:$BO$121,0))&" ---> "&INDEX($E$123:$BO$158,MATCH($B25,$D$123:$D$158,0),MATCH($A$1,$E$121:$BO$121,0)),"-") -> - | G25: =IFERROR(INDEX($E$162:$AY$183,MATCH($B25&G$6,$A$162:$A$183,0),MATCH($A$2,$E$160:$AY$160,0))&" ---> "&INDEX($E$162:$AY$183,MATCH($B25&G$6,$A$162:$A$183,0),MATCH($A$1,$E$160:$AY$160,0)),"-") -> - | H25: =IFERROR(INDEX($E$162:$AY$183,MATCH($B25&H$6,$A$162:$A$183,0),MATCH($A$2,$E$160:$AY$160,0))&" ---> "&INDEX($E$162:$AY$183,MATCH($B25&H$6,$A$162:$A$183,0),MATCH($A$1,$E$160:$AY$160,0)),"-") -> - | I25: =IFERROR(INDEX($E$188:$BK$215,MATCH($B25&I$6,$A$188:$A$215,0),MATCH($A$2,$E$186:$BK$186,0))&" ---> "&INDEX($E$188:$BK$215,MATCH($B25&I$6,$A$188:$A$215,0),MATCH($A$1,$E$186:$BK$186,0)),"-") -> - | J25: =IFERROR(INDEX($E$188:$BK$215,MATCH($B25&J$6,$A$188:$A$215,0),MATCH($A$2,$E$186:$BK$186,0))&" ---> "&INDEX($E$188:$BK$215,MATCH($B25&J$6,$A$188:$A$215,0),MATCH($A$1,$E$186:$BK$186,0)),"-") -> - | K25: =IFERROR(INDEX($E$219:$BD$231,MATCH($B25&K$6,$A$219:$A$231,0),MATCH($A$2,$E$217:$BD$217,0))&" ---> "&INDEX($E$219:$BD$231,MATCH($B25&K$6,$A$219:$A$231,0),MATCH($A$1,$E$217:$BD$217,0)),"-") -> - | L25: =IFERROR(INDEX($E$219:$BD$231,MATCH($B25&L$6,$A$219:$A$231,0),MATCH($A$2,$E$217:$BD$217,0))&" ---> "&INDEX($E$219:$BD$231,MATCH($B25&L$6,$A$219:$A$231,0),MATCH($A$1,$E$217:$BD$217,0)),"-") -> - | M25: =IFERROR(INDEX($E$235:$AY$251,MATCH($B25,$D$235:$D$251,0),MATCH($A$2,$E$233:$AY$233,0))&" ---> "&INDEX($E$235:$AY$251,MATCH($B25,$D$234:$D$251,0),MATCH($A$1,$E$233:$AY$233,0)),"-") -> -
B26: =IFERROR(__xludf.DUMMYFUNCTION("""COMPUTED_VALUE"""),"Papel interfoliado") -> Papel interfoliado | C26: =IFERROR(INDEX($E$70:$BW$85,MATCH($B26,$D$70:$D$85,0),MATCH($A$2,$E$68:$BW$68,0))&" ---> "&INDEX($E$70:$BW$85,MATCH($B26,$D$70:$D$85,0),MATCH($A$1,$E$68:$BW$68,0)),"-") -> - | D26: =IFERROR(INDEX($E$89:$BQ$103,MATCH($B26,$D$89:$D$103,0),MATCH($A$2,$E$87:$BQ$87,0))&" ---> "&INDEX($E$89:$BQ$103,MATCH($B26,$D$89:$D$103,0),MATCH($A$1,$E$87:$BQ$87,0)),"-") -> - | E26: =IFERROR(INDEX($E$106:$BK$119,MATCH($B26,$D$106:$D$119,0),MATCH($A$2,$E$104:$BK$104,0))&" ---> "&INDEX($E$106:$BK$119,MATCH($B26,$D$106:$D$119,0),MATCH($A$1,$E$104:$BK$104,0)),"-") -> sin stock ---> sin stock | F26: =IFERROR(INDEX($E$123:$BO$158,MATCH($B26,$D$123:$D$158,0),MATCH($A$2,$E$121:$BO$121,0))&" ---> "&INDEX($E$123:$BO$158,MATCH($B26,$D$123:$D$158,0),MATCH($A$1,$E$121:$BO$121,0)),"-") -> - | G26: =IFERROR(INDEX($E$162:$AY$183,MATCH($B26&G$6,$A$162:$A$183,0),MATCH($A$2,$E$160:$AY$160,0))&" ---> "&INDEX($E$162:$AY$183,MATCH($B26&G$6,$A$162:$A$183,0),MATCH($A$1,$E$160:$AY$160,0)),"-") -> - | H26: =IFERROR(INDEX($E$162:$AY$183,MATCH($B26&H$6,$A$162:$A$183,0),MATCH($A$2,$E$160:$AY$160,0))&" ---> "&INDEX($E$162:$AY$183,MATCH($B26&H$6,$A$162:$A$183,0),MATCH($A$1,$E$160:$AY$160,0)),"-") -> - | I26: =IFERROR(INDEX($E$188:$BK$215,MATCH($B26&I$6,$A$188:$A$215,0),MATCH($A$2,$E$186:$BK$186,0))&" ---> "&INDEX($E$188:$BK$215,MATCH($B26&I$6,$A$188:$A$215,0),MATCH($A$1,$E$186:$BK$186,0)),"-") -> - | J26: =IFERROR(INDEX($E$188:$BK$215,MATCH($B26&J$6,$A$188:$A$215,0),MATCH($A$2,$E$186:$BK$186,0))&" ---> "&INDEX($E$188:$BK$215,MATCH($B26&J$6,$A$188:$A$215,0),MATCH($A$1,$E$186:$BK$186,0)),"-") -> - | K26: =IFERROR(INDEX($E$219:$BD$231,MATCH($B26&K$6,$A$219:$A$231,0),MATCH($A$2,$E$217:$BD$217,0))&" ---> "&INDEX($E$219:$BD$231,MATCH($B26&K$6,$A$219:$A$231,0),MATCH($A$1,$E$217:$BD$217,0)),"-") -> - | L26: =IFERROR(INDEX($E$219:$BD$231,MATCH($B26&L$6,$A$219:$A$231,0),MATCH($A$2,$E$217:$BD$217,0))&" ---> "&INDEX($E$219:$BD$231,MATCH($B26&L$6,$A$219:$A$231,0),MATCH($A$1,$E$217:$BD$217,0)),"-") -> - | M26: =IFERROR(INDEX($E$235:$AY$251,MATCH($B26,$D$235:$D$251,0),MATCH($A$2,$E$233:$AY$233,0))&" ---> "&INDEX($E$235:$AY$251,MATCH($B26,$D$234:$D$251,0),MATCH($A$1,$E$233:$AY$233,0)),"-") -> -
B27: =IFERROR(__xludf.DUMMYFUNCTION("""COMPUTED_VALUE"""),"Café soluble") -> Café soluble | C27: =IFERROR(INDEX($E$70:$BW$85,MATCH($B27,$D$70:$D$85,0),MATCH($A$2,$E$68:$BW$68,0))&" ---> "&INDEX($E$70:$BW$85,MATCH($B27,$D$70:$D$85,0),MATCH($A$1,$E$68:$BW$68,0)),"-") -> - | D27: =IFERROR(INDEX($E$89:$BQ$103,MATCH($B27,$D$89:$D$103,0),MATCH($A$2,$E$87:$BQ$87,0))&" ---> "&INDEX($E$89:$BQ$103,MATCH($B27,$D$89:$D$103,0),MATCH($A$1,$E$87:$BQ$87,0)),"-") -> - | E27: =IFERROR(INDEX($E$106:$BK$119,MATCH($B27,$D$106:$D$119,0),MATCH($A$2,$E$104:$BK$104,0))&" ---> "&INDEX($E$106:$BK$119,MATCH($B27,$D$106:$D$119,0),MATCH($A$1,$E$104:$BK$104,0)),"-") -> - | F27: =IFERROR(INDEX($E$123:$BO$158,MATCH($B27,$D$123:$D$158,0),MATCH($A$2,$E$121:$BO$121,0))&" ---> "&INDEX($E$123:$BO$158,MATCH($B27,$D$123:$D$158,0),MATCH($A$1,$E$121:$BO$121,0)),"-") -> 2 ---> 2 | G27: =IFERROR(INDEX($E$162:$AY$183,MATCH($B27&G$6,$A$162:$A$183,0),MATCH($A$2,$E$160:$AY$160,0))&" ---> "&INDEX($E$162:$AY$183,MATCH($B27&G$6,$A$162:$A$183,0),MATCH($A$1,$E$160:$AY$160,0)),"-") -> - | H27: =IFERROR(INDEX($E$162:$AY$183,MATCH($B27&H$6,$A$162:$A$183,0),MATCH($A$2,$E$160:$AY$160,0))&" ---> "&INDEX($E$162:$AY$183,MATCH($B27&H$6,$A$162:$A$183,0),MATCH($A$1,$E$160:$AY$160,0)),"-") -> - | I27: =IFERROR(INDEX($E$188:$BK$215,MATCH($B27&I$6,$A$188:$A$215,0),MATCH($A$2,$E$186:$BK$186,0))&" ---> "&INDEX($E$188:$BK$215,MATCH($B27&I$6,$A$188:$A$215,0),MATCH($A$1,$E$186:$BK$186,0)),"-") -> - | J27: =IFERROR(INDEX($E$188:$BK$215,MATCH($B27&J$6,$A$188:$A$215,0),MATCH($A$2,$E$186:$BK$186,0))&" ---> "&INDEX($E$188:$BK$215,MATCH($B27&J$6,$A$188:$A$215,0),MATCH($A$1,$E$186:$BK$186,0)),"-") -> - | K27: =IFERROR(INDEX($E$219:$BD$231,MATCH($B27&K$6,$A$219:$A$231,0),MATCH($A$2,$E$217:$BD$217,0))&" ---> "&INDEX($E$219:$BD$231,MATCH($B27&K$6,$A$219:$A$231,0),MATCH($A$1,$E$217:$BD$217,0)),"-") -> - | L27: =IFERROR(INDEX($E$219:$BD$231,MATCH($B27&L$6,$A$219:$A$231,0),MATCH($A$2,$E$217:$BD$217,0))&" ---> "&INDEX($E$219:$BD$231,MATCH($B27&L$6,$A$219:$A$231,0),MATCH($A$1,$E$217:$BD$217,0)),"-") -> - | M27: =IFERROR(INDEX($E$235:$AY$251,MATCH($B27,$D$235:$D$251,0),MATCH($A$2,$E$233:$AY$233,0))&" ---> "&INDEX($E$235:$AY$251,MATCH($B27,$D$234:$D$251,0),MATCH($A$1,$E$233:$AY$233,0)),"-") -> -
B28: =IFERROR(__xludf.DUMMYFUNCTION("""COMPUTED_VALUE"""),"Té Negro") -> Té Negro | C28: =IFERROR(INDEX($E$70:$BW$85,MATCH($B28,$D$70:$D$85,0),MATCH($A$2,$E$68:$BW$68,0))&" ---> "&INDEX($E$70:$BW$85,MATCH($B28,$D$70:$D$85,0),MATCH($A$1,$E$68:$BW$68,0)),"-") -> - | D28: =IFERROR(INDEX($E$89:$BQ$103,MATCH($B28,$D$89:$D$103,0),MATCH($A$2,$E$87:$BQ$87,0))&" ---> "&INDEX($E$89:$BQ$103,MATCH($B28,$D$89:$D$103,0),MATCH($A$1,$E$87:$BQ$87,0)),"-") -> - | E28: =IFERROR(INDEX($E$106:$BK$119,MATCH($B28,$D$106:$D$119,0),MATCH($A$2,$E$104:$BK$104,0))&" ---> "&INDEX($E$106:$BK$119,MATCH($B28,$D$106:$D$119,0),MATCH($A$1,$E$104:$BK$104,0)),"-") -> - | F28: =IFERROR(INDEX($E$123:$BO$158,MATCH($B28,$D$123:$D$158,0),MATCH($A$2,$E$121:$BO$121,0))&" ---> "&INDEX($E$123:$BO$158,MATCH($B28,$D$123:$D$158,0),MATCH($A$1,$E$121:$BO$121,0)),"-") -> 4 ---> 4 | G28: =IFERROR(INDEX($E$162:$AY$183,MATCH($B28&G$6,$A$162:$A$183,0),MATCH($A$2,$E$160:$AY$160,0))&" ---> "&INDEX($E$162:$AY$183,MATCH($B28&G$6,$A$162:$A$183,0),MATCH($A$1,$E$160:$AY$160,0)),"-") -> - | H28: =IFERROR(INDEX($E$162:$AY$183,MATCH($B28&H$6,$A$162:$A$183,0),MATCH($A$2,$E$160:$AY$160,0))&" ---> "&INDEX($E$162:$AY$183,MATCH($B28&H$6,$A$162:$A$183,0),MATCH($A$1,$E$160:$AY$160,0)),"-") -> - | I28: =IFERROR(INDEX($E$188:$BK$215,MATCH($B28&I$6,$A$188:$A$215,0),MATCH($A$2,$E$186:$BK$186,0))&" ---> "&INDEX($E$188:$BK$215,MATCH($B28&I$6,$A$188:$A$215,0),MATCH($A$1,$E$186:$BK$186,0)),"-") -> - | J28: =IFERROR(INDEX($E$188:$BK$215,MATCH($B28&J$6,$A$188:$A$215,0),MATCH($A$2,$E$186:$BK$186,0))&" ---> "&INDEX($E$188:$BK$215,MATCH($B28&J$6,$A$188:$A$215,0),MATCH($A$1,$E$186:$BK$186,0)),"-") -> - | K28: =IFERROR(INDEX($E$219:$BD$231,MATCH($B28&K$6,$A$219:$A$231,0),MATCH($A$2,$E$217:$BD$217,0))&" ---> "&INDEX($E$219:$BD$231,MATCH($B28&K$6,$A$219:$A$231,0),MATCH($A$1,$E$217:$BD$217,0)),"-") -> - | L28: =IFERROR(INDEX($E$219:$BD$231,MATCH($B28&L$6,$A$219:$A$231,0),MATCH($A$2,$E$217:$BD$217,0))&" ---> "&INDEX($E$219:$BD$231,MATCH($B28&L$6,$A$219:$A$231,0),MATCH($A$1,$E$217:$BD$217,0)),"-") -> - | M28: =IFERROR(INDEX($E$235:$AY$251,MATCH($B28,$D$235:$D$251,0),MATCH($A$2,$E$233:$AY$233,0))&" ---> "&INDEX($E$235:$AY$251,MATCH($B28,$D$234:$D$251,0),MATCH($A$1,$E$233:$AY$233,0)),"-") -> -
B29: =IFERROR(__xludf.DUMMYFUNCTION("""COMPUTED_VALUE"""),"Té Premium") -> Té Premium | C29: =IFERROR(INDEX($E$70:$BW$85,MATCH($B29,$D$70:$D$85,0),MATCH($A$2,$E$68:$BW$68,0))&" ---> "&INDEX($E$70:$BW$85,MATCH($B29,$D$70:$D$85,0),MATCH($A$1,$E$68:$BW$68,0)),"-") -> - | D29: =IFERROR(INDEX($E$89:$BQ$103,MATCH($B29,$D$89:$D$103,0),MATCH($A$2,$E$87:$BQ$87,0))&" ---> "&INDEX($E$89:$BQ$103,MATCH($B29,$D$89:$D$103,0),MATCH($A$1,$E$87:$BQ$87,0)),"-") -> - | E29: =IFERROR(INDEX($E$106:$BK$119,MATCH($B29,$D$106:$D$119,0),MATCH($A$2,$E$104:$BK$104,0))&" ---> "&INDEX($E$106:$BK$119,MATCH($B29,$D$106:$D$119,0),MATCH($A$1,$E$104:$BK$104,0)),"-") -> - | F29: =IFERROR(INDEX($E$123:$BO$158,MATCH($B29,$D$123:$D$158,0),MATCH($A$2,$E$121:$BO$121,0))&" ---> "&INDEX($E$123:$BO$158,MATCH($B29,$D$123:$D$158,0),MATCH($A$1,$E$121:$BO$121,0)),"-") -> 2 ---> 2 | G29: =IFERROR(INDEX($E$162:$AY$183,MATCH($B29&G$6,$A$162:$A$183,0),MATCH($A$2,$E$160:$AY$160,0))&" ---> "&INDEX($E$162:$AY$183,MATCH($B29&G$6,$A$162:$A$183,0),MATCH($A$1,$E$160:$AY$160,0)),"-") -> - | H29: =IFERROR(INDEX($E$162:$AY$183,MATCH($B29&H$6,$A$162:$A$183,0),MATCH($A$2,$E$160:$AY$160,0))&" ---> "&INDEX($E$162:$AY$183,MATCH($B29&H$6,$A$162:$A$183,0),MATCH($A$1,$E$160:$AY$160,0)),"-") -> - | I29: =IFERROR(INDEX($E$188:$BK$215,MATCH($B29&I$6,$A$188:$A$215,0),MATCH($A$2,$E$186:$BK$186,0))&" ---> "&INDEX($E$188:$BK$215,MATCH($B29&I$6,$A$188:$A$215,0),MATCH($A$1,$E$186:$BK$186,0)),"-") -> - | J29: =IFERROR(INDEX($E$188:$BK$215,MATCH($B29&J$6,$A$188:$A$215,0),MATCH($A$2,$E$186:$BK$186,0))&" ---> "&INDEX($E$188:$BK$215,MATCH($B29&J$6,$A$188:$A$215,0),MATCH($A$1,$E$186:$BK$186,0)),"-") -> - | K29: =IFERROR(INDEX($E$219:$BD$231,MATCH($B29&K$6,$A$219:$A$231,0),MATCH($A$2,$E$217:$BD$217,0))&" ---> "&INDEX($E$219:$BD$231,MATCH($B29&K$6,$A$219:$A$231,0),MATCH($A$1,$E$217:$BD$217,0)),"-") -> - | L29: =IFERROR(INDEX($E$219:$BD$231,MATCH($B29&L$6,$A$219:$A$231,0),MATCH($A$2,$E$217:$BD$217,0))&" ---> "&INDEX($E$219:$BD$231,MATCH($B29&L$6,$A$219:$A$231,0),MATCH($A$1,$E$217:$BD$217,0)),"-") -> - | M29: =IFERROR(INDEX($E$235:$AY$251,MATCH($B29,$D$235:$D$251,0),MATCH($A$2,$E$233:$AY$233,0))&" ---> "&INDEX($E$235:$AY$251,MATCH($B29,$D$234:$D$251,0),MATCH($A$1,$E$233:$AY$233,0)),"-") -> -
B30: =IFERROR(__xludf.DUMMYFUNCTION("""COMPUTED_VALUE"""),"Supremo de Hierbas") -> Supremo de Hierbas | C30: =IFERROR(INDEX($E$70:$BW$85,MATCH($B30,$D$70:$D$85,0),MATCH($A$2,$E$68:$BW$68,0))&" ---> "&INDEX($E$70:$BW$85,MATCH($B30,$D$70:$D$85,0),MATCH($A$1,$E$68:$BW$68,0)),"-") -> - | D30: =IFERROR(INDEX($E$89:$BQ$103,MATCH($B30,$D$89:$D$103,0),MATCH($A$2,$E$87:$BQ$87,0))&" ---> "&INDEX($E$89:$BQ$103,MATCH($B30,$D$89:$D$103,0),MATCH($A$1,$E$87:$BQ$87,0)),"-") -> - | E30: =IFERROR(INDEX($E$106:$BK$119,MATCH($B30,$D$106:$D$119,0),MATCH($A$2,$E$104:$BK$104,0))&" ---> "&INDEX($E$106:$BK$119,MATCH($B30,$D$106:$D$119,0),MATCH($A$1,$E$104:$BK$104,0)),"-") -> - | F30: =IFERROR(INDEX($E$123:$BO$158,MATCH($B30,$D$123:$D$158,0),MATCH($A$2,$E$121:$BO$121,0))&" ---> "&INDEX($E$123:$BO$158,MATCH($B30,$D$123:$D$158,0),MATCH($A$1,$E$121:$BO$121,0)),"-") -> 3 ---> 3 | G30: =IFERROR(INDEX($E$162:$AY$183,MATCH($B30&G$6,$A$162:$A$183,0),MATCH($A$2,$E$160:$AY$160,0))&" ---> "&INDEX($E$162:$AY$183,MATCH($B30&G$6,$A$162:$A$183,0),MATCH($A$1,$E$160:$AY$160,0)),"-") -> - | H30: =IFERROR(INDEX($E$162:$AY$183,MATCH($B30&H$6,$A$162:$A$183,0),MATCH($A$2,$E$160:$AY$160,0))&" ---> "&INDEX($E$162:$AY$183,MATCH($B30&H$6,$A$162:$A$183,0),MATCH($A$1,$E$160:$AY$160,0)),"-") -> - | I30: =IFERROR(INDEX($E$188:$BK$215,MATCH($B30&I$6,$A$188:$A$215,0),MATCH($A$2,$E$186:$BK$186,0))&" ---> "&INDEX($E$188:$BK$215,MATCH($B30&I$6,$A$188:$A$215,0),MATCH($A$1,$E$186:$BK$186,0)),"-") -> - | J30: =IFERROR(INDEX($E$188:$BK$215,MATCH($B30&J$6,$A$188:$A$215,0),MATCH($A$2,$E$186:$BK$186,0))&" ---> "&INDEX($E$188:$BK$215,MATCH($B30&J$6,$A$188:$A$215,0),MATCH($A$1,$E$186:$BK$186,0)),"-") -> - | K30: =IFERROR(INDEX($E$219:$BD$231,MATCH($B30&K$6,$A$219:$A$231,0),MATCH($A$2,$E$217:$BD$217,0))&" ---> "&INDEX($E$219:$BD$231,MATCH($B30&K$6,$A$219:$A$231,0),MATCH($A$1,$E$217:$BD$217,0)),"-") -> - | L30: =IFERROR(INDEX($E$219:$BD$231,MATCH($B30&L$6,$A$219:$A$231,0),MATCH($A$2,$E$217:$BD$217,0))&" ---> "&INDEX($E$219:$BD$231,MATCH($B30&L$6,$A$219:$A$231,0),MATCH($A$1,$E$217:$BD$217,0)),"-") -> - | M30: =IFERROR(INDEX($E$235:$AY$251,MATCH($B30,$D$235:$D$251,0),MATCH($A$2,$E$233:$AY$233,0))&" ---> "&INDEX($E$235:$AY$251,MATCH($B30,$D$234:$D$251,0),MATCH($A$1,$E$233:$AY$233,0)),"-") -> -
B31: =IFERROR(__xludf.DUMMYFUNCTION("""COMPUTED_VALUE"""),"Azucar") -> Azucar | C31: =IFERROR(INDEX($E$70:$BW$85,MATCH($B31,$D$70:$D$85,0),MATCH($A$2,$E$68:$BW$68,0))&" ---> "&INDEX($E$70:$BW$85,MATCH($B31,$D$70:$D$85,0),MATCH($A$1,$E$68:$BW$68,0)),"-") -> - | D31: =IFERROR(INDEX($E$89:$BQ$103,MATCH($B31,$D$89:$D$103,0),MATCH($A$2,$E$87:$BQ$87,0))&" ---> "&INDEX($E$89:$BQ$103,MATCH($B31,$D$89:$D$103,0),MATCH($A$1,$E$87:$BQ$87,0)),"-") -> - | E31: =IFERROR(INDEX($E$106:$BK$119,MATCH($B31,$D$106:$D$119,0),MATCH($A$2,$E$104:$BK$104,0))&" ---> "&INDEX($E$106:$BK$119,MATCH($B31,$D$106:$D$119,0),MATCH($A$1,$E$104:$BK$104,0)),"-") -> - | F31: =IFERROR(INDEX($E$123:$BO$158,MATCH($B31,$D$123:$D$158,0),MATCH($A$2,$E$121:$BO$121,0))&" ---> "&INDEX($E$123:$BO$158,MATCH($B31,$D$123:$D$158,0),MATCH($A$1,$E$121:$BO$121,0)),"-") -> 0 ---> 0 | G31: =IFERROR(INDEX($E$162:$AY$183,MATCH($B31&G$6,$A$162:$A$183,0),MATCH($A$2,$E$160:$AY$160,0))&" ---> "&INDEX($E$162:$AY$183,MATCH($B31&G$6,$A$162:$A$183,0),MATCH($A$1,$E$160:$AY$160,0)),"-") -> - | H31: =IFERROR(INDEX($E$162:$AY$183,MATCH($B31&H$6,$A$162:$A$183,0),MATCH($A$2,$E$160:$AY$160,0))&" ---> "&INDEX($E$162:$AY$183,MATCH($B31&H$6,$A$162:$A$183,0),MATCH($A$1,$E$160:$AY$160,0)),"-") -> - | I31: =IFERROR(INDEX($E$188:$BK$215,MATCH($B31&I$6,$A$188:$A$215,0),MATCH($A$2,$E$186:$BK$186,0))&" ---> "&INDEX($E$188:$BK$215,MATCH($B31&I$6,$A$188:$A$215,0),MATCH($A$1,$E$186:$BK$186,0)),"-") -> - | J31: =IFERROR(INDEX($E$188:$BK$215,MATCH($B31&J$6,$A$188:$A$215,0),MATCH($A$2,$E$186:$BK$186,0))&" ---> "&INDEX($E$188:$BK$215,MATCH($B31&J$6,$A$188:$A$215,0),MATCH($A$1,$E$186:$BK$186,0)),"-") -> - | K31: =IFERROR(INDEX($E$219:$BD$231,MATCH($B31&K$6,$A$219:$A$231,0),MATCH($A$2,$E$217:$BD$217,0))&" ---> "&INDEX($E$219:$BD$231,MATCH($B31&K$6,$A$219:$A$231,0),MATCH($A$1,$E$217:$BD$217,0)),"-") -> - | L31: =IFERROR(INDEX($E$219:$BD$231,MATCH($B31&L$6,$A$219:$A$231,0),MATCH($A$2,$E$217:$BD$217,0))&" ---> "&INDEX($E$219:$BD$231,MATCH($B31&L$6,$A$219:$A$231,0),MATCH($A$1,$E$217:$BD$217,0)),"-") -> - | M31: =IFERROR(INDEX($E$235:$AY$251,MATCH($B31,$D$235:$D$251,0),MATCH($A$2,$E$233:$AY$233,0))&" ---> "&INDEX($E$235:$AY$251,MATCH($B31,$D$234:$D$251,0),MATCH($A$1,$E$233:$AY$233,0)),"-") -> -
B32: =IFERROR(__xludf.DUMMYFUNCTION("""COMPUTED_VALUE"""),"Aceite de Oliva") -> Aceite de Oliva | C32: =IFERROR(INDEX($E$70:$BW$85,MATCH($B32,$D$70:$D$85,0),MATCH($A$2,$E$68:$BW$68,0))&" ---> "&INDEX($E$70:$BW$85,MATCH($B32,$D$70:$D$85,0),MATCH($A$1,$E$68:$BW$68,0)),"-") -> - | D32: =IFERROR(INDEX($E$89:$BQ$103,MATCH($B32,$D$89:$D$103,0),MATCH($A$2,$E$87:$BQ$87,0))&" ---> "&INDEX($E$89:$BQ$103,MATCH($B32,$D$89:$D$103,0),MATCH($A$1,$E$87:$BQ$87,0)),"-") -> - | E32: =IFERROR(INDEX($E$106:$BK$119,MATCH($B32,$D$106:$D$119,0),MATCH($A$2,$E$104:$BK$104,0))&" ---> "&INDEX($E$106:$BK$119,MATCH($B32,$D$106:$D$119,0),MATCH($A$1,$E$104:$BK$104,0)),"-") -> - | F32: =IFERROR(INDEX($E$123:$BO$158,MATCH($B32,$D$123:$D$158,0),MATCH($A$2,$E$121:$BO$121,0))&" ---> "&INDEX($E$123:$BO$158,MATCH($B32,$D$123:$D$158,0),MATCH($A$1,$E$121:$BO$121,0)),"-") -> 4 ---> 3 | G32: =IFERROR(INDEX($E$162:$AY$183,MATCH($B32&G$6,$A$162:$A$183,0),MATCH($A$2,$E$160:$AY$160,0))&" ---> "&INDEX($E$162:$AY$183,MATCH($B32&G$6,$A$162:$A$183,0),MATCH($A$1,$E$160:$AY$160,0)),"-") -> - | H32: =IFERROR(INDEX($E$162:$AY$183,MATCH($B32&H$6,$A$162:$A$183,0),MATCH($A$2,$E$160:$AY$160,0))&" ---> "&INDEX($E$162:$AY$183,MATCH($B32&H$6,$A$162:$A$183,0),MATCH($A$1,$E$160:$AY$160,0)),"-") -> - | I32: =IFERROR(INDEX($E$188:$BK$215,MATCH($B32&I$6,$A$188:$A$215,0),MATCH($A$2,$E$186:$BK$186,0))&" ---> "&INDEX($E$188:$BK$215,MATCH($B32&I$6,$A$188:$A$215,0),MATCH($A$1,$E$186:$BK$186,0)),"-") -> - | J32: =IFERROR(INDEX($E$188:$BK$215,MATCH($B32&J$6,$A$188:$A$215,0),MATCH($A$2,$E$186:$BK$186,0))&" ---> "&INDEX($E$188:$BK$215,MATCH($B32&J$6,$A$188:$A$215,0),MATCH($A$1,$E$186:$BK$186,0)),"-") -> - | K32: =IFERROR(INDEX($E$219:$BD$231,MATCH($B32&K$6,$A$219:$A$231,0),MATCH($A$2,$E$217:$BD$217,0))&" ---> "&INDEX($E$219:$BD$231,MATCH($B32&K$6,$A$219:$A$231,0),MATCH($A$1,$E$217:$BD$217,0)),"-") -> - | L32: =IFERROR(INDEX($E$219:$BD$231,MATCH($B32&L$6,$A$219:$A$231,0),MATCH($A$2,$E$217:$BD$217,0))&" ---> "&INDEX($E$219:$BD$231,MATCH($B32&L$6,$A$219:$A$231,0),MATCH($A$1,$E$217:$BD$217,0)),"-") -> - | M32: =IFERROR(INDEX($E$235:$AY$251,MATCH($B32,$D$235:$D$251,0),MATCH($A$2,$E$233:$AY$233,0))&" ---> "&INDEX($E$235:$AY$251,MATCH($B32,$D$234:$D$251,0),MATCH($A$1,$E$233:$AY$233,0)),"-") -> -
B33: =IFERROR(__xludf.DUMMYFUNCTION("""COMPUTED_VALUE"""),"Aceto Balsámico") -> Aceto Balsámico | C33: =IFERROR(INDEX($E$70:$BW$85,MATCH($B33,$D$70:$D$85,0),MATCH($A$2,$E$68:$BW$68,0))&" ---> "&INDEX($E$70:$BW$85,MATCH($B33,$D$70:$D$85,0),MATCH($A$1,$E$68:$BW$68,0)),"-") -> - | D33: =IFERROR(INDEX($E$89:$BQ$103,MATCH($B33,$D$89:$D$103,0),MATCH($A$2,$E$87:$BQ$87,0))&" ---> "&INDEX($E$89:$BQ$103,MATCH($B33,$D$89:$D$103,0),MATCH($A$1,$E$87:$BQ$87,0)),"-") -> - | E33: =IFERROR(INDEX($E$106:$BK$119,MATCH($B33,$D$106:$D$119,0),MATCH($A$2,$E$104:$BK$104,0))&" ---> "&INDEX($E$106:$BK$119,MATCH($B33,$D$106:$D$119,0),MATCH($A$1,$E$104:$BK$104,0)),"-") -> - | F33: =IFERROR(INDEX($E$123:$BO$158,MATCH($B33,$D$123:$D$158,0),MATCH($A$2,$E$121:$BO$121,0))&" ---> "&INDEX($E$123:$BO$158,MATCH($B33,$D$123:$D$158,0),MATCH($A$1,$E$121:$BO$121,0)),"-") -> 4 ---> 4 | G33: =IFERROR(INDEX($E$162:$AY$183,MATCH($B33&G$6,$A$162:$A$183,0),MATCH($A$2,$E$160:$AY$160,0))&" ---> "&INDEX($E$162:$AY$183,MATCH($B33&G$6,$A$162:$A$183,0),MATCH($A$1,$E$160:$AY$160,0)),"-") -> - | H33: =IFERROR(INDEX($E$162:$AY$183,MATCH($B33&H$6,$A$162:$A$183,0),MATCH($A$2,$E$160:$AY$160,0))&" ---> "&INDEX($E$162:$AY$183,MATCH($B33&H$6,$A$162:$A$183,0),MATCH($A$1,$E$160:$AY$160,0)),"-") -> - | I33: =IFERROR(INDEX($E$188:$BK$215,MATCH($B33&I$6,$A$188:$A$215,0),MATCH($A$2,$E$186:$BK$186,0))&" ---> "&INDEX($E$188:$BK$215,MATCH($B33&I$6,$A$188:$A$215,0),MATCH($A$1,$E$186:$BK$186,0)),"-") -> - | J33: =IFERROR(INDEX($E$188:$BK$215,MATCH($B33&J$6,$A$188:$A$215,0),MATCH($A$2,$E$186:$BK$186,0))&" ---> "&INDEX($E$188:$BK$215,MATCH($B33&J$6,$A$188:$A$215,0),MATCH($A$1,$E$186:$BK$186,0)),"-") -> - | K33: =IFERROR(INDEX($E$219:$BD$231,MATCH($B33&K$6,$A$219:$A$231,0),MATCH($A$2,$E$217:$BD$217,0))&" ---> "&INDEX($E$219:$BD$231,MATCH($B33&K$6,$A$219:$A$231,0),MATCH($A$1,$E$217:$BD$217,0)),"-") -> - | L33: =IFERROR(INDEX($E$219:$BD$231,MATCH($B33&L$6,$A$219:$A$231,0),MATCH($A$2,$E$217:$BD$217,0))&" ---> "&INDEX($E$219:$BD$231,MATCH($B33&L$6,$A$219:$A$231,0),MATCH($A$1,$E$217:$BD$217,0)),"-") -> - | M33: =IFERROR(INDEX($E$235:$AY$251,MATCH($B33,$D$235:$D$251,0),MATCH($A$2,$E$233:$AY$233,0))&" ---> "&INDEX($E$235:$AY$251,MATCH($B33,$D$234:$D$251,0),MATCH($A$1,$E$233:$AY$233,0)),"-") -> -
B34: =IFERROR(__xludf.DUMMYFUNCTION("""COMPUTED_VALUE"""),"Vinagre") -> Vinagre | C34: =IFERROR(INDEX($E$70:$BW$85,MATCH($B34,$D$70:$D$85,0),MATCH($A$2,$E$68:$BW$68,0))&" ---> "&INDEX($E$70:$BW$85,MATCH($B34,$D$70:$D$85,0),MATCH($A$1,$E$68:$BW$68,0)),"-") -> - | D34: =IFERROR(INDEX($E$89:$BQ$103,MATCH($B34,$D$89:$D$103,0),MATCH($A$2,$E$87:$BQ$87,0))&" ---> "&INDEX($E$89:$BQ$103,MATCH($B34,$D$89:$D$103,0),MATCH($A$1,$E$87:$BQ$87,0)),"-") -> - | E34: =IFERROR(INDEX($E$106:$BK$119,MATCH($B34,$D$106:$D$119,0),MATCH($A$2,$E$104:$BK$104,0))&" ---> "&INDEX($E$106:$BK$119,MATCH($B34,$D$106:$D$119,0),MATCH($A$1,$E$104:$BK$104,0)),"-") -> - | F34: =IFERROR(INDEX($E$123:$BO$158,MATCH($B34,$D$123:$D$158,0),MATCH($A$2,$E$121:$BO$121,0))&" ---> "&INDEX($E$123:$BO$158,MATCH($B34,$D$123:$D$158,0),MATCH($A$1,$E$121:$BO$121,0)),"-") -> 3 ---> 3 | G34: =IFERROR(INDEX($E$162:$AY$183,MATCH($B34&G$6,$A$162:$A$183,0),MATCH($A$2,$E$160:$AY$160,0))&" ---> "&INDEX($E$162:$AY$183,MATCH($B34&G$6,$A$162:$A$183,0),MATCH($A$1,$E$160:$AY$160,0)),"-") -> - | H34: =IFERROR(INDEX($E$162:$AY$183,MATCH($B34&H$6,$A$162:$A$183,0),MATCH($A$2,$E$160:$AY$160,0))&" ---> "&INDEX($E$162:$AY$183,MATCH($B34&H$6,$A$162:$A$183,0),MATCH($A$1,$E$160:$AY$160,0)),"-") -> - | I34: =IFERROR(INDEX($E$188:$BK$215,MATCH($B34&I$6,$A$188:$A$215,0),MATCH($A$2,$E$186:$BK$186,0))&" ---> "&INDEX($E$188:$BK$215,MATCH($B34&I$6,$A$188:$A$215,0),MATCH($A$1,$E$186:$BK$186,0)),"-") -> - | J34: =IFERROR(INDEX($E$188:$BK$215,MATCH($B34&J$6,$A$188:$A$215,0),MATCH($A$2,$E$186:$BK$186,0))&" ---> "&INDEX($E$188:$BK$215,MATCH($B34&J$6,$A$188:$A$215,0),MATCH($A$1,$E$186:$BK$186,0)),"-") -> - | K34: =IFERROR(INDEX($E$219:$BD$231,MATCH($B34&K$6,$A$219:$A$231,0),MATCH($A$2,$E$217:$BD$217,0))&" ---> "&INDEX($E$219:$BD$231,MATCH($B34&K$6,$A$219:$A$231,0),MATCH($A$1,$E$217:$BD$217,0)),"-") -> - | L34: =IFERROR(INDEX($E$219:$BD$231,MATCH($B34&L$6,$A$219:$A$231,0),MATCH($A$2,$E$217:$BD$217,0))&" ---> "&INDEX($E$219:$BD$231,MATCH($B34&L$6,$A$219:$A$231,0),MATCH($A$1,$E$217:$BD$217,0)),"-") -> - | M34: =IFERROR(INDEX($E$235:$AY$251,MATCH($B34,$D$235:$D$251,0),MATCH($A$2,$E$233:$AY$233,0))&" ---> "&INDEX($E$235:$AY$251,MATCH($B34,$D$234:$D$251,0),MATCH($A$1,$E$233:$AY$233,0)),"-") -> -
B35: =IFERROR(__xludf.DUMMYFUNCTION("""COMPUTED_VALUE"""),"Ensencia de Limón ") -> Ensencia de Limón | C35: =IFERROR(INDEX($E$70:$BW$85,MATCH($B35,$D$70:$D$85,0),MATCH($A$2,$E$68:$BW$68,0))&" ---> "&INDEX($E$70:$BW$85,MATCH($B35,$D$70:$D$85,0),MATCH($A$1,$E$68:$BW$68,0)),"-") -> - | D35: =IFERROR(INDEX($E$89:$BQ$103,MATCH($B35,$D$89:$D$103,0),MATCH($A$2,$E$87:$BQ$87,0))&" ---> "&INDEX($E$89:$BQ$103,MATCH($B35,$D$89:$D$103,0),MATCH($A$1,$E$87:$BQ$87,0)),"-") -> - | E35: =IFERROR(INDEX($E$106:$BK$119,MATCH($B35,$D$106:$D$119,0),MATCH($A$2,$E$104:$BK$104,0))&" ---> "&INDEX($E$106:$BK$119,MATCH($B35,$D$106:$D$119,0),MATCH($A$1,$E$104:$BK$104,0)),"-") -> - | F35: =IFERROR(INDEX($E$123:$BO$158,MATCH($B35,$D$123:$D$158,0),MATCH($A$2,$E$121:$BO$121,0))&" ---> "&INDEX($E$123:$BO$158,MATCH($B35,$D$123:$D$158,0),MATCH($A$1,$E$121:$BO$121,0)),"-") -> 3 ---> 3 | G35: =IFERROR(INDEX($E$162:$AY$183,MATCH($B35&G$6,$A$162:$A$183,0),MATCH($A$2,$E$160:$AY$160,0))&" ---> "&INDEX($E$162:$AY$183,MATCH($B35&G$6,$A$162:$A$183,0),MATCH($A$1,$E$160:$AY$160,0)),"-") -> - | H35: =IFERROR(INDEX($E$162:$AY$183,MATCH($B35&H$6,$A$162:$A$183,0),MATCH($A$2,$E$160:$AY$160,0))&" ---> "&INDEX($E$162:$AY$183,MATCH($B35&H$6,$A$162:$A$183,0),MATCH($A$1,$E$160:$AY$160,0)),"-") -> - | I35: =IFERROR(INDEX($E$188:$BK$215,MATCH($B35&I$6,$A$188:$A$215,0),MATCH($A$2,$E$186:$BK$186,0))&" ---> "&INDEX($E$188:$BK$215,MATCH($B35&I$6,$A$188:$A$215,0),MATCH($A$1,$E$186:$BK$186,0)),"-") -> - | J35: =IFERROR(INDEX($E$188:$BK$215,MATCH($B35&J$6,$A$188:$A$215,0),MATCH($A$2,$E$186:$BK$186,0))&" ---> "&INDEX($E$188:$BK$215,MATCH($B35&J$6,$A$188:$A$215,0),MATCH($A$1,$E$186:$BK$186,0)),"-") -> - | K35: =IFERROR(INDEX($E$219:$BD$231,MATCH($B35&K$6,$A$219:$A$231,0),MATCH($A$2,$E$217:$BD$217,0))&" ---> "&INDEX($E$219:$BD$231,MATCH($B35&K$6,$A$219:$A$231,0),MATCH($A$1,$E$217:$BD$217,0)),"-") -> - | L35: =IFERROR(INDEX($E$219:$BD$231,MATCH($B35&L$6,$A$219:$A$231,0),MATCH($A$2,$E$217:$BD$217,0))&" ---> "&INDEX($E$219:$BD$231,MATCH($B35&L$6,$A$219:$A$231,0),MATCH($A$1,$E$217:$BD$217,0)),"-") -> - | M35: =IFERROR(INDEX($E$235:$AY$251,MATCH($B35,$D$235:$D$251,0),MATCH($A$2,$E$233:$AY$233,0))&" ---> "&INDEX($E$235:$AY$251,MATCH($B35,$D$234:$D$251,0),MATCH($A$1,$E$233:$AY$233,0)),"-") -> -
B36: =IFERROR(__xludf.DUMMYFUNCTION("""COMPUTED_VALUE"""),"Removedores") -> Removedores | C36: =IFERROR(INDEX($E$70:$BW$85,MATCH($B36,$D$70:$D$85,0),MATCH($A$2,$E$68:$BW$68,0))&" ---> "&INDEX($E$70:$BW$85,MATCH($B36,$D$70:$D$85,0),MATCH($A$1,$E$68:$BW$68,0)),"-") -> - | D36: =IFERROR(INDEX($E$89:$BQ$103,MATCH($B36,$D$89:$D$103,0),MATCH($A$2,$E$87:$BQ$87,0))&" ---> "&INDEX($E$89:$BQ$103,MATCH($B36,$D$89:$D$103,0),MATCH($A$1,$E$87:$BQ$87,0)),"-") -> - | E36: =IFERROR(INDEX($E$106:$BK$119,MATCH($B36,$D$106:$D$119,0),MATCH($A$2,$E$104:$BK$104,0))&" ---> "&INDEX($E$106:$BK$119,MATCH($B36,$D$106:$D$119,0),MATCH($A$1,$E$104:$BK$104,0)),"-") -> - | F36: =IFERROR(INDEX($E$123:$BO$158,MATCH($B36,$D$123:$D$158,0),MATCH($A$2,$E$121:$BO$121,0))&" ---> "&INDEX($E$123:$BO$158,MATCH($B36,$D$123:$D$158,0),MATCH($A$1,$E$121:$BO$121,0)),"-") -> 11 ---> 11 | G36: =IFERROR(INDEX($E$162:$AY$183,MATCH($B36&G$6,$A$162:$A$183,0),MATCH($A$2,$E$160:$AY$160,0))&" ---> "&INDEX($E$162:$AY$183,MATCH($B36&G$6,$A$162:$A$183,0),MATCH($A$1,$E$160:$AY$160,0)),"-") -> - | H36: =IFERROR(INDEX($E$162:$AY$183,MATCH($B36&H$6,$A$162:$A$183,0),MATCH($A$2,$E$160:$AY$160,0))&" ---> "&INDEX($E$162:$AY$183,MATCH($B36&H$6,$A$162:$A$183,0),MATCH($A$1,$E$160:$AY$160,0)),"-") -> - | I36: =IFERROR(INDEX($E$188:$BK$215,MATCH($B36&I$6,$A$188:$A$215,0),MATCH($A$2,$E$186:$BK$186,0))&" ---> "&INDEX($E$188:$BK$215,MATCH($B36&I$6,$A$188:$A$215,0),MATCH($A$1,$E$186:$BK$186,0)),"-") -> - | J36: =IFERROR(INDEX($E$188:$BK$215,MATCH($B36&J$6,$A$188:$A$215,0),MATCH($A$2,$E$186:$BK$186,0))&" ---> "&INDEX($E$188:$BK$215,MATCH($B36&J$6,$A$188:$A$215,0),MATCH($A$1,$E$186:$BK$186,0)),"-") -> - | K36: =IFERROR(INDEX($E$219:$BD$231,MATCH($B36&K$6,$A$219:$A$231,0),MATCH($A$2,$E$217:$BD$217,0))&" ---> "&INDEX($E$219:$BD$231,MATCH($B36&K$6,$A$219:$A$231,0),MATCH($A$1,$E$217:$BD$217,0)),"-") -> - | L36: =IFERROR(INDEX($E$219:$BD$231,MATCH($B36&L$6,$A$219:$A$231,0),MATCH($A$2,$E$217:$BD$217,0))&" ---> "&INDEX($E$219:$BD$231,MATCH($B36&L$6,$A$219:$A$231,0),MATCH($A$1,$E$217:$BD$217,0)),"-") -> - | M36: =IFERROR(INDEX($E$235:$AY$251,MATCH($B36,$D$235:$D$251,0),MATCH($A$2,$E$233:$AY$233,0))&" ---> "&INDEX($E$235:$AY$251,MATCH($B36,$D$234:$D$251,0),MATCH($A$1,$E$233:$AY$233,0)),"-") -> -
B37: =IFERROR(__xludf.DUMMYFUNCTION("""COMPUTED_VALUE"""),"Vasos Polipapel") -> Vasos Polipapel | C37: =IFERROR(INDEX($E$70:$BW$85,MATCH($B37,$D$70:$D$85,0),MATCH($A$2,$E$68:$BW$68,0))&" ---> "&INDEX($E$70:$BW$85,MATCH($B37,$D$70:$D$85,0),MATCH($A$1,$E$68:$BW$68,0)),"-") -> - | D37: =IFERROR(INDEX($E$89:$BQ$103,MATCH($B37,$D$89:$D$103,0),MATCH($A$2,$E$87:$BQ$87,0))&" ---> "&INDEX($E$89:$BQ$103,MATCH($B37,$D$89:$D$103,0),MATCH($A$1,$E$87:$BQ$87,0)),"-") -> - | E37: =IFERROR(INDEX($E$106:$BK$119,MATCH($B37,$D$106:$D$119,0),MATCH($A$2,$E$104:$BK$104,0))&" ---> "&INDEX($E$106:$BK$119,MATCH($B37,$D$106:$D$119,0),MATCH($A$1,$E$104:$BK$104,0)),"-") -> - | F37: =IFERROR(INDEX($E$123:$BO$158,MATCH($B37,$D$123:$D$158,0),MATCH($A$2,$E$121:$BO$121,0))&" ---> "&INDEX($E$123:$BO$158,MATCH($B37,$D$123:$D$158,0),MATCH($A$1,$E$121:$BO$121,0)),"-") -> 189U ---> 189U | G37: =IFERROR(INDEX($E$162:$AY$183,MATCH($B37&G$6,$A$162:$A$183,0),MATCH($A$2,$E$160:$AY$160,0))&" ---> "&INDEX($E$162:$AY$183,MATCH($B37&G$6,$A$162:$A$183,0),MATCH($A$1,$E$160:$AY$160,0)),"-") -> - | H37: =IFERROR(INDEX($E$162:$AY$183,MATCH($B37&H$6,$A$162:$A$183,0),MATCH($A$2,$E$160:$AY$160,0))&" ---> "&INDEX($E$162:$AY$183,MATCH($B37&H$6,$A$162:$A$183,0),MATCH($A$1,$E$160:$AY$160,0)),"-") -> - | I37: =IFERROR(INDEX($E$188:$BK$215,MATCH($B37&I$6,$A$188:$A$215,0),MATCH($A$2,$E$186:$BK$186,0))&" ---> "&INDEX($E$188:$BK$215,MATCH($B37&I$6,$A$188:$A$215,0),MATCH($A$1,$E$186:$BK$186,0)),"-") -> - | J37: =IFERROR(INDEX($E$188:$BK$215,MATCH($B37&J$6,$A$188:$A$215,0),MATCH($A$2,$E$186:$BK$186,0))&" ---> "&INDEX($E$188:$BK$215,MATCH($B37&J$6,$A$188:$A$215,0),MATCH($A$1,$E$186:$BK$186,0)),"-") -> - | K37: =IFERROR(INDEX($E$219:$BD$231,MATCH($B37&K$6,$A$219:$A$231,0),MATCH($A$2,$E$217:$BD$217,0))&" ---> "&INDEX($E$219:$BD$231,MATCH($B37&K$6,$A$219:$A$231,0),MATCH($A$1,$E$217:$BD$217,0)),"-") -> - | L37: =IFERROR(INDEX($E$219:$BD$231,MATCH($B37&L$6,$A$219:$A$231,0),MATCH($A$2,$E$217:$BD$217,0))&" ---> "&INDEX($E$219:$BD$231,MATCH($B37&L$6,$A$219:$A$231,0),MATCH($A$1,$E$217:$BD$217,0)),"-") -> - | M37: =IFERROR(INDEX($E$235:$AY$251,MATCH($B37,$D$235:$D$251,0),MATCH($A$2,$E$233:$AY$233,0))&" ---> "&INDEX($E$235:$AY$251,MATCH($B37,$D$234:$D$251,0),MATCH($A$1,$E$233:$AY$233,0)),"-") -> -
B38: =IFERROR(__xludf.DUMMYFUNCTION("""COMPUTED_VALUE"""),"Cloro Gel") -> Cloro Gel | C38: =IFERROR(INDEX($E$70:$BW$85,MATCH($B38,$D$70:$D$85,0),MATCH($A$2,$E$68:$BW$68,0))&" ---> "&INDEX($E$70:$BW$85,MATCH($B38,$D$70:$D$85,0),MATCH($A$1,$E$68:$BW$68,0)),"-") -> - | D38: =IFERROR(INDEX($E$89:$BQ$103,MATCH($B38,$D$89:$D$103,0),MATCH($A$2,$E$87:$BQ$87,0))&" ---> "&INDEX($E$89:$BQ$103,MATCH($B38,$D$89:$D$103,0),MATCH($A$1,$E$87:$BQ$87,0)),"-") -> - | E38: =IFERROR(INDEX($E$106:$BK$119,MATCH($B38,$D$106:$D$119,0),MATCH($A$2,$E$104:$BK$104,0))&" ---> "&INDEX($E$106:$BK$119,MATCH($B38,$D$106:$D$119,0),MATCH($A$1,$E$104:$BK$104,0)),"-") -> - | F38: =IFERROR(INDEX($E$123:$BO$158,MATCH($B38,$D$123:$D$158,0),MATCH($A$2,$E$121:$BO$121,0))&" ---> "&INDEX($E$123:$BO$158,MATCH($B38,$D$123:$D$158,0),MATCH($A$1,$E$121:$BO$121,0)),"-") -> 2 ---> 2 | G38: =IFERROR(INDEX($E$162:$AY$183,MATCH($B38&G$6,$A$162:$A$183,0),MATCH($A$2,$E$160:$AY$160,0))&" ---> "&INDEX($E$162:$AY$183,MATCH($B38&G$6,$A$162:$A$183,0),MATCH($A$1,$E$160:$AY$160,0)),"-") -> - | H38: =IFERROR(INDEX($E$162:$AY$183,MATCH($B38&H$6,$A$162:$A$183,0),MATCH($A$2,$E$160:$AY$160,0))&" ---> "&INDEX($E$162:$AY$183,MATCH($B38&H$6,$A$162:$A$183,0),MATCH($A$1,$E$160:$AY$160,0)),"-") -> - | I38: =IFERROR(INDEX($E$188:$BK$215,MATCH($B38&I$6,$A$188:$A$215,0),MATCH($A$2,$E$186:$BK$186,0))&" ---> "&INDEX($E$188:$BK$215,MATCH($B38&I$6,$A$188:$A$215,0),MATCH($A$1,$E$186:$BK$186,0)),"-") -> 1 ---> 1 | J38: =IFERROR(INDEX($E$188:$BK$215,MATCH($B38&J$6,$A$188:$A$215,0),MATCH($A$2,$E$186:$BK$186,0))&" ---> "&INDEX($E$188:$BK$215,MATCH($B38&J$6,$A$188:$A$215,0),MATCH($A$1,$E$186:$BK$186,0)),"-") -> 2 ---> 2 | K38: =IFERROR(INDEX($E$219:$BD$231,MATCH($B38&K$6,$A$219:$A$231,0),MATCH($A$2,$E$217:$BD$217,0))&" ---> "&INDEX($E$219:$BD$231,MATCH($B38&K$6,$A$219:$A$231,0),MATCH($A$1,$E$217:$BD$217,0)),"-") -> - | L38: =IFERROR(INDEX($E$219:$BD$231,MATCH($B38&L$6,$A$219:$A$231,0),MATCH($A$2,$E$217:$BD$217,0))&" ---> "&INDEX($E$219:$BD$231,MATCH($B38&L$6,$A$219:$A$231,0),MATCH($A$1,$E$217:$BD$217,0)),"-") -> - | M38: =IFERROR(INDEX($E$235:$AY$251,MATCH($B38,$D$235:$D$251,0),MATCH($A$2,$E$233:$AY$233,0))&" ---> "&INDEX($E$235:$AY$251,MATCH($B38,$D$234:$D$251,0),MATCH($A$1,$E$233:$AY$233,0)),"-") -> -
B39: =IFERROR(__xludf.DUMMYFUNCTION("""COMPUTED_VALUE"""),"Limpia Piso") -> Limpia Piso | C39: =IFERROR(INDEX($E$70:$BW$85,MATCH($B39,$D$70:$D$85,0),MATCH($A$2,$E$68:$BW$68,0))&" ---> "&INDEX($E$70:$BW$85,MATCH($B39,$D$70:$D$85,0),MATCH($A$1,$E$68:$BW$68,0)),"-") -> - | D39: =IFERROR(INDEX($E$89:$BQ$103,MATCH($B39,$D$89:$D$103,0),MATCH($A$2,$E$87:$BQ$87,0))&" ---> "&INDEX($E$89:$BQ$103,MATCH($B39,$D$89:$D$103,0),MATCH($A$1,$E$87:$BQ$87,0)),"-") -> - | E39: =IFERROR(INDEX($E$106:$BK$119,MATCH($B39,$D$106:$D$119,0),MATCH($A$2,$E$104:$BK$104,0))&" ---> "&INDEX($E$106:$BK$119,MATCH($B39,$D$106:$D$119,0),MATCH($A$1,$E$104:$BK$104,0)),"-") -> - | F39: =IFERROR(INDEX($E$123:$BO$158,MATCH($B39,$D$123:$D$158,0),MATCH($A$2,$E$121:$BO$121,0))&" ---> "&INDEX($E$123:$BO$158,MATCH($B39,$D$123:$D$158,0),MATCH($A$1,$E$121:$BO$121,0)),"-") -> 4 ---> 4 | G39: =IFERROR(INDEX($E$162:$AY$183,MATCH($B39&G$6,$A$162:$A$183,0),MATCH($A$2,$E$160:$AY$160,0))&" ---> "&INDEX($E$162:$AY$183,MATCH($B39&G$6,$A$162:$A$183,0),MATCH($A$1,$E$160:$AY$160,0)),"-") -> - | H39: =IFERROR(INDEX($E$162:$AY$183,MATCH($B39&H$6,$A$162:$A$183,0),MATCH($A$2,$E$160:$AY$160,0))&" ---> "&INDEX($E$162:$AY$183,MATCH($B39&H$6,$A$162:$A$183,0),MATCH($A$1,$E$160:$AY$160,0)),"-") -> - | I39: =IFERROR(INDEX($E$188:$BK$215,MATCH($B39&I$6,$A$188:$A$215,0),MATCH($A$2,$E$186:$BK$186,0))&" ---> "&INDEX($E$188:$BK$215,MATCH($B39&I$6,$A$188:$A$215,0),MATCH($A$1,$E$186:$BK$186,0)),"-") -> 1 ---> 1 | J39: =IFERROR(INDEX($E$188:$BK$215,MATCH($B39&J$6,$A$188:$A$215,0),MATCH($A$2,$E$186:$BK$186,0))&" ---> "&INDEX($E$188:$BK$215,MATCH($B39&J$6,$A$188:$A$215,0),MATCH($A$1,$E$186:$BK$186,0)),"-") -> 7 ---> 7 | K39: =IFERROR(INDEX($E$219:$BD$231,MATCH($B39&K$6,$A$219:$A$231,0),MATCH($A$2,$E$217:$BD$217,0))&" ---> "&INDEX($E$219:$BD$231,MATCH($B39&K$6,$A$219:$A$231,0),MATCH($A$1,$E$217:$BD$217,0)),"-") -> - | L39: =IFERROR(INDEX($E$219:$BD$231,MATCH($B39&L$6,$A$219:$A$231,0),MATCH($A$2,$E$217:$BD$217,0))&" ---> "&INDEX($E$219:$BD$231,MATCH($B39&L$6,$A$219:$A$231,0),MATCH($A$1,$E$217:$BD$217,0)),"-") -> - | M39: =IFERROR(INDEX($E$235:$AY$251,MATCH($B39,$D$235:$D$251,0),MATCH($A$2,$E$233:$AY$233,0))&" ---> "&INDEX($E$235:$AY$251,MATCH($B39,$D$234:$D$251,0),MATCH($A$1,$E$233:$AY$233,0)),"-") -> -
B40: =IFERROR(__xludf.DUMMYFUNCTION("""COMPUTED_VALUE"""),"Limpia vidrio") -> Limpia vidrio | C40: =IFERROR(INDEX($E$70:$BW$85,MATCH($B40,$D$70:$D$85,0),MATCH($A$2,$E$68:$BW$68,0))&" ---> "&INDEX($E$70:$BW$85,MATCH($B40,$D$70:$D$85,0),MATCH($A$1,$E$68:$BW$68,0)),"-") -> - | D40: =IFERROR(INDEX($E$89:$BQ$103,MATCH($B40,$D$89:$D$103,0),MATCH($A$2,$E$87:$BQ$87,0))&" ---> "&INDEX($E$89:$BQ$103,MATCH($B40,$D$89:$D$103,0),MATCH($A$1,$E$87:$BQ$87,0)),"-") -> - | E40: =IFERROR(INDEX($E$106:$BK$119,MATCH($B40,$D$106:$D$119,0),MATCH($A$2,$E$104:$BK$104,0))&" ---> "&INDEX($E$106:$BK$119,MATCH($B40,$D$106:$D$119,0),MATCH($A$1,$E$104:$BK$104,0)),"-") -> - | F40: =IFERROR(INDEX($E$123:$BO$158,MATCH($B40,$D$123:$D$158,0),MATCH($A$2,$E$121:$BO$121,0))&" ---> "&INDEX($E$123:$BO$158,MATCH($B40,$D$123:$D$158,0),MATCH($A$1,$E$121:$BO$121,0)),"-") -> 1 ---> 1 | G40: =IFERROR(INDEX($E$162:$AY$183,MATCH($B40&G$6,$A$162:$A$183,0),MATCH($A$2,$E$160:$AY$160,0))&" ---> "&INDEX($E$162:$AY$183,MATCH($B40&G$6,$A$162:$A$183,0),MATCH($A$1,$E$160:$AY$160,0)),"-") -> - | H40: =IFERROR(INDEX($E$162:$AY$183,MATCH($B40&H$6,$A$162:$A$183,0),MATCH($A$2,$E$160:$AY$160,0))&" ---> "&INDEX($E$162:$AY$183,MATCH($B40&H$6,$A$162:$A$183,0),MATCH($A$1,$E$160:$AY$160,0)),"-") -> - | I40: =IFERROR(INDEX($E$188:$BK$215,MATCH($B40&I$6,$A$188:$A$215,0),MATCH($A$2,$E$186:$BK$186,0))&" ---> "&INDEX($E$188:$BK$215,MATCH($B40&I$6,$A$188:$A$215,0),MATCH($A$1,$E$186:$BK$186,0)),"-") -> - | J40: =IFERROR(INDEX($E$188:$BK$215,MATCH($B40&J$6,$A$188:$A$215,0),MATCH($A$2,$E$186:$BK$186,0))&" ---> "&INDEX($E$188:$BK$215,MATCH($B40&J$6,$A$188:$A$215,0),MATCH($A$1,$E$186:$BK$186,0)),"-") -> - | K40: =IFERROR(INDEX($E$219:$BD$231,MATCH($B40&K$6,$A$219:$A$231,0),MATCH($A$2,$E$217:$BD$217,0))&" ---> "&INDEX($E$219:$BD$231,MATCH($B40&K$6,$A$219:$A$231,0),MATCH($A$1,$E$217:$BD$217,0)),"-") -> - | L40: =IFERROR(INDEX($E$219:$BD$231,MATCH($B40&L$6,$A$219:$A$231,0),MATCH($A$2,$E$217:$BD$217,0))&" ---> "&INDEX($E$219:$BD$231,MATCH($B40&L$6,$A$219:$A$231,0),MATCH($A$1,$E$217:$BD$217,0)),"-") -> - | M40: =IFERROR(INDEX($E$235:$AY$251,MATCH($B40,$D$235:$D$251,0),MATCH($A$2,$E$233:$AY$233,0))&" ---> "&INDEX($E$235:$AY$251,MATCH($B40,$D$234:$D$251,0),MATCH($A$1,$E$233:$AY$233,0)),"-") -> -
B41: =IFERROR(__xludf.DUMMYFUNCTION("""COMPUTED_VALUE"""),"Esponja 4U") -> Esponja 4U | C41: =IFERROR(INDEX($E$70:$BW$85,MATCH($B41,$D$70:$D$85,0),MATCH($A$2,$E$68:$BW$68,0))&" ---> "&INDEX($E$70:$BW$85,MATCH($B41,$D$70:$D$85,0),MATCH($A$1,$E$68:$BW$68,0)),"-") -> - | D41: =IFERROR(INDEX($E$89:$BQ$103,MATCH($B41,$D$89:$D$103,0),MATCH($A$2,$E$87:$BQ$87,0))&" ---> "&INDEX($E$89:$BQ$103,MATCH($B41,$D$89:$D$103,0),MATCH($A$1,$E$87:$BQ$87,0)),"-") -> - | E41: =IFERROR(INDEX($E$106:$BK$119,MATCH($B41,$D$106:$D$119,0),MATCH($A$2,$E$104:$BK$104,0))&" ---> "&INDEX($E$106:$BK$119,MATCH($B41,$D$106:$D$119,0),MATCH($A$1,$E$104:$BK$104,0)),"-") -> - | F41: =IFERROR(INDEX($E$123:$BO$158,MATCH($B41,$D$123:$D$158,0),MATCH($A$2,$E$121:$BO$121,0))&" ---> "&INDEX($E$123:$BO$158,MATCH($B41,$D$123:$D$158,0),MATCH($A$1,$E$121:$BO$121,0)),"-") -> 7U ---> 6U | G41: =IFERROR(INDEX($E$162:$AY$183,MATCH($B41&G$6,$A$162:$A$183,0),MATCH($A$2,$E$160:$AY$160,0))&" ---> "&INDEX($E$162:$AY$183,MATCH($B41&G$6,$A$162:$A$183,0),MATCH($A$1,$E$160:$AY$160,0)),"-") -> - | H41: =IFERROR(INDEX($E$162:$AY$183,MATCH($B41&H$6,$A$162:$A$183,0),MATCH($A$2,$E$160:$AY$160,0))&" ---> "&INDEX($E$162:$AY$183,MATCH($B41&H$6,$A$162:$A$183,0),MATCH($A$1,$E$160:$AY$160,0)),"-") -> - | I41: =IFERROR(INDEX($E$188:$BK$215,MATCH($B41&I$6,$A$188:$A$215,0),MATCH($A$2,$E$186:$BK$186,0))&" ---> "&INDEX($E$188:$BK$215,MATCH($B41&I$6,$A$188:$A$215,0),MATCH($A$1,$E$186:$BK$186,0)),"-") -> 7 ---> 7 | J41: =IFERROR(INDEX($E$188:$BK$215,MATCH($B41&J$6,$A$188:$A$215,0),MATCH($A$2,$E$186:$BK$186,0))&" ---> "&INDEX($E$188:$BK$215,MATCH($B41&J$6,$A$188:$A$215,0),MATCH($A$1,$E$186:$BK$186,0)),"-") -> 9 ---> 9 | K41: =IFERROR(INDEX($E$219:$BD$231,MATCH($B41&K$6,$A$219:$A$231,0),MATCH($A$2,$E$217:$BD$217,0))&" ---> "&INDEX($E$219:$BD$231,MATCH($B41&K$6,$A$219:$A$231,0),MATCH($A$1,$E$217:$BD$217,0)),"-") -> 4 ---> 4 | L41: =IFERROR(INDEX($E$219:$BD$231,MATCH($B41&L$6,$A$219:$A$231,0),MATCH($A$2,$E$217:$BD$217,0))&" ---> "&INDEX($E$219:$BD$231,MATCH($B41&L$6,$A$219:$A$231,0),MATCH($A$1,$E$217:$BD$217,0)),"-") -> - | M41: =IFERROR(INDEX($E$235:$AY$251,MATCH($B41,$D$235:$D$251,0),MATCH($A$2,$E$233:$AY$233,0))&" ---> "&INDEX($E$235:$AY$251,MATCH($B41,$D$234:$D$251,0),MATCH($A$1,$E$233:$AY$233,0)),"-") -> -
B42: =IFERROR(__xludf.DUMMYFUNCTION("""COMPUTED_VALUE"""),"Paño Esponja") -> Paño Esponja | C42: =IFERROR(INDEX($E$70:$BW$85,MATCH($B42,$D$70:$D$85,0),MATCH($A$2,$E$68:$BW$68,0))&" ---> "&INDEX($E$70:$BW$85,MATCH($B42,$D$70:$D$85,0),MATCH($A$1,$E$68:$BW$68,0)),"-") -> - | D42: =IFERROR(INDEX($E$89:$BQ$103,MATCH($B42,$D$89:$D$103,0),MATCH($A$2,$E$87:$BQ$87,0))&" ---> "&INDEX($E$89:$BQ$103,MATCH($B42,$D$89:$D$103,0),MATCH($A$1,$E$87:$BQ$87,0)),"-") -> - | E42: =IFERROR(INDEX($E$106:$BK$119,MATCH($B42,$D$106:$D$119,0),MATCH($A$2,$E$104:$BK$104,0))&" ---> "&INDEX($E$106:$BK$119,MATCH($B42,$D$106:$D$119,0),MATCH($A$1,$E$104:$BK$104,0)),"-") -> - | F42: =IFERROR(INDEX($E$123:$BO$158,MATCH($B42,$D$123:$D$158,0),MATCH($A$2,$E$121:$BO$121,0))&" ---> "&INDEX($E$123:$BO$158,MATCH($B42,$D$123:$D$158,0),MATCH($A$1,$E$121:$BO$121,0)),"-") -> 2 ---> 2 | G42: =IFERROR(INDEX($E$162:$AY$183,MATCH($B42&G$6,$A$162:$A$183,0),MATCH($A$2,$E$160:$AY$160,0))&" ---> "&INDEX($E$162:$AY$183,MATCH($B42&G$6,$A$162:$A$183,0),MATCH($A$1,$E$160:$AY$160,0)),"-") -> - | H42: =IFERROR(INDEX($E$162:$AY$183,MATCH($B42&H$6,$A$162:$A$183,0),MATCH($A$2,$E$160:$AY$160,0))&" ---> "&INDEX($E$162:$AY$183,MATCH($B42&H$6,$A$162:$A$183,0),MATCH($A$1,$E$160:$AY$160,0)),"-") -> - | I42: =IFERROR(INDEX($E$188:$BK$215,MATCH($B42&I$6,$A$188:$A$215,0),MATCH($A$2,$E$186:$BK$186,0))&" ---> "&INDEX($E$188:$BK$215,MATCH($B42&I$6,$A$188:$A$215,0),MATCH($A$1,$E$186:$BK$186,0)),"-") -> - | J42: =IFERROR(INDEX($E$188:$BK$215,MATCH($B42&J$6,$A$188:$A$215,0),MATCH($A$2,$E$186:$BK$186,0))&" ---> "&INDEX($E$188:$BK$215,MATCH($B42&J$6,$A$188:$A$215,0),MATCH($A$1,$E$186:$BK$186,0)),"-") -> - | K42: =IFERROR(INDEX($E$219:$BD$231,MATCH($B42&K$6,$A$219:$A$231,0),MATCH($A$2,$E$217:$BD$217,0))&" ---> "&INDEX($E$219:$BD$231,MATCH($B42&K$6,$A$219:$A$231,0),MATCH($A$1,$E$217:$BD$217,0)),"-") -> - | L42: =IFERROR(INDEX($E$219:$BD$231,MATCH($B42&L$6,$A$219:$A$231,0),MATCH($A$2,$E$217:$BD$217,0))&" ---> "&INDEX($E$219:$BD$231,MATCH($B42&L$6,$A$219:$A$231,0),MATCH($A$1,$E$217:$BD$217,0)),"-") -> - | M42: =IFERROR(INDEX($E$235:$AY$251,MATCH($B42,$D$235:$D$251,0),MATCH($A$2,$E$233:$AY$233,0))&" ---> "&INDEX($E$235:$AY$251,MATCH($B42,$D$234:$D$251,0),MATCH($A$1,$E$233:$AY$233,0)),"-") -> -
B43: =IFERROR(__xludf.DUMMYFUNCTION("""COMPUTED_VALUE"""),"Mopa Redonda") -> Mopa Redonda | C43: =IFERROR(INDEX($E$70:$BW$85,MATCH($B43,$D$70:$D$85,0),MATCH($A$2,$E$68:$BW$68,0))&" ---> "&INDEX($E$70:$BW$85,MATCH($B43,$D$70:$D$85,0),MATCH($A$1,$E$68:$BW$68,0)),"-") -> - | D43: =IFERROR(INDEX($E$89:$BQ$103,MATCH($B43,$D$89:$D$103,0),MATCH($A$2,$E$87:$BQ$87,0))&" ---> "&INDEX($E$89:$BQ$103,MATCH($B43,$D$89:$D$103,0),MATCH($A$1,$E$87:$BQ$87,0)),"-") -> - | E43: =IFERROR(INDEX($E$106:$BK$119,MATCH($B43,$D$106:$D$119,0),MATCH($A$2,$E$104:$BK$104,0))&" ---> "&INDEX($E$106:$BK$119,MATCH($B43,$D$106:$D$119,0),MATCH($A$1,$E$104:$BK$104,0)),"-") -> - | F43: =IFERROR(INDEX($E$123:$BO$158,MATCH($B43,$D$123:$D$158,0),MATCH($A$2,$E$121:$BO$121,0))&" ---> "&INDEX($E$123:$BO$158,MATCH($B43,$D$123:$D$158,0),MATCH($A$1,$E$121:$BO$121,0)),"-") -> 1 ---> 1 | G43: =IFERROR(INDEX($E$162:$AY$183,MATCH($B43&G$6,$A$162:$A$183,0),MATCH($A$2,$E$160:$AY$160,0))&" ---> "&INDEX($E$162:$AY$183,MATCH($B43&G$6,$A$162:$A$183,0),MATCH($A$1,$E$160:$AY$160,0)),"-") -> - | H43: =IFERROR(INDEX($E$162:$AY$183,MATCH($B43&H$6,$A$162:$A$183,0),MATCH($A$2,$E$160:$AY$160,0))&" ---> "&INDEX($E$162:$AY$183,MATCH($B43&H$6,$A$162:$A$183,0),MATCH($A$1,$E$160:$AY$160,0)),"-") -> - | I43: =IFERROR(INDEX($E$188:$BK$215,MATCH($B43&I$6,$A$188:$A$215,0),MATCH($A$2,$E$186:$BK$186,0))&" ---> "&INDEX($E$188:$BK$215,MATCH($B43&I$6,$A$188:$A$215,0),MATCH($A$1,$E$186:$BK$186,0)),"-") -> 5 ---> 5 | J43: =IFERROR(INDEX($E$188:$BK$215,MATCH($B43&J$6,$A$188:$A$215,0),MATCH($A$2,$E$186:$BK$186,0))&" ---> "&INDEX($E$188:$BK$215,MATCH($B43&J$6,$A$188:$A$215,0),MATCH($A$1,$E$186:$BK$186,0)),"-") -> 5 ---> 5 | K43: =IFERROR(INDEX($E$219:$BD$231,MATCH($B43&K$6,$A$219:$A$231,0),MATCH($A$2,$E$217:$BD$217,0))&" ---> "&INDEX($E$219:$BD$231,MATCH($B43&K$6,$A$219:$A$231,0),MATCH($A$1,$E$217:$BD$217,0)),"-") -> 3 ---> 2 | L43: =IFERROR(INDEX($E$219:$BD$231,MATCH($B43&L$6,$A$219:$A$231,0),MATCH($A$2,$E$217:$BD$217,0))&" ---> "&INDEX($E$219:$BD$231,MATCH($B43&L$6,$A$219:$A$231,0),MATCH($A$1,$E$217:$BD$217,0)),"-") -> - | M43: =IFERROR(INDEX($E$235:$AY$251,MATCH($B43,$D$235:$D$251,0),MATCH($A$2,$E$233:$AY$233,0))&" ---> "&INDEX($E$235:$AY$251,MATCH($B43,$D$234:$D$251,0),MATCH($A$1,$E$233:$AY$233,0)),"-") -> -
B44: =IFERROR(__xludf.DUMMYFUNCTION("""COMPUTED_VALUE"""),"Mopa Avión") -> Mopa Avión | C44: =IFERROR(INDEX($E$70:$BW$85,MATCH($B44,$D$70:$D$85,0),MATCH($A$2,$E$68:$BW$68,0))&" ---> "&INDEX($E$70:$BW$85,MATCH($B44,$D$70:$D$85,0),MATCH($A$1,$E$68:$BW$68,0)),"-") -> - | D44: =IFERROR(INDEX($E$89:$BQ$103,MATCH($B44,$D$89:$D$103,0),MATCH($A$2,$E$87:$BQ$87,0))&" ---> "&INDEX($E$89:$BQ$103,MATCH($B44,$D$89:$D$103,0),MATCH($A$1,$E$87:$BQ$87,0)),"-") -> - | E44: =IFERROR(INDEX($E$106:$BK$119,MATCH($B44,$D$106:$D$119,0),MATCH($A$2,$E$104:$BK$104,0))&" ---> "&INDEX($E$106:$BK$119,MATCH($B44,$D$106:$D$119,0),MATCH($A$1,$E$104:$BK$104,0)),"-") -> - | F44: =IFERROR(INDEX($E$123:$BO$158,MATCH($B44,$D$123:$D$158,0),MATCH($A$2,$E$121:$BO$121,0))&" ---> "&INDEX($E$123:$BO$158,MATCH($B44,$D$123:$D$158,0),MATCH($A$1,$E$121:$BO$121,0)),"-") -> 2 ---> 2 | G44: =IFERROR(INDEX($E$162:$AY$183,MATCH($B44&G$6,$A$162:$A$183,0),MATCH($A$2,$E$160:$AY$160,0))&" ---> "&INDEX($E$162:$AY$183,MATCH($B44&G$6,$A$162:$A$183,0),MATCH($A$1,$E$160:$AY$160,0)),"-") -> - | H44: =IFERROR(INDEX($E$162:$AY$183,MATCH($B44&H$6,$A$162:$A$183,0),MATCH($A$2,$E$160:$AY$160,0))&" ---> "&INDEX($E$162:$AY$183,MATCH($B44&H$6,$A$162:$A$183,0),MATCH($A$1,$E$160:$AY$160,0)),"-") -> - | I44: =IFERROR(INDEX($E$188:$BK$215,MATCH($B44&I$6,$A$188:$A$215,0),MATCH($A$2,$E$186:$BK$186,0))&" ---> "&INDEX($E$188:$BK$215,MATCH($B44&I$6,$A$188:$A$215,0),MATCH($A$1,$E$186:$BK$186,0)),"-") -> - | J44: =IFERROR(INDEX($E$188:$BK$215,MATCH($B44&J$6,$A$188:$A$215,0),MATCH($A$2,$E$186:$BK$186,0))&" ---> "&INDEX($E$188:$BK$215,MATCH($B44&J$6,$A$188:$A$215,0),MATCH($A$1,$E$186:$BK$186,0)),"-") -> - | K44: =IFERROR(INDEX($E$219:$BD$231,MATCH($B44&K$6,$A$219:$A$231,0),MATCH($A$2,$E$217:$BD$217,0))&" ---> "&INDEX($E$219:$BD$231,MATCH($B44&K$6,$A$219:$A$231,0),MATCH($A$1,$E$217:$BD$217,0)),"-") -> - | L44: =IFERROR(INDEX($E$219:$BD$231,MATCH($B44&L$6,$A$219:$A$231,0),MATCH($A$2,$E$217:$BD$217,0))&" ---> "&INDEX($E$219:$BD$231,MATCH($B44&L$6,$A$219:$A$231,0),MATCH($A$1,$E$217:$BD$217,0)),"-") -> - | M44: =IFERROR(INDEX($E$235:$AY$251,MATCH($B44,$D$235:$D$251,0),MATCH($A$2,$E$233:$AY$233,0))&" ---> "&INDEX($E$235:$AY$251,MATCH($B44,$D$234:$D$251,0),MATCH($A$1,$E$233:$AY$233,0)),"-") -> -
B45: =IFERROR(__xludf.DUMMYFUNCTION("""COMPUTED_VALUE"""),"Lavalozas") -> Lavalozas | C45: =IFERROR(INDEX($E$70:$BW$85,MATCH($B45,$D$70:$D$85,0),MATCH($A$2,$E$68:$BW$68,0))&" ---> "&INDEX($E$70:$BW$85,MATCH($B45,$D$70:$D$85,0),MATCH($A$1,$E$68:$BW$68,0)),"-") -> - | D45: =IFERROR(INDEX($E$89:$BQ$103,MATCH($B45,$D$89:$D$103,0),MATCH($A$2,$E$87:$BQ$87,0))&" ---> "&INDEX($E$89:$BQ$103,MATCH($B45,$D$89:$D$103,0),MATCH($A$1,$E$87:$BQ$87,0)),"-") -> - | E45: =IFERROR(INDEX($E$106:$BK$119,MATCH($B45,$D$106:$D$119,0),MATCH($A$2,$E$104:$BK$104,0))&" ---> "&INDEX($E$106:$BK$119,MATCH($B45,$D$106:$D$119,0),MATCH($A$1,$E$104:$BK$104,0)),"-") -> - | F45: =IFERROR(INDEX($E$123:$BO$158,MATCH($B45,$D$123:$D$158,0),MATCH($A$2,$E$121:$BO$121,0))&" ---> "&INDEX($E$123:$BO$158,MATCH($B45,$D$123:$D$158,0),MATCH($A$1,$E$121:$BO$121,0)),"-") -> 2 ---> 2 | G45: =IFERROR(INDEX($E$162:$AY$183,MATCH($B45&G$6,$A$162:$A$183,0),MATCH($A$2,$E$160:$AY$160,0))&" ---> "&INDEX($E$162:$AY$183,MATCH($B45&G$6,$A$162:$A$183,0),MATCH($A$1,$E$160:$AY$160,0)),"-") -> - | H45: =IFERROR(INDEX($E$162:$AY$183,MATCH($B45&H$6,$A$162:$A$183,0),MATCH($A$2,$E$160:$AY$160,0))&" ---> "&INDEX($E$162:$AY$183,MATCH($B45&H$6,$A$162:$A$183,0),MATCH($A$1,$E$160:$AY$160,0)),"-") -> - | I45: =IFERROR(INDEX($E$188:$BK$215,MATCH($B45&I$6,$A$188:$A$215,0),MATCH($A$2,$E$186:$BK$186,0))&" ---> "&INDEX($E$188:$BK$215,MATCH($B45&I$6,$A$188:$A$215,0),MATCH($A$1,$E$186:$BK$186,0)),"-") -> - | J45: =IFERROR(INDEX($E$188:$BK$215,MATCH($B45&J$6,$A$188:$A$215,0),MATCH($A$2,$E$186:$BK$186,0))&" ---> "&INDEX($E$188:$BK$215,MATCH($B45&J$6,$A$188:$A$215,0),MATCH($A$1,$E$186:$BK$186,0)),"-") -> - | K45: =IFERROR(INDEX($E$219:$BD$231,MATCH($B45&K$6,$A$219:$A$231,0),MATCH($A$2,$E$217:$BD$217,0))&" ---> "&INDEX($E$219:$BD$231,MATCH($B45&K$6,$A$219:$A$231,0),MATCH($A$1,$E$217:$BD$217,0)),"-") -> - | L45: =IFERROR(INDEX($E$219:$BD$231,MATCH($B45&L$6,$A$219:$A$231,0),MATCH($A$2,$E$217:$BD$217,0))&" ---> "&INDEX($E$219:$BD$231,MATCH($B45&L$6,$A$219:$A$231,0),MATCH($A$1,$E$217:$BD$217,0)),"-") -> - | M45: =IFERROR(INDEX($E$235:$AY$251,MATCH($B45,$D$235:$D$251,0),MATCH($A$2,$E$233:$AY$233,0))&" ---> "&INDEX($E$235:$AY$251,MATCH($B45,$D$234:$D$251,0),MATCH($A$1,$E$233:$AY$233,0)),"-") -> -
B46: =IFERROR(__xludf.DUMMYFUNCTION("""COMPUTED_VALUE"""),"Desodorante Ambiental") -> Desodorante Ambiental | C46: =IFERROR(INDEX($E$70:$BW$85,MATCH($B46,$D$70:$D$85,0),MATCH($A$2,$E$68:$BW$68,0))&" ---> "&INDEX($E$70:$BW$85,MATCH($B46,$D$70:$D$85,0),MATCH($A$1,$E$68:$BW$68,0)),"-") -> - | D46: =IFERROR(INDEX($E$89:$BQ$103,MATCH($B46,$D$89:$D$103,0),MATCH($A$2,$E$87:$BQ$87,0))&" ---> "&INDEX($E$89:$BQ$103,MATCH($B46,$D$89:$D$103,0),MATCH($A$1,$E$87:$BQ$87,0)),"-") -> - | E46: =IFERROR(INDEX($E$106:$BK$119,MATCH($B46,$D$106:$D$119,0),MATCH($A$2,$E$104:$BK$104,0))&" ---> "&INDEX($E$106:$BK$119,MATCH($B46,$D$106:$D$119,0),MATCH($A$1,$E$104:$BK$104,0)),"-") -> - | F46: =IFERROR(INDEX($E$123:$BO$158,MATCH($B46,$D$123:$D$158,0),MATCH($A$2,$E$121:$BO$121,0))&" ---> "&INDEX($E$123:$BO$158,MATCH($B46,$D$123:$D$158,0),MATCH($A$1,$E$121:$BO$121,0)),"-") -> 13 ---> 12 | G46: =IFERROR(INDEX($E$162:$AY$183,MATCH($B46&G$6,$A$162:$A$183,0),MATCH($A$2,$E$160:$AY$160,0))&" ---> "&INDEX($E$162:$AY$183,MATCH($B46&G$6,$A$162:$A$183,0),MATCH($A$1,$E$160:$AY$160,0)),"-") -> - | H46: =IFERROR(INDEX($E$162:$AY$183,MATCH($B46&H$6,$A$162:$A$183,0),MATCH($A$2,$E$160:$AY$160,0))&" ---> "&INDEX($E$162:$AY$183,MATCH($B46&H$6,$A$162:$A$183,0),MATCH($A$1,$E$160:$AY$160,0)),"-") -> - | I46: =IFERROR(INDEX($E$188:$BK$215,MATCH($B46&I$6,$A$188:$A$215,0),MATCH($A$2,$E$186:$BK$186,0))&" ---> "&INDEX($E$188:$BK$215,MATCH($B46&I$6,$A$188:$A$215,0),MATCH($A$1,$E$186:$BK$186,0)),"-") -> - | J46: =IFERROR(INDEX($E$188:$BK$215,MATCH($B46&J$6,$A$188:$A$215,0),MATCH($A$2,$E$186:$BK$186,0))&" ---> "&INDEX($E$188:$BK$215,MATCH($B46&J$6,$A$188:$A$215,0),MATCH($A$1,$E$186:$BK$186,0)),"-") -> - | K46: =IFERROR(INDEX($E$219:$BD$231,MATCH($B46&K$6,$A$219:$A$231,0),MATCH($A$2,$E$217:$BD$217,0))&" ---> "&INDEX($E$219:$BD$231,MATCH($B46&K$6,$A$219:$A$231,0),MATCH($A$1,$E$217:$BD$217,0)),"-") -> - | L46: =IFERROR(INDEX($E$219:$BD$231,MATCH($B46&L$6,$A$219:$A$231,0),MATCH($A$2,$E$217:$BD$217,0))&" ---> "&INDEX($E$219:$BD$231,MATCH($B46&L$6,$A$219:$A$231,0),MATCH($A$1,$E$217:$BD$217,0)),"-") -> - | M46: =IFERROR(INDEX($E$235:$AY$251,MATCH($B46,$D$235:$D$251,0),MATCH($A$2,$E$233:$AY$233,0))&" ---> "&INDEX($E$235:$AY$251,MATCH($B46,$D$234:$D$251,0),MATCH($A$1,$E$233:$AY$233,0)),"-") -> -
B47: =IFERROR(__xludf.DUMMYFUNCTION("""COMPUTED_VALUE"""),"Igenix") -> Igenix | C47: =IFERROR(INDEX($E$70:$BW$85,MATCH($B47,$D$70:$D$85,0),MATCH($A$2,$E$68:$BW$68,0))&" ---> "&INDEX($E$70:$BW$85,MATCH($B47,$D$70:$D$85,0),MATCH($A$1,$E$68:$BW$68,0)),"-") -> - | D47: =IFERROR(INDEX($E$89:$BQ$103,MATCH($B47,$D$89:$D$103,0),MATCH($A$2,$E$87:$BQ$87,0))&" ---> "&INDEX($E$89:$BQ$103,MATCH($B47,$D$89:$D$103,0),MATCH($A$1,$E$87:$BQ$87,0)),"-") -> - | E47: =IFERROR(INDEX($E$106:$BK$119,MATCH($B47,$D$106:$D$119,0),MATCH($A$2,$E$104:$BK$104,0))&" ---> "&INDEX($E$106:$BK$119,MATCH($B47,$D$106:$D$119,0),MATCH($A$1,$E$104:$BK$104,0)),"-") -> - | F47: =IFERROR(INDEX($E$123:$BO$158,MATCH($B47,$D$123:$D$158,0),MATCH($A$2,$E$121:$BO$121,0))&" ---> "&INDEX($E$123:$BO$158,MATCH($B47,$D$123:$D$158,0),MATCH($A$1,$E$121:$BO$121,0)),"-") -> 5 ---> 5 | G47: =IFERROR(INDEX($E$162:$AY$183,MATCH($B47&G$6,$A$162:$A$183,0),MATCH($A$2,$E$160:$AY$160,0))&" ---> "&INDEX($E$162:$AY$183,MATCH($B47&G$6,$A$162:$A$183,0),MATCH($A$1,$E$160:$AY$160,0)),"-") -> - | H47: =IFERROR(INDEX($E$162:$AY$183,MATCH($B47&H$6,$A$162:$A$183,0),MATCH($A$2,$E$160:$AY$160,0))&" ---> "&INDEX($E$162:$AY$183,MATCH($B47&H$6,$A$162:$A$183,0),MATCH($A$1,$E$160:$AY$160,0)),"-") -> - | I47: =IFERROR(INDEX($E$188:$BK$215,MATCH($B47&I$6,$A$188:$A$215,0),MATCH($A$2,$E$186:$BK$186,0))&" ---> "&INDEX($E$188:$BK$215,MATCH($B47&I$6,$A$188:$A$215,0),MATCH($A$1,$E$186:$BK$186,0)),"-") -> - | J47: =IFERROR(INDEX($E$188:$BK$215,MATCH($B47&J$6,$A$188:$A$215,0),MATCH($A$2,$E$186:$BK$186,0))&" ---> "&INDEX($E$188:$BK$215,MATCH($B47&J$6,$A$188:$A$215,0),MATCH($A$1,$E$186:$BK$186,0)),"-") -> - | K47: =IFERROR(INDEX($E$219:$BD$231,MATCH($B47&K$6,$A$219:$A$231,0),MATCH($A$2,$E$217:$BD$217,0))&" ---> "&INDEX($E$219:$BD$231,MATCH($B47&K$6,$A$219:$A$231,0),MATCH($A$1,$E$217:$BD$217,0)),"-") -> - | L47: =IFERROR(INDEX($E$219:$BD$231,MATCH($B47&L$6,$A$219:$A$231,0),MATCH($A$2,$E$217:$BD$217,0))&" ---> "&INDEX($E$219:$BD$231,MATCH($B47&L$6,$A$219:$A$231,0),MATCH($A$1,$E$217:$BD$217,0)),"-") -> - | M47: =IFERROR(INDEX($E$235:$AY$251,MATCH($B47,$D$235:$D$251,0),MATCH($A$2,$E$233:$AY$233,0))&" ---> "&INDEX($E$235:$AY$251,MATCH($B47,$D$234:$D$251,0),MATCH($A$1,$E$233:$AY$233,0)),"-") -> -
B48: =IFERROR(__xludf.DUMMYFUNCTION("""COMPUTED_VALUE"""),"CIF") -> CIF | C48: =IFERROR(INDEX($E$70:$BW$85,MATCH($B48,$D$70:$D$85,0),MATCH($A$2,$E$68:$BW$68,0))&" ---> "&INDEX($E$70:$BW$85,MATCH($B48,$D$70:$D$85,0),MATCH($A$1,$E$68:$BW$68,0)),"-") -> - | D48: =IFERROR(INDEX($E$89:$BQ$103,MATCH($B48,$D$89:$D$103,0),MATCH($A$2,$E$87:$BQ$87,0))&" ---> "&INDEX($E$89:$BQ$103,MATCH($B48,$D$89:$D$103,0),MATCH($A$1,$E$87:$BQ$87,0)),"-") -> - | E48: =IFERROR(INDEX($E$106:$BK$119,MATCH($B48,$D$106:$D$119,0),MATCH($A$2,$E$104:$BK$104,0))&" ---> "&INDEX($E$106:$BK$119,MATCH($B48,$D$106:$D$119,0),MATCH($A$1,$E$104:$BK$104,0)),"-") -> - | F48: =IFERROR(INDEX($E$123:$BO$158,MATCH($B48,$D$123:$D$158,0),MATCH($A$2,$E$121:$BO$121,0))&" ---> "&INDEX($E$123:$BO$158,MATCH($B48,$D$123:$D$158,0),MATCH($A$1,$E$121:$BO$121,0)),"-") -> 0 ---> 0 | G48: =IFERROR(INDEX($E$162:$AY$183,MATCH($B48&G$6,$A$162:$A$183,0),MATCH($A$2,$E$160:$AY$160,0))&" ---> "&INDEX($E$162:$AY$183,MATCH($B48&G$6,$A$162:$A$183,0),MATCH($A$1,$E$160:$AY$160,0)),"-") -> - | H48: =IFERROR(INDEX($E$162:$AY$183,MATCH($B48&H$6,$A$162:$A$183,0),MATCH($A$2,$E$160:$AY$160,0))&" ---> "&INDEX($E$162:$AY$183,MATCH($B48&H$6,$A$162:$A$183,0),MATCH($A$1,$E$160:$AY$160,0)),"-") -> - | I48: =IFERROR(INDEX($E$188:$BK$215,MATCH($B48&I$6,$A$188:$A$215,0),MATCH($A$2,$E$186:$BK$186,0))&" ---> "&INDEX($E$188:$BK$215,MATCH($B48&I$6,$A$188:$A$215,0),MATCH($A$1,$E$186:$BK$186,0)),"-") -> - | J48: =IFERROR(INDEX($E$188:$BK$215,MATCH($B48&J$6,$A$188:$A$215,0),MATCH($A$2,$E$186:$BK$186,0))&" ---> "&INDEX($E$188:$BK$215,MATCH($B48&J$6,$A$188:$A$215,0),MATCH($A$1,$E$186:$BK$186,0)),"-") -> - | K48: =IFERROR(INDEX($E$219:$BD$231,MATCH($B48&K$6,$A$219:$A$231,0),MATCH($A$2,$E$217:$BD$217,0))&" ---> "&INDEX($E$219:$BD$231,MATCH($B48&K$6,$A$219:$A$231,0),MATCH($A$1,$E$217:$BD$217,0)),"-") -> - | L48: =IFERROR(INDEX($E$219:$BD$231,MATCH($B48&L$6,$A$219:$A$231,0),MATCH($A$2,$E$217:$BD$217,0))&" ---> "&INDEX($E$219:$BD$231,MATCH($B48&L$6,$A$219:$A$231,0),MATCH($A$1,$E$217:$BD$217,0)),"-") -> - | M48: =IFERROR(INDEX($E$235:$AY$251,MATCH($B48,$D$235:$D$251,0),MATCH($A$2,$E$233:$AY$233,0))&" ---> "&INDEX($E$235:$AY$251,MATCH($B48,$D$234:$D$251,0),MATCH($A$1,$E$233:$AY$233,0)),"-") -> -
B49: =IFERROR(__xludf.DUMMYFUNCTION("""COMPUTED_VALUE"""),"Lustra Mueble") -> Lustra Mueble | C49: =IFERROR(INDEX($E$70:$BW$85,MATCH($B49,$D$70:$D$85,0),MATCH($A$2,$E$68:$BW$68,0))&" ---> "&INDEX($E$70:$BW$85,MATCH($B49,$D$70:$D$85,0),MATCH($A$1,$E$68:$BW$68,0)),"-") -> - | D49: =IFERROR(INDEX($E$89:$BQ$103,MATCH($B49,$D$89:$D$103,0),MATCH($A$2,$E$87:$BQ$87,0))&" ---> "&INDEX($E$89:$BQ$103,MATCH($B49,$D$89:$D$103,0),MATCH($A$1,$E$87:$BQ$87,0)),"-") -> - | E49: =IFERROR(INDEX($E$106:$BK$119,MATCH($B49,$D$106:$D$119,0),MATCH($A$2,$E$104:$BK$104,0))&" ---> "&INDEX($E$106:$BK$119,MATCH($B49,$D$106:$D$119,0),MATCH($A$1,$E$104:$BK$104,0)),"-") -> - | F49: =IFERROR(INDEX($E$123:$BO$158,MATCH($B49,$D$123:$D$158,0),MATCH($A$2,$E$121:$BO$121,0))&" ---> "&INDEX($E$123:$BO$158,MATCH($B49,$D$123:$D$158,0),MATCH($A$1,$E$121:$BO$121,0)),"-") -> 6 ---> 6 | G49: =IFERROR(INDEX($E$162:$AY$183,MATCH($B49&G$6,$A$162:$A$183,0),MATCH($A$2,$E$160:$AY$160,0))&" ---> "&INDEX($E$162:$AY$183,MATCH($B49&G$6,$A$162:$A$183,0),MATCH($A$1,$E$160:$AY$160,0)),"-") -> - | H49: =IFERROR(INDEX($E$162:$AY$183,MATCH($B49&H$6,$A$162:$A$183,0),MATCH($A$2,$E$160:$AY$160,0))&" ---> "&INDEX($E$162:$AY$183,MATCH($B49&H$6,$A$162:$A$183,0),MATCH($A$1,$E$160:$AY$160,0)),"-") -> - | I49: =IFERROR(INDEX($E$188:$BK$215,MATCH($B49&I$6,$A$188:$A$215,0),MATCH($A$2,$E$186:$BK$186,0))&" ---> "&INDEX($E$188:$BK$215,MATCH($B49&I$6,$A$188:$A$215,0),MATCH($A$1,$E$186:$BK$186,0)),"-") -> - | J49: =IFERROR(INDEX($E$188:$BK$215,MATCH($B49&J$6,$A$188:$A$215,0),MATCH($A$2,$E$186:$BK$186,0))&" ---> "&INDEX($E$188:$BK$215,MATCH($B49&J$6,$A$188:$A$215,0),MATCH($A$1,$E$186:$BK$186,0)),"-") -> - | K49: =IFERROR(INDEX($E$219:$BD$231,MATCH($B49&K$6,$A$219:$A$231,0),MATCH($A$2,$E$217:$BD$217,0))&" ---> "&INDEX($E$219:$BD$231,MATCH($B49&K$6,$A$219:$A$231,0),MATCH($A$1,$E$217:$BD$217,0)),"-") -> - | L49: =IFERROR(INDEX($E$219:$BD$231,MATCH($B49&L$6,$A$219:$A$231,0),MATCH($A$2,$E$217:$BD$217,0))&" ---> "&INDEX($E$219:$BD$231,MATCH($B49&L$6,$A$219:$A$231,0),MATCH($A$1,$E$217:$BD$217,0)),"-") -> - | M49: =IFERROR(INDEX($E$235:$AY$251,MATCH($B49,$D$235:$D$251,0),MATCH($A$2,$E$233:$AY$233,0))&" ---> "&INDEX($E$235:$AY$251,MATCH($B49,$D$234:$D$251,0),MATCH($A$1,$E$233:$AY$233,0)),"-") -> -
B50: =IFERROR(__xludf.DUMMYFUNCTION("""COMPUTED_VALUE"""),"Guantes Multiuso") -> Guantes Multiuso | C50: =IFERROR(INDEX($E$70:$BW$85,MATCH($B50,$D$70:$D$85,0),MATCH($A$2,$E$68:$BW$68,0))&" ---> "&INDEX($E$70:$BW$85,MATCH($B50,$D$70:$D$85,0),MATCH($A$1,$E$68:$BW$68,0)),"-") -> - | D50: =IFERROR(INDEX($E$89:$BQ$103,MATCH($B50,$D$89:$D$103,0),MATCH($A$2,$E$87:$BQ$87,0))&" ---> "&INDEX($E$89:$BQ$103,MATCH($B50,$D$89:$D$103,0),MATCH($A$1,$E$87:$BQ$87,0)),"-") -> - | E50: =IFERROR(INDEX($E$106:$BK$119,MATCH($B50,$D$106:$D$119,0),MATCH($A$2,$E$104:$BK$104,0))&" ---> "&INDEX($E$106:$BK$119,MATCH($B50,$D$106:$D$119,0),MATCH($A$1,$E$104:$BK$104,0)),"-") -> - | F50: =IFERROR(INDEX($E$123:$BO$158,MATCH($B50,$D$123:$D$158,0),MATCH($A$2,$E$121:$BO$121,0))&" ---> "&INDEX($E$123:$BO$158,MATCH($B50,$D$123:$D$158,0),MATCH($A$1,$E$121:$BO$121,0)),"-") -> 4 ---> 4 | G50: =IFERROR(INDEX($E$162:$AY$183,MATCH($B50&G$6,$A$162:$A$183,0),MATCH($A$2,$E$160:$AY$160,0))&" ---> "&INDEX($E$162:$AY$183,MATCH($B50&G$6,$A$162:$A$183,0),MATCH($A$1,$E$160:$AY$160,0)),"-") -> - | H50: =IFERROR(INDEX($E$162:$AY$183,MATCH($B50&H$6,$A$162:$A$183,0),MATCH($A$2,$E$160:$AY$160,0))&" ---> "&INDEX($E$162:$AY$183,MATCH($B50&H$6,$A$162:$A$183,0),MATCH($A$1,$E$160:$AY$160,0)),"-") -> - | I50: =IFERROR(INDEX($E$188:$BK$215,MATCH($B50&I$6,$A$188:$A$215,0),MATCH($A$2,$E$186:$BK$186,0))&" ---> "&INDEX($E$188:$BK$215,MATCH($B50&I$6,$A$188:$A$215,0),MATCH($A$1,$E$186:$BK$186,0)),"-") -> - | J50: =IFERROR(INDEX($E$188:$BK$215,MATCH($B50&J$6,$A$188:$A$215,0),MATCH($A$2,$E$186:$BK$186,0))&" ---> "&INDEX($E$188:$BK$215,MATCH($B50&J$6,$A$188:$A$215,0),MATCH($A$1,$E$186:$BK$186,0)),"-") -> - | K50: =IFERROR(INDEX($E$219:$BD$231,MATCH($B50&K$6,$A$219:$A$231,0),MATCH($A$2,$E$217:$BD$217,0))&" ---> "&INDEX($E$219:$BD$231,MATCH($B50&K$6,$A$219:$A$231,0),MATCH($A$1,$E$217:$BD$217,0)),"-") -> - | L50: =IFERROR(INDEX($E$219:$BD$231,MATCH($B50&L$6,$A$219:$A$231,0),MATCH($A$2,$E$217:$BD$217,0))&" ---> "&INDEX($E$219:$BD$231,MATCH($B50&L$6,$A$219:$A$231,0),MATCH($A$1,$E$217:$BD$217,0)),"-") -> - | M50: =IFERROR(INDEX($E$235:$AY$251,MATCH($B50,$D$235:$D$251,0),MATCH($A$2,$E$233:$AY$233,0))&" ---> "&INDEX($E$235:$AY$251,MATCH($B50,$D$234:$D$251,0),MATCH($A$1,$E$233:$AY$233,0)),"-") -> -
B51: =IFERROR(__xludf.DUMMYFUNCTION("""COMPUTED_VALUE"""),"Paños Multiuso Azul") -> Paños Multiuso Azul | C51: =IFERROR(INDEX($E$70:$BW$85,MATCH($B51,$D$70:$D$85,0),MATCH($A$2,$E$68:$BW$68,0))&" ---> "&INDEX($E$70:$BW$85,MATCH($B51,$D$70:$D$85,0),MATCH($A$1,$E$68:$BW$68,0)),"-") -> - | D51: =IFERROR(INDEX($E$89:$BQ$103,MATCH($B51,$D$89:$D$103,0),MATCH($A$2,$E$87:$BQ$87,0))&" ---> "&INDEX($E$89:$BQ$103,MATCH($B51,$D$89:$D$103,0),MATCH($A$1,$E$87:$BQ$87,0)),"-") -> - | E51: =IFERROR(INDEX($E$106:$BK$119,MATCH($B51,$D$106:$D$119,0),MATCH($A$2,$E$104:$BK$104,0))&" ---> "&INDEX($E$106:$BK$119,MATCH($B51,$D$106:$D$119,0),MATCH($A$1,$E$104:$BK$104,0)),"-") -> - | F51: =IFERROR(INDEX($E$123:$BO$158,MATCH($B51,$D$123:$D$158,0),MATCH($A$2,$E$121:$BO$121,0))&" ---> "&INDEX($E$123:$BO$158,MATCH($B51,$D$123:$D$158,0),MATCH($A$1,$E$121:$BO$121,0)),"-") -> 4 ---> 4 | G51: =IFERROR(INDEX($E$162:$AY$183,MATCH($B51&G$6,$A$162:$A$183,0),MATCH($A$2,$E$160:$AY$160,0))&" ---> "&INDEX($E$162:$AY$183,MATCH($B51&G$6,$A$162:$A$183,0),MATCH($A$1,$E$160:$AY$160,0)),"-") -> - | H51: =IFERROR(INDEX($E$162:$AY$183,MATCH($B51&H$6,$A$162:$A$183,0),MATCH($A$2,$E$160:$AY$160,0))&" ---> "&INDEX($E$162:$AY$183,MATCH($B51&H$6,$A$162:$A$183,0),MATCH($A$1,$E$160:$AY$160,0)),"-") -> - | I51: =IFERROR(INDEX($E$188:$BK$215,MATCH($B51&I$6,$A$188:$A$215,0),MATCH($A$2,$E$186:$BK$186,0))&" ---> "&INDEX($E$188:$BK$215,MATCH($B51&I$6,$A$188:$A$215,0),MATCH($A$1,$E$186:$BK$186,0)),"-") -> - | J51: =IFERROR(INDEX($E$188:$BK$215,MATCH($B51&J$6,$A$188:$A$215,0),MATCH($A$2,$E$186:$BK$186,0))&" ---> "&INDEX($E$188:$BK$215,MATCH($B51&J$6,$A$188:$A$215,0),MATCH($A$1,$E$186:$BK$186,0)),"-") -> - | K51: =IFERROR(INDEX($E$219:$BD$231,MATCH($B51&K$6,$A$219:$A$231,0),MATCH($A$2,$E$217:$BD$217,0))&" ---> "&INDEX($E$219:$BD$231,MATCH($B51&K$6,$A$219:$A$231,0),MATCH($A$1,$E$217:$BD$217,0)),"-") -> - | L51: =IFERROR(INDEX($E$219:$BD$231,MATCH($B51&L$6,$A$219:$A$231,0),MATCH($A$2,$E$217:$BD$217,0))&" ---> "&INDEX($E$219:$BD$231,MATCH($B51&L$6,$A$219:$A$231,0),MATCH($A$1,$E$217:$BD$217,0)),"-") -> - | M51: =IFERROR(INDEX($E$235:$AY$251,MATCH($B51,$D$235:$D$251,0),MATCH($A$2,$E$233:$AY$233,0))&" ---> "&INDEX($E$235:$AY$251,MATCH($B51,$D$234:$D$251,0),MATCH($A$1,$E$233:$AY$233,0)),"-") -> -
B52: =IFERROR(__xludf.DUMMYFUNCTION("""COMPUTED_VALUE"""),"Paños Multiuso Verde") -> Paños Multiuso Verde | C52: =IFERROR(INDEX($E$70:$BW$85,MATCH($B52,$D$70:$D$85,0),MATCH($A$2,$E$68:$BW$68,0))&" ---> "&INDEX($E$70:$BW$85,MATCH($B52,$D$70:$D$85,0),MATCH($A$1,$E$68:$BW$68,0)),"-") -> - | D52: =IFERROR(INDEX($E$89:$BQ$103,MATCH($B52,$D$89:$D$103,0),MATCH($A$2,$E$87:$BQ$87,0))&" ---> "&INDEX($E$89:$BQ$103,MATCH($B52,$D$89:$D$103,0),MATCH($A$1,$E$87:$BQ$87,0)),"-") -> - | E52: =IFERROR(INDEX($E$106:$BK$119,MATCH($B52,$D$106:$D$119,0),MATCH($A$2,$E$104:$BK$104,0))&" ---> "&INDEX($E$106:$BK$119,MATCH($B52,$D$106:$D$119,0),MATCH($A$1,$E$104:$BK$104,0)),"-") -> - | F52: =IFERROR(INDEX($E$123:$BO$158,MATCH($B52,$D$123:$D$158,0),MATCH($A$2,$E$121:$BO$121,0))&" ---> "&INDEX($E$123:$BO$158,MATCH($B52,$D$123:$D$158,0),MATCH($A$1,$E$121:$BO$121,0)),"-") -> 2 ---> 2 | G52: =IFERROR(INDEX($E$162:$AY$183,MATCH($B52&G$6,$A$162:$A$183,0),MATCH($A$2,$E$160:$AY$160,0))&" ---> "&INDEX($E$162:$AY$183,MATCH($B52&G$6,$A$162:$A$183,0),MATCH($A$1,$E$160:$AY$160,0)),"-") -> - | H52: =IFERROR(INDEX($E$162:$AY$183,MATCH($B52&H$6,$A$162:$A$183,0),MATCH($A$2,$E$160:$AY$160,0))&" ---> "&INDEX($E$162:$AY$183,MATCH($B52&H$6,$A$162:$A$183,0),MATCH($A$1,$E$160:$AY$160,0)),"-") -> - | I52: =IFERROR(INDEX($E$188:$BK$215,MATCH($B52&I$6,$A$188:$A$215,0),MATCH($A$2,$E$186:$BK$186,0))&" ---> "&INDEX($E$188:$BK$215,MATCH($B52&I$6,$A$188:$A$215,0),MATCH($A$1,$E$186:$BK$186,0)),"-") -> - | J52: =IFERROR(INDEX($E$188:$BK$215,MATCH($B52&J$6,$A$188:$A$215,0),MATCH($A$2,$E$186:$BK$186,0))&" ---> "&INDEX($E$188:$BK$215,MATCH($B52&J$6,$A$188:$A$215,0),MATCH($A$1,$E$186:$BK$186,0)),"-") -> - | K52: =IFERROR(INDEX($E$219:$BD$231,MATCH($B52&K$6,$A$219:$A$231,0),MATCH($A$2,$E$217:$BD$217,0))&" ---> "&INDEX($E$219:$BD$231,MATCH($B52&K$6,$A$219:$A$231,0),MATCH($A$1,$E$217:$BD$217,0)),"-") -> - | L52: =IFERROR(INDEX($E$219:$BD$231,MATCH($B52&L$6,$A$219:$A$231,0),MATCH($A$2,$E$217:$BD$217,0))&" ---> "&INDEX($E$219:$BD$231,MATCH($B52&L$6,$A$219:$A$231,0),MATCH($A$1,$E$217:$BD$217,0)),"-") -> - | M52: =IFERROR(INDEX($E$235:$AY$251,MATCH($B52,$D$235:$D$251,0),MATCH($A$2,$E$233:$AY$233,0))&" ---> "&INDEX($E$235:$AY$251,MATCH($B52,$D$234:$D$251,0),MATCH($A$1,$E$233:$AY$233,0)),"-") -> -
B53: =IFERROR(__xludf.DUMMYFUNCTION("""COMPUTED_VALUE"""),"Paños Multiuso Amarillo") -> Paños Multiuso Amarillo | C53: =IFERROR(INDEX($E$70:$BW$85,MATCH($B53,$D$70:$D$85,0),MATCH($A$2,$E$68:$BW$68,0))&" ---> "&INDEX($E$70:$BW$85,MATCH($B53,$D$70:$D$85,0),MATCH($A$1,$E$68:$BW$68,0)),"-") -> - | D53: =IFERROR(INDEX($E$89:$BQ$103,MATCH($B53,$D$89:$D$103,0),MATCH($A$2,$E$87:$BQ$87,0))&" ---> "&INDEX($E$89:$BQ$103,MATCH($B53,$D$89:$D$103,0),MATCH($A$1,$E$87:$BQ$87,0)),"-") -> - | E53: =IFERROR(INDEX($E$106:$BK$119,MATCH($B53,$D$106:$D$119,0),MATCH($A$2,$E$104:$BK$104,0))&" ---> "&INDEX($E$106:$BK$119,MATCH($B53,$D$106:$D$119,0),MATCH($A$1,$E$104:$BK$104,0)),"-") -> - | F53: =IFERROR(INDEX($E$123:$BO$158,MATCH($B53,$D$123:$D$158,0),MATCH($A$2,$E$121:$BO$121,0))&" ---> "&INDEX($E$123:$BO$158,MATCH($B53,$D$123:$D$158,0),MATCH($A$1,$E$121:$BO$121,0)),"-") -> 3 ---> 3 | G53: =IFERROR(INDEX($E$162:$AY$183,MATCH($B53&G$6,$A$162:$A$183,0),MATCH($A$2,$E$160:$AY$160,0))&" ---> "&INDEX($E$162:$AY$183,MATCH($B53&G$6,$A$162:$A$183,0),MATCH($A$1,$E$160:$AY$160,0)),"-") -> - | H53: =IFERROR(INDEX($E$162:$AY$183,MATCH($B53&H$6,$A$162:$A$183,0),MATCH($A$2,$E$160:$AY$160,0))&" ---> "&INDEX($E$162:$AY$183,MATCH($B53&H$6,$A$162:$A$183,0),MATCH($A$1,$E$160:$AY$160,0)),"-") -> - | I53: =IFERROR(INDEX($E$188:$BK$215,MATCH($B53&I$6,$A$188:$A$215,0),MATCH($A$2,$E$186:$BK$186,0))&" ---> "&INDEX($E$188:$BK$215,MATCH($B53&I$6,$A$188:$A$215,0),MATCH($A$1,$E$186:$BK$186,0)),"-") -> - | J53: =IFERROR(INDEX($E$188:$BK$215,MATCH($B53&J$6,$A$188:$A$215,0),MATCH($A$2,$E$186:$BK$186,0))&" ---> "&INDEX($E$188:$BK$215,MATCH($B53&J$6,$A$188:$A$215,0),MATCH($A$1,$E$186:$BK$186,0)),"-") -> - | K53: =IFERROR(INDEX($E$219:$BD$231,MATCH($B53&K$6,$A$219:$A$231,0),MATCH($A$2,$E$217:$BD$217,0))&" ---> "&INDEX($E$219:$BD$231,MATCH($B53&K$6,$A$219:$A$231,0),MATCH($A$1,$E$217:$BD$217,0)),"-") -> - | L53: =IFERROR(INDEX($E$219:$BD$231,MATCH($B53&L$6,$A$219:$A$231,0),MATCH($A$2,$E$217:$BD$217,0))&" ---> "&INDEX($E$219:$BD$231,MATCH($B53&L$6,$A$219:$A$231,0),MATCH($A$1,$E$217:$BD$217,0)),"-") -> - | M53: =IFERROR(INDEX($E$235:$AY$251,MATCH($B53,$D$235:$D$251,0),MATCH($A$2,$E$233:$AY$233,0))&" ---> "&INDEX($E$235:$AY$251,MATCH($B53,$D$234:$D$251,0),MATCH($A$1,$E$233:$AY$233,0)),"-") -> -
B54: =IFERROR(__xludf.DUMMYFUNCTION("""COMPUTED_VALUE"""),"Leche Líquida") -> Leche Líquida | C54: =IFERROR(INDEX($E$70:$BW$85,MATCH($B54,$D$70:$D$85,0),MATCH($A$2,$E$68:$BW$68,0))&" ---> "&INDEX($E$70:$BW$85,MATCH($B54,$D$70:$D$85,0),MATCH($A$1,$E$68:$BW$68,0)),"-") -> - | D54: =IFERROR(INDEX($E$89:$BQ$103,MATCH($B54,$D$89:$D$103,0),MATCH($A$2,$E$87:$BQ$87,0))&" ---> "&INDEX($E$89:$BQ$103,MATCH($B54,$D$89:$D$103,0),MATCH($A$1,$E$87:$BQ$87,0)),"-") -> - | E54: =IFERROR(INDEX($E$106:$BK$119,MATCH($B54,$D$106:$D$119,0),MATCH($A$2,$E$104:$BK$104,0))&" ---> "&INDEX($E$106:$BK$119,MATCH($B54,$D$106:$D$119,0),MATCH($A$1,$E$104:$BK$104,0)),"-") -> - | F54: =IFERROR(INDEX($E$123:$BO$158,MATCH($B54,$D$123:$D$158,0),MATCH($A$2,$E$121:$BO$121,0))&" ---> "&INDEX($E$123:$BO$158,MATCH($B54,$D$123:$D$158,0),MATCH($A$1,$E$121:$BO$121,0)),"-") -> - | G54: =IFERROR(INDEX($E$162:$AY$183,MATCH($B54&G$6,$A$162:$A$183,0),MATCH($A$2,$E$160:$AY$160,0))&" ---> "&INDEX($E$162:$AY$183,MATCH($B54&G$6,$A$162:$A$183,0),MATCH($A$1,$E$160:$AY$160,0)),"-") -> - | H54: =IFERROR(INDEX($E$162:$AY$183,MATCH($B54&H$6,$A$162:$A$183,0),MATCH($A$2,$E$160:$AY$160,0))&" ---> "&INDEX($E$162:$AY$183,MATCH($B54&H$6,$A$162:$A$183,0),MATCH($A$1,$E$160:$AY$160,0)),"-") -> - | I54: =IFERROR(INDEX($E$188:$BK$215,MATCH($B54&I$6,$A$188:$A$215,0),MATCH($A$2,$E$186:$BK$186,0))&" ---> "&INDEX($E$188:$BK$215,MATCH($B54&I$6,$A$188:$A$215,0),MATCH($A$1,$E$186:$BK$186,0)),"-") -> - | J54: =IFERROR(INDEX($E$188:$BK$215,MATCH($B54&J$6,$A$188:$A$215,0),MATCH($A$2,$E$186:$BK$186,0))&" ---> "&INDEX($E$188:$BK$215,MATCH($B54&J$6,$A$188:$A$215,0),MATCH($A$1,$E$186:$BK$186,0)),"-") -> - | K54: =IFERROR(INDEX($E$219:$BD$231,MATCH($B54&K$6,$A$219:$A$231,0),MATCH($A$2,$E$217:$BD$217,0))&" ---> "&INDEX($E$219:$BD$231,MATCH($B54&K$6,$A$219:$A$231,0),MATCH($A$1,$E$217:$BD$217,0)),"-") -> - | L54: =IFERROR(INDEX($E$219:$BD$231,MATCH($B54&L$6,$A$219:$A$231,0),MATCH($A$2,$E$217:$BD$217,0))&" ---> "&INDEX($E$219:$BD$231,MATCH($B54&L$6,$A$219:$A$231,0),MATCH($A$1,$E$217:$BD$217,0)),"-") -> - | M54: =IFERROR(INDEX($E$235:$AY$251,MATCH($B54,$D$235:$D$251,0),MATCH($A$2,$E$233:$AY$233,0))&" ---> "&INDEX($E$235:$AY$251,MATCH($B54,$D$234:$D$251,0),MATCH($A$1,$E$233:$AY$233,0)),"-") -> -
B55: =IFERROR(__xludf.DUMMYFUNCTION("""COMPUTED_VALUE"""),"Endulzante") -> Endulzante | C55: =IFERROR(INDEX($E$70:$BW$85,MATCH($B55,$D$70:$D$85,0),MATCH($A$2,$E$68:$BW$68,0))&" ---> "&INDEX($E$70:$BW$85,MATCH($B55,$D$70:$D$85,0),MATCH($A$1,$E$68:$BW$68,0)),"-") -> - | D55: =IFERROR(INDEX($E$89:$BQ$103,MATCH($B55,$D$89:$D$103,0),MATCH($A$2,$E$87:$BQ$87,0))&" ---> "&INDEX($E$89:$BQ$103,MATCH($B55,$D$89:$D$103,0),MATCH($A$1,$E$87:$BQ$87,0)),"-") -> - | E55: =IFERROR(INDEX($E$106:$BK$119,MATCH($B55,$D$106:$D$119,0),MATCH($A$2,$E$104:$BK$104,0))&" ---> "&INDEX($E$106:$BK$119,MATCH($B55,$D$106:$D$119,0),MATCH($A$1,$E$104:$BK$104,0)),"-") -> - | F55: =IFERROR(INDEX($E$123:$BO$158,MATCH($B55,$D$123:$D$158,0),MATCH($A$2,$E$121:$BO$121,0))&" ---> "&INDEX($E$123:$BO$158,MATCH($B55,$D$123:$D$158,0),MATCH($A$1,$E$121:$BO$121,0)),"-") -> - | G55: =IFERROR(INDEX($E$162:$AY$183,MATCH($B55&G$6,$A$162:$A$183,0),MATCH($A$2,$E$160:$AY$160,0))&" ---> "&INDEX($E$162:$AY$183,MATCH($B55&G$6,$A$162:$A$183,0),MATCH($A$1,$E$160:$AY$160,0)),"-") -> - | H55: =IFERROR(INDEX($E$162:$AY$183,MATCH($B55&H$6,$A$162:$A$183,0),MATCH($A$2,$E$160:$AY$160,0))&" ---> "&INDEX($E$162:$AY$183,MATCH($B55&H$6,$A$162:$A$183,0),MATCH($A$1,$E$160:$AY$160,0)),"-") -> - | I55: =IFERROR(INDEX($E$188:$BK$215,MATCH($B55&I$6,$A$188:$A$215,0),MATCH($A$2,$E$186:$BK$186,0))&" ---> "&INDEX($E$188:$BK$215,MATCH($B55&I$6,$A$188:$A$215,0),MATCH($A$1,$E$186:$BK$186,0)),"-") -> - | J55: =IFERROR(INDEX($E$188:$BK$215,MATCH($B55&J$6,$A$188:$A$215,0),MATCH($A$2,$E$186:$BK$186,0))&" ---> "&INDEX($E$188:$BK$215,MATCH($B55&J$6,$A$188:$A$215,0),MATCH($A$1,$E$186:$BK$186,0)),"-") -> 3 ---> 3 | K55: =IFERROR(INDEX($E$219:$BD$231,MATCH($B55&K$6,$A$219:$A$231,0),MATCH($A$2,$E$217:$BD$217,0))&" ---> "&INDEX($E$219:$BD$231,MATCH($B55&K$6,$A$219:$A$231,0),MATCH($A$1,$E$217:$BD$217,0)),"-") -> - | L55: =IFERROR(INDEX($E$219:$BD$231,MATCH($B55&L$6,$A$219:$A$231,0),MATCH($A$2,$E$217:$BD$217,0))&" ---> "&INDEX($E$219:$BD$231,MATCH($B55&L$6,$A$219:$A$231,0),MATCH($A$1,$E$217:$BD$217,0)),"-") -> - | M55: =IFERROR(INDEX($E$235:$AY$251,MATCH($B55,$D$235:$D$251,0),MATCH($A$2,$E$233:$AY$233,0))&" ---> "&INDEX($E$235:$AY$251,MATCH($B55,$D$234:$D$251,0),MATCH($A$1,$E$233:$AY$233,0)),"-") -> -
B56: =IFERROR(__xludf.DUMMYFUNCTION("""COMPUTED_VALUE"""),"Limpia piso") -> Limpia piso | C56: =IFERROR(INDEX($E$70:$BW$85,MATCH($B56,$D$70:$D$85,0),MATCH($A$2,$E$68:$BW$68,0))&" ---> "&INDEX($E$70:$BW$85,MATCH($B56,$D$70:$D$85,0),MATCH($A$1,$E$68:$BW$68,0)),"-") -> - | D56: =IFERROR(INDEX($E$89:$BQ$103,MATCH($B56,$D$89:$D$103,0),MATCH($A$2,$E$87:$BQ$87,0))&" ---> "&INDEX($E$89:$BQ$103,MATCH($B56,$D$89:$D$103,0),MATCH($A$1,$E$87:$BQ$87,0)),"-") -> - | E56: =IFERROR(INDEX($E$106:$BK$119,MATCH($B56,$D$106:$D$119,0),MATCH($A$2,$E$104:$BK$104,0))&" ---> "&INDEX($E$106:$BK$119,MATCH($B56,$D$106:$D$119,0),MATCH($A$1,$E$104:$BK$104,0)),"-") -> - | F56: =IFERROR(INDEX($E$123:$BO$158,MATCH($B56,$D$123:$D$158,0),MATCH($A$2,$E$121:$BO$121,0))&" ---> "&INDEX($E$123:$BO$158,MATCH($B56,$D$123:$D$158,0),MATCH($A$1,$E$121:$BO$121,0)),"-") -> 4 ---> 4 | G56: =IFERROR(INDEX($E$162:$AY$183,MATCH($B56&G$6,$A$162:$A$183,0),MATCH($A$2,$E$160:$AY$160,0))&" ---> "&INDEX($E$162:$AY$183,MATCH($B56&G$6,$A$162:$A$183,0),MATCH($A$1,$E$160:$AY$160,0)),"-") -> - | H56: =IFERROR(INDEX($E$162:$AY$183,MATCH($B56&H$6,$A$162:$A$183,0),MATCH($A$2,$E$160:$AY$160,0))&" ---> "&INDEX($E$162:$AY$183,MATCH($B56&H$6,$A$162:$A$183,0),MATCH($A$1,$E$160:$AY$160,0)),"-") -> - | I56: =IFERROR(INDEX($E$188:$BK$215,MATCH($B56&I$6,$A$188:$A$215,0),MATCH($A$2,$E$186:$BK$186,0))&" ---> "&INDEX($E$188:$BK$215,MATCH($B56&I$6,$A$188:$A$215,0),MATCH($A$1,$E$186:$BK$186,0)),"-") -> 1 ---> 1 | J56: =IFERROR(INDEX($E$188:$BK$215,MATCH($B56&J$6,$A$188:$A$215,0),MATCH($A$2,$E$186:$BK$186,0))&" ---> "&INDEX($E$188:$BK$215,MATCH($B56&J$6,$A$188:$A$215,0),MATCH($A$1,$E$186:$BK$186,0)),"-") -> 7 ---> 7 | K56: =IFERROR(INDEX($E$219:$BD$231,MATCH($B56&K$6,$A$219:$A$231,0),MATCH($A$2,$E$217:$BD$217,0))&" ---> "&INDEX($E$219:$BD$231,MATCH($B56&K$6,$A$219:$A$231,0),MATCH($A$1,$E$217:$BD$217,0)),"-") -> - | L56: =IFERROR(INDEX($E$219:$BD$231,MATCH($B56&L$6,$A$219:$A$231,0),MATCH($A$2,$E$217:$BD$217,0))&" ---> "&INDEX($E$219:$BD$231,MATCH($B56&L$6,$A$219:$A$231,0),MATCH($A$1,$E$217:$BD$217,0)),"-") -> - | M56: =IFERROR(INDEX($E$235:$AY$251,MATCH($B56,$D$235:$D$251,0),MATCH($A$2,$E$233:$AY$233,0))&" ---> "&INDEX($E$235:$AY$251,MATCH($B56,$D$234:$D$251,0),MATCH($A$1,$E$233:$AY$233,0)),"-") -> -
B57: =IFERROR(__xludf.DUMMYFUNCTION("""COMPUTED_VALUE"""),"Azucar (caja)") -> Azucar (caja) | C57: =IFERROR(INDEX($E$70:$BW$85,MATCH($B57,$D$70:$D$85,0),MATCH($A$2,$E$68:$BW$68,0))&" ---> "&INDEX($E$70:$BW$85,MATCH($B57,$D$70:$D$85,0),MATCH($A$1,$E$68:$BW$68,0)),"-") -> - | D57: =IFERROR(INDEX($E$89:$BQ$103,MATCH($B57,$D$89:$D$103,0),MATCH($A$2,$E$87:$BQ$87,0))&" ---> "&INDEX($E$89:$BQ$103,MATCH($B57,$D$89:$D$103,0),MATCH($A$1,$E$87:$BQ$87,0)),"-") -> - | E57: =IFERROR(INDEX($E$106:$BK$119,MATCH($B57,$D$106:$D$119,0),MATCH($A$2,$E$104:$BK$104,0))&" ---> "&INDEX($E$106:$BK$119,MATCH($B57,$D$106:$D$119,0),MATCH($A$1,$E$104:$BK$104,0)),"-") -> - | F57: =IFERROR(INDEX($E$123:$BO$158,MATCH($B57,$D$123:$D$158,0),MATCH($A$2,$E$121:$BO$121,0))&" ---> "&INDEX($E$123:$BO$158,MATCH($B57,$D$123:$D$158,0),MATCH($A$1,$E$121:$BO$121,0)),"-") -> - | G57: =IFERROR(INDEX($E$162:$AY$183,MATCH($B57&G$6,$A$162:$A$183,0),MATCH($A$2,$E$160:$AY$160,0))&" ---> "&INDEX($E$162:$AY$183,MATCH($B57&G$6,$A$162:$A$183,0),MATCH($A$1,$E$160:$AY$160,0)),"-") -> - | H57: =IFERROR(INDEX($E$162:$AY$183,MATCH($B57&H$6,$A$162:$A$183,0),MATCH($A$2,$E$160:$AY$160,0))&" ---> "&INDEX($E$162:$AY$183,MATCH($B57&H$6,$A$162:$A$183,0),MATCH($A$1,$E$160:$AY$160,0)),"-") -> - | I57: =IFERROR(INDEX($E$188:$BK$215,MATCH($B57&I$6,$A$188:$A$215,0),MATCH($A$2,$E$186:$BK$186,0))&" ---> "&INDEX($E$188:$BK$215,MATCH($B57&I$6,$A$188:$A$215,0),MATCH($A$1,$E$186:$BK$186,0)),"-") -> - | J57: =IFERROR(INDEX($E$188:$BK$215,MATCH($B57&J$6,$A$188:$A$215,0),MATCH($A$2,$E$186:$BK$186,0))&" ---> "&INDEX($E$188:$BK$215,MATCH($B57&J$6,$A$188:$A$215,0),MATCH($A$1,$E$186:$BK$186,0)),"-") -> - | K57: =IFERROR(INDEX($E$219:$BD$231,MATCH($B57&K$6,$A$219:$A$231,0),MATCH($A$2,$E$217:$BD$217,0))&" ---> "&INDEX($E$219:$BD$231,MATCH($B57&K$6,$A$219:$A$231,0),MATCH($A$1,$E$217:$BD$217,0)),"-") -> 1 ---> 1 | L57: =IFERROR(INDEX($E$219:$BD$231,MATCH($B57&L$6,$A$219:$A$231,0),MATCH($A$2,$E$217:$BD$217,0))&" ---> "&INDEX($E$219:$BD$231,MATCH($B57&L$6,$A$219:$A$231,0),MATCH($A$1,$E$217:$BD$217,0)),"-") -> - | M57: =IFERROR(INDEX($E$235:$AY$251,MATCH($B57,$D$235:$D$251,0),MATCH($A$2,$E$233:$AY$233,0))&" ---> "&INDEX($E$235:$AY$251,MATCH($B57,$D$234:$D$251,0),MATCH($A$1,$E$233:$AY$233,0)),"-") -> -
B58: =IFERROR(__xludf.DUMMYFUNCTION("""COMPUTED_VALUE"""),"Bolsas Basura") -> Bolsas Basura | C58: =IFERROR(INDEX($E$70:$BW$85,MATCH($B58,$D$70:$D$85,0),MATCH($A$2,$E$68:$BW$68,0))&" ---> "&INDEX($E$70:$BW$85,MATCH($B58,$D$70:$D$85,0),MATCH($A$1,$E$68:$BW$68,0)),"-") -> - | D58: =IFERROR(INDEX($E$89:$BQ$103,MATCH($B58,$D$89:$D$103,0),MATCH($A$2,$E$87:$BQ$87,0))&" ---> "&INDEX($E$89:$BQ$103,MATCH($B58,$D$89:$D$103,0),MATCH($A$1,$E$87:$BQ$87,0)),"-") -> - | E58: =IFERROR(INDEX($E$106:$BK$119,MATCH($B58,$D$106:$D$119,0),MATCH($A$2,$E$104:$BK$104,0))&" ---> "&INDEX($E$106:$BK$119,MATCH($B58,$D$106:$D$119,0),MATCH($A$1,$E$104:$BK$104,0)),"-") -> - | F58: =IFERROR(INDEX($E$123:$BO$158,MATCH($B58,$D$123:$D$158,0),MATCH($A$2,$E$121:$BO$121,0))&" ---> "&INDEX($E$123:$BO$158,MATCH($B58,$D$123:$D$158,0),MATCH($A$1,$E$121:$BO$121,0)),"-") -> - | G58: =IFERROR(INDEX($E$162:$AY$183,MATCH($B58&G$6,$A$162:$A$183,0),MATCH($A$2,$E$160:$AY$160,0))&" ---> "&INDEX($E$162:$AY$183,MATCH($B58&G$6,$A$162:$A$183,0),MATCH($A$1,$E$160:$AY$160,0)),"-") -> - | H58: =IFERROR(INDEX($E$162:$AY$183,MATCH($B58&H$6,$A$162:$A$183,0),MATCH($A$2,$E$160:$AY$160,0))&" ---> "&INDEX($E$162:$AY$183,MATCH($B58&H$6,$A$162:$A$183,0),MATCH($A$1,$E$160:$AY$160,0)),"-") -> - | I58: =IFERROR(INDEX($E$188:$BK$215,MATCH($B58&I$6,$A$188:$A$215,0),MATCH($A$2,$E$186:$BK$186,0))&" ---> "&INDEX($E$188:$BK$215,MATCH($B58&I$6,$A$188:$A$215,0),MATCH($A$1,$E$186:$BK$186,0)),"-") -> - | J58: =IFERROR(INDEX($E$188:$BK$215,MATCH($B58&J$6,$A$188:$A$215,0),MATCH($A$2,$E$186:$BK$186,0))&" ---> "&INDEX($E$188:$BK$215,MATCH($B58&J$6,$A$188:$A$215,0),MATCH($A$1,$E$186:$BK$186,0)),"-") -> - | K58: =IFERROR(INDEX($E$219:$BD$231,MATCH($B58&K$6,$A$219:$A$231,0),MATCH($A$2,$E$217:$BD$217,0))&" ---> "&INDEX($E$219:$BD$231,MATCH($B58&K$6,$A$219:$A$231,0),MATCH($A$1,$E$217:$BD$217,0)),"-") -> 23 ---> 16 | L58: =IFERROR(INDEX($E$219:$BD$231,MATCH($B58&L$6,$A$219:$A$231,0),MATCH($A$2,$E$217:$BD$217,0))&" ---> "&INDEX($E$219:$BD$231,MATCH($B58&L$6,$A$219:$A$231,0),MATCH($A$1,$E$217:$BD$217,0)),"-") -> - | M58: =IFERROR(INDEX($E$235:$AY$251,MATCH($B58,$D$235:$D$251,0),MATCH($A$2,$E$233:$AY$233,0))&" ---> "&INDEX($E$235:$AY$251,MATCH($B58,$D$234:$D$251,0),MATCH($A$1,$E$233:$AY$233,0)),"-") -> -
B59: =IFERROR(__xludf.DUMMYFUNCTION("""COMPUTED_VALUE"""),"Vainilla 500gr") -> Vainilla 500gr | C59: =IFERROR(INDEX($E$70:$BW$85,MATCH($B59,$D$70:$D$85,0),MATCH($A$2,$E$68:$BW$68,0))&" ---> "&INDEX($E$70:$BW$85,MATCH($B59,$D$70:$D$85,0),MATCH($A$1,$E$68:$BW$68,0)),"-") -> - | D59: =IFERROR(INDEX($E$89:$BQ$103,MATCH($B59,$D$89:$D$103,0),MATCH($A$2,$E$87:$BQ$87,0))&" ---> "&INDEX($E$89:$BQ$103,MATCH($B59,$D$89:$D$103,0),MATCH($A$1,$E$87:$BQ$87,0)),"-") -> - | E59: =IFERROR(INDEX($E$106:$BK$119,MATCH($B59,$D$106:$D$119,0),MATCH($A$2,$E$104:$BK$104,0))&" ---> "&INDEX($E$106:$BK$119,MATCH($B59,$D$106:$D$119,0),MATCH($A$1,$E$104:$BK$104,0)),"-") -> - | F59: =IFERROR(INDEX($E$123:$BO$158,MATCH($B59,$D$123:$D$158,0),MATCH($A$2,$E$121:$BO$121,0))&" ---> "&INDEX($E$123:$BO$158,MATCH($B59,$D$123:$D$158,0),MATCH($A$1,$E$121:$BO$121,0)),"-") -> - | G59: =IFERROR(INDEX($E$162:$AY$183,MATCH($B59&G$6,$A$162:$A$183,0),MATCH($A$2,$E$160:$AY$160,0))&" ---> "&INDEX($E$162:$AY$183,MATCH($B59&G$6,$A$162:$A$183,0),MATCH($A$1,$E$160:$AY$160,0)),"-") -> - | H59: =IFERROR(INDEX($E$162:$AY$183,MATCH($B59&H$6,$A$162:$A$183,0),MATCH($A$2,$E$160:$AY$160,0))&" ---> "&INDEX($E$162:$AY$183,MATCH($B59&H$6,$A$162:$A$183,0),MATCH($A$1,$E$160:$AY$160,0)),"-") -> - | I59: =IFERROR(INDEX($E$188:$BK$215,MATCH($B59&I$6,$A$188:$A$215,0),MATCH($A$2,$E$186:$BK$186,0))&" ---> "&INDEX($E$188:$BK$215,MATCH($B59&I$6,$A$188:$A$215,0),MATCH($A$1,$E$186:$BK$186,0)),"-") -> - | J59: =IFERROR(INDEX($E$188:$BK$215,MATCH($B59&J$6,$A$188:$A$215,0),MATCH($A$2,$E$186:$BK$186,0))&" ---> "&INDEX($E$188:$BK$215,MATCH($B59&J$6,$A$188:$A$215,0),MATCH($A$1,$E$186:$BK$186,0)),"-") -> - | K59: =IFERROR(INDEX($E$219:$BD$231,MATCH($B59&K$6,$A$219:$A$231,0),MATCH($A$2,$E$217:$BD$217,0))&" ---> "&INDEX($E$219:$BD$231,MATCH($B59&K$6,$A$219:$A$231,0),MATCH($A$1,$E$217:$BD$217,0)),"-") -> - | L59: =IFERROR(INDEX($E$219:$BD$231,MATCH($B59&L$6,$A$219:$A$231,0),MATCH($A$2,$E$217:$BD$217,0))&" ---> "&INDEX($E$219:$BD$231,MATCH($B59&L$6,$A$219:$A$231,0),MATCH($A$1,$E$217:$BD$217,0)),"-") -> - | M59: =IFERROR(INDEX($E$235:$AY$251,MATCH($B59,$D$235:$D$251,0),MATCH($A$2,$E$233:$AY$233,0))&" ---> "&INDEX($E$235:$AY$251,MATCH($B59,$D$234:$D$251,0),MATCH($A$1,$E$233:$AY$233,0)),"-") -> piso 5 (15) - piso 6 (14) ---> piso 3 (6)- piso 5 (4) - piso 6 (6)
B60: =IFERROR(__xludf.DUMMYFUNCTION("""COMPUTED_VALUE"""),"Chocolate") -> Chocolate | C60: =IFERROR(INDEX($E$70:$BW$85,MATCH($B60,$D$70:$D$85,0),MATCH($A$2,$E$68:$BW$68,0))&" ---> "&INDEX($E$70:$BW$85,MATCH($B60,$D$70:$D$85,0),MATCH($A$1,$E$68:$BW$68,0)),"-") -> - | D60: =IFERROR(INDEX($E$89:$BQ$103,MATCH($B60,$D$89:$D$103,0),MATCH($A$2,$E$87:$BQ$87,0))&" ---> "&INDEX($E$89:$BQ$103,MATCH($B60,$D$89:$D$103,0),MATCH($A$1,$E$87:$BQ$87,0)),"-") -> - | E60: =IFERROR(INDEX($E$106:$BK$119,MATCH($B60,$D$106:$D$119,0),MATCH($A$2,$E$104:$BK$104,0))&" ---> "&INDEX($E$106:$BK$119,MATCH($B60,$D$106:$D$119,0),MATCH($A$1,$E$104:$BK$104,0)),"-") -> - | F60: =IFERROR(INDEX($E$123:$BO$158,MATCH($B60,$D$123:$D$158,0),MATCH($A$2,$E$121:$BO$121,0))&" ---> "&INDEX($E$123:$BO$158,MATCH($B60,$D$123:$D$158,0),MATCH($A$1,$E$121:$BO$121,0)),"-") -> - | G60: =IFERROR(INDEX($E$162:$AY$183,MATCH($B60&G$6,$A$162:$A$183,0),MATCH($A$2,$E$160:$AY$160,0))&" ---> "&INDEX($E$162:$AY$183,MATCH($B60&G$6,$A$162:$A$183,0),MATCH($A$1,$E$160:$AY$160,0)),"-") -> - | H60: =IFERROR(INDEX($E$162:$AY$183,MATCH($B60&H$6,$A$162:$A$183,0),MATCH($A$2,$E$160:$AY$160,0))&" ---> "&INDEX($E$162:$AY$183,MATCH($B60&H$6,$A$162:$A$183,0),MATCH($A$1,$E$160:$AY$160,0)),"-") -> - | I60: =IFERROR(INDEX($E$188:$BK$215,MATCH($B60&I$6,$A$188:$A$215,0),MATCH($A$2,$E$186:$BK$186,0))&" ---> "&INDEX($E$188:$BK$215,MATCH($B60&I$6,$A$188:$A$215,0),MATCH($A$1,$E$186:$BK$186,0)),"-") -> - | J60: =IFERROR(INDEX($E$188:$BK$215,MATCH($B60&J$6,$A$188:$A$215,0),MATCH($A$2,$E$186:$BK$186,0))&" ---> "&INDEX($E$188:$BK$215,MATCH($B60&J$6,$A$188:$A$215,0),MATCH($A$1,$E$186:$BK$186,0)),"-") -> - | K60: =IFERROR(INDEX($E$219:$BD$231,MATCH($B60&K$6,$A$219:$A$231,0),MATCH($A$2,$E$217:$BD$217,0))&" ---> "&INDEX($E$219:$BD$231,MATCH($B60&K$6,$A$219:$A$231,0),MATCH($A$1,$E$217:$BD$217,0)),"-") -> - | L60: =IFERROR(INDEX($E$219:$BD$231,MATCH($B60&L$6,$A$219:$A$231,0),MATCH($A$2,$E$217:$BD$217,0))&" ---> "&INDEX($E$219:$BD$231,MATCH($B60&L$6,$A$219:$A$231,0),MATCH($A$1,$E$217:$BD$217,0)),"-") -> - | M60: =IFERROR(INDEX($E$235:$AY$251,MATCH($B60,$D$235:$D$251,0),MATCH($A$2,$E$233:$AY$233,0))&" ---> "&INDEX($E$235:$AY$251,MATCH($B60,$D$234:$D$251,0),MATCH($A$1,$E$233:$AY$233,0)),"-") -> piso 5 (10) - piso 6 (15) ---> 3
B61: =IFERROR(__xludf.DUMMYFUNCTION("""COMPUTED_VALUE"""),"Te Natural") -> Te Natural | C61: =IFERROR(INDEX($E$70:$BW$85,MATCH($B61,$D$70:$D$85,0),MATCH($A$2,$E$68:$BW$68,0))&" ---> "&INDEX($E$70:$BW$85,MATCH($B61,$D$70:$D$85,0),MATCH($A$1,$E$68:$BW$68,0)),"-") -> - | D61: =IFERROR(INDEX($E$89:$BQ$103,MATCH($B61,$D$89:$D$103,0),MATCH($A$2,$E$87:$BQ$87,0))&" ---> "&INDEX($E$89:$BQ$103,MATCH($B61,$D$89:$D$103,0),MATCH($A$1,$E$87:$BQ$87,0)),"-") -> - | E61: =IFERROR(INDEX($E$106:$BK$119,MATCH($B61,$D$106:$D$119,0),MATCH($A$2,$E$104:$BK$104,0))&" ---> "&INDEX($E$106:$BK$119,MATCH($B61,$D$106:$D$119,0),MATCH($A$1,$E$104:$BK$104,0)),"-") -> - | F61: =IFERROR(INDEX($E$123:$BO$158,MATCH($B61,$D$123:$D$158,0),MATCH($A$2,$E$121:$BO$121,0))&" ---> "&INDEX($E$123:$BO$158,MATCH($B61,$D$123:$D$158,0),MATCH($A$1,$E$121:$BO$121,0)),"-") -> - | G61: =IFERROR(INDEX($E$162:$AY$183,MATCH($B61&G$6,$A$162:$A$183,0),MATCH($A$2,$E$160:$AY$160,0))&" ---> "&INDEX($E$162:$AY$183,MATCH($B61&G$6,$A$162:$A$183,0),MATCH($A$1,$E$160:$AY$160,0)),"-") -> - | H61: =IFERROR(INDEX($E$162:$AY$183,MATCH($B61&H$6,$A$162:$A$183,0),MATCH($A$2,$E$160:$AY$160,0))&" ---> "&INDEX($E$162:$AY$183,MATCH($B61&H$6,$A$162:$A$183,0),MATCH($A$1,$E$160:$AY$160,0)),"-") -> - | I61: =IFERROR(INDEX($E$188:$BK$215,MATCH($B61&I$6,$A$188:$A$215,0),MATCH($A$2,$E$186:$BK$186,0))&" ---> "&INDEX($E$188:$BK$215,MATCH($B61&I$6,$A$188:$A$215,0),MATCH($A$1,$E$186:$BK$186,0)),"-") -> - | J61: =IFERROR(INDEX($E$188:$BK$215,MATCH($B61&J$6,$A$188:$A$215,0),MATCH($A$2,$E$186:$BK$186,0))&" ---> "&INDEX($E$188:$BK$215,MATCH($B61&J$6,$A$188:$A$215,0),MATCH($A$1,$E$186:$BK$186,0)),"-") -> - | K61: =IFERROR(INDEX($E$219:$BD$231,MATCH($B61&K$6,$A$219:$A$231,0),MATCH($A$2,$E$217:$BD$217,0))&" ---> "&INDEX($E$219:$BD$231,MATCH($B61&K$6,$A$219:$A$231,0),MATCH($A$1,$E$217:$BD$217,0)),"-") -> - | L61: =IFERROR(INDEX($E$219:$BD$231,MATCH($B61&L$6,$A$219:$A$231,0),MATCH($A$2,$E$217:$BD$217,0))&" ---> "&INDEX($E$219:$BD$231,MATCH($B61&L$6,$A$219:$A$231,0),MATCH($A$1,$E$217:$BD$217,0)),"-") -> - | M61: =IFERROR(INDEX($E$235:$AY$251,MATCH($B61,$D$235:$D$251,0),MATCH($A$2,$E$233:$AY$233,0))&" ---> "&INDEX($E$235:$AY$251,MATCH($B61,$D$234:$D$251,0),MATCH($A$1,$E$233:$AY$233,0)),"-") -> 2 ---> 20
B62: =IFERROR(__xludf.DUMMYFUNCTION("""COMPUTED_VALUE"""),"Leche en polvo ") -> Leche en polvo | C62: =IFERROR(INDEX($E$70:$BW$85,MATCH($B62,$D$70:$D$85,0),MATCH($A$2,$E$68:$BW$68,0))&" ---> "&INDEX($E$70:$BW$85,MATCH($B62,$D$70:$D$85,0),MATCH($A$1,$E$68:$BW$68,0)),"-") -> - | D62: =IFERROR(INDEX($E$89:$BQ$103,MATCH($B62,$D$89:$D$103,0),MATCH($A$2,$E$87:$BQ$87,0))&" ---> "&INDEX($E$89:$BQ$103,MATCH($B62,$D$89:$D$103,0),MATCH($A$1,$E$87:$BQ$87,0)),"-") -> - | E62: =IFERROR(INDEX($E$106:$BK$119,MATCH($B62,$D$106:$D$119,0),MATCH($A$2,$E$104:$BK$104,0))&" ---> "&INDEX($E$106:$BK$119,MATCH($B62,$D$106:$D$119,0),MATCH($A$1,$E$104:$BK$104,0)),"-") -> - | F62: =IFERROR(INDEX($E$123:$BO$158,MATCH($B62,$D$123:$D$158,0),MATCH($A$2,$E$121:$BO$121,0))&" ---> "&INDEX($E$123:$BO$158,MATCH($B62,$D$123:$D$158,0),MATCH($A$1,$E$121:$BO$121,0)),"-") -> - | G62: =IFERROR(INDEX($E$162:$AY$183,MATCH($B62&G$6,$A$162:$A$183,0),MATCH($A$2,$E$160:$AY$160,0))&" ---> "&INDEX($E$162:$AY$183,MATCH($B62&G$6,$A$162:$A$183,0),MATCH($A$1,$E$160:$AY$160,0)),"-") -> - | H62: =IFERROR(INDEX($E$162:$AY$183,MATCH($B62&H$6,$A$162:$A$183,0),MATCH($A$2,$E$160:$AY$160,0))&" ---> "&INDEX($E$162:$AY$183,MATCH($B62&H$6,$A$162:$A$183,0),MATCH($A$1,$E$160:$AY$160,0)),"-") -> - | I62: =IFERROR(INDEX($E$188:$BK$215,MATCH($B62&I$6,$A$188:$A$215,0),MATCH($A$2,$E$186:$BK$186,0))&" ---> "&INDEX($E$188:$BK$215,MATCH($B62&I$6,$A$188:$A$215,0),MATCH($A$1,$E$186:$BK$186,0)),"-") -> - | J62: =IFERROR(INDEX($E$188:$BK$215,MATCH($B62&J$6,$A$188:$A$215,0),MATCH($A$2,$E$186:$BK$186,0))&" ---> "&INDEX($E$188:$BK$215,MATCH($B62&J$6,$A$188:$A$215,0),MATCH($A$1,$E$186:$BK$186,0)),"-") -> - | K62: =IFERROR(INDEX($E$219:$BD$231,MATCH($B62&K$6,$A$219:$A$231,0),MATCH($A$2,$E$217:$BD$217,0))&" ---> "&INDEX($E$219:$BD$231,MATCH($B62&K$6,$A$219:$A$231,0),MATCH($A$1,$E$217:$BD$217,0)),"-") -> - | L62: =IFERROR(INDEX($E$219:$BD$231,MATCH($B62&L$6,$A$219:$A$231,0),MATCH($A$2,$E$217:$BD$217,0))&" ---> "&INDEX($E$219:$BD$231,MATCH($B62&L$6,$A$219:$A$231,0),MATCH($A$1,$E$217:$BD$217,0)),"-") -> - | M62: =IFERROR(INDEX($E$235:$AY$251,MATCH($B62,$D$235:$D$251,0),MATCH($A$2,$E$233:$AY$233,0))&" ---> "&INDEX($E$235:$AY$251,MATCH($B62,$D$234:$D$251,0),MATCH($A$1,$E$233:$AY$233,0)),"-") -> piso 5 (16) - piso 6 (15) ---> 1
D63: =IFERROR(INDEX($E$89:$BF$103,MATCH($B63,$D$89:$D$103,0),MATCH($A$2,$E$87:$BF$87,0))&" ---> "&INDEX($E$89:$BF$103,MATCH($B63,$D$89:$D$103,0),MATCH($A$1,$E$87:$BF$87,0)),"-") -> - | E63: =IFERROR(INDEX($E$106:$AY$119,MATCH($B63,$D$106:$D$119,0),MATCH($A$2,$E$104:$AY$104,0))&" ---> "&INDEX($E$106:$AY$119,MATCH($B63,$D$106:$D$119,0),MATCH($A$1,$E$104:$AY$104,0)),"-") -> - | F63: =IFERROR(INDEX($E$123:$BF$158,MATCH($B63,$D$123:$D$158,0),MATCH($A$2,$E$121:$BF$121,0))&" ---> "&INDEX($E$123:$BF$158,MATCH($B63,$D$123:$D$158,0),MATCH($A$1,$E$121:$BF$121,0)),"-") -> - | G63: =IFERROR(INDEX($E$162:$AY$183,MATCH($B63&G$6,$A$162:$A$183,0),MATCH($A$2,$E$160:$AY$160,0))&" ---> "&INDEX($E$162:$AY$183,MATCH($B63&G$6,$A$162:$A$183,0),MATCH($A$1,$E$160:$AY$160,0)),"-") -> - | H63: =IFERROR(INDEX($E$162:$AY$183,MATCH($B63&H$6,$A$162:$A$183,0),MATCH($A$2,$E$160:$AY$160,0))&" ---> "&INDEX($E$162:$AY$183,MATCH($B63&H$6,$A$162:$A$183,0),MATCH($A$1,$E$160:$AY$160,0)),"-") -> - | I63: =IFERROR(INDEX($E$188:$BK$215,MATCH($B63&I$6,$A$188:$A$215,0),MATCH($A$2,$E$186:$BK$186,0))&" ---> "&INDEX($E$188:$BK$215,MATCH($B63&I$6,$A$188:$A$215,0),MATCH($A$1,$E$186:$BK$186,0)),"-") -> - | J63: =IFERROR(INDEX($E$188:$AY$215,MATCH($B63&J$6,$A$188:$A$215,0),MATCH($A$2,$E$186:$AY$186,0))&" ---> "&INDEX($E$188:$AY$215,MATCH($B63&J$6,$A$188:$A$215,0),MATCH($A$1,$E$186:$AY$186,0)),"-") -> - | K63: =IFERROR(INDEX($E$188:$AY$215,MATCH($B63&K$6,$A$188:$A$215,0),MATCH($A$2,$E$186:$AY$186,0))&" ---> "&INDEX($E$188:$AY$215,MATCH($B63&K$6,$A$188:$A$215,0),MATCH($A$1,$E$186:$AY$186,0)),"-") -> - | L63: =IFERROR(INDEX($E$219:$BD$231,MATCH($B63&L$6,$A$219:$A$231,0),MATCH($A$2,$E$217:$BD$217,0))&" ---> "&INDEX($E$219:$BD$231,MATCH($B63&L$6,$A$219:$A$231,0),MATCH($A$1,$E$217:$BD$217,0)),"-") -> - | M63: =IFERROR(INDEX($E$235:$AY$251,MATCH($B63,$D$235:$D$251,0),MATCH($A$2,$E$233:$AY$233,0))&" ---> "&INDEX($E$235:$AY$251,MATCH($B63,$D$234:$D$251,0),MATCH($A$1,$E$233:$AY$233,0)),"-") -> -
D64: =IFERROR(INDEX($E$89:$BF$103,MATCH($B64,$D$89:$D$103,0),MATCH($A$2,$E$87:$BF$87,0))&" ---> "&INDEX($E$89:$BF$103,MATCH($B64,$D$89:$D$103,0),MATCH($A$1,$E$87:$BF$87,0)),"-") -> - | E64: =IFERROR(INDEX($E$106:$AY$119,MATCH($B64,$D$106:$D$119,0),MATCH($A$2,$E$104:$AY$104,0))&" ---> "&INDEX($E$106:$AY$119,MATCH($B64,$D$106:$D$119,0),MATCH($A$1,$E$104:$AY$104,0)),"-") -> - | F64: =IFERROR(INDEX($E$123:$BF$158,MATCH($B64,$D$123:$D$158,0),MATCH($A$2,$E$121:$BF$121,0))&" ---> "&INDEX($E$123:$BF$158,MATCH($B64,$D$123:$D$158,0),MATCH($A$1,$E$121:$BF$121,0)),"-") -> - | G64: =IFERROR(INDEX($E$162:$AY$183,MATCH($B64&G$6,$A$162:$A$183,0),MATCH($A$2,$E$160:$AY$160,0))&" ---> "&INDEX($E$162:$AY$183,MATCH($B64&G$6,$A$162:$A$183,0),MATCH($A$1,$E$160:$AY$160,0)),"-") -> - | H64: =IFERROR(INDEX($E$162:$AY$183,MATCH($B64&H$6,$A$162:$A$183,0),MATCH($A$2,$E$160:$AY$160,0))&" ---> "&INDEX($E$162:$AY$183,MATCH($B64&H$6,$A$162:$A$183,0),MATCH($A$1,$E$160:$AY$160,0)),"-") -> - | I64: =IFERROR(INDEX($E$188:$BK$215,MATCH($B64&I$6,$A$188:$A$215,0),MATCH($A$2,$E$186:$BK$186,0))&" ---> "&INDEX($E$188:$BK$215,MATCH($B64&I$6,$A$188:$A$215,0),MATCH($A$1,$E$186:$BK$186,0)),"-") -> - | J64: =IFERROR(INDEX($E$188:$AY$215,MATCH($B64&J$6,$A$188:$A$215,0),MATCH($A$2,$E$186:$AY$186,0))&" ---> "&INDEX($E$188:$AY$215,MATCH($B64&J$6,$A$188:$A$215,0),MATCH($A$1,$E$186:$AY$186,0)),"-") -> - | K64: =IFERROR(INDEX($E$188:$AY$215,MATCH($B64&K$6,$A$188:$A$215,0),MATCH($A$2,$E$186:$AY$186,0))&" ---> "&INDEX($E$188:$AY$215,MATCH($B64&K$6,$A$188:$A$215,0),MATCH($A$1,$E$186:$AY$186,0)),"-") -> - | L64: =IFERROR(INDEX($E$219:$BD$231,MATCH($B64&L$6,$A$219:$A$231,0),MATCH($A$2,$E$217:$BD$217,0))&" ---> "&INDEX($E$219:$BD$231,MATCH($B64&L$6,$A$219:$A$231,0),MATCH($A$1,$E$217:$BD$217,0)),"-") -> - | M64: =IFERROR(INDEX($E$235:$AY$251,MATCH($B64,$D$235:$D$251,0),MATCH($A$2,$E$233:$AY$233,0))&" ---> "&INDEX($E$235:$AY$251,MATCH($B64,$D$234:$D$251,0),MATCH($A$1,$E$233:$AY$233,0)),"-") -> -
D65: =IFERROR(INDEX($E$89:$BF$103,MATCH($B65,$D$89:$D$103,0),MATCH($A$2,$E$87:$BF$87,0))&" ---> "&INDEX($E$89:$BF$103,MATCH($B65,$D$89:$D$103,0),MATCH($A$1,$E$87:$BF$87,0)),"-") -> - | E65: =IFERROR(INDEX($E$106:$AY$119,MATCH($B65,$D$106:$D$119,0),MATCH($A$2,$E$104:$AY$104,0))&" ---> "&INDEX($E$106:$AY$119,MATCH($B65,$D$106:$D$119,0),MATCH($A$1,$E$104:$AY$104,0)),"-") -> - | F65: =IFERROR(INDEX($E$123:$BF$158,MATCH($B65,$D$123:$D$158,0),MATCH($A$2,$E$121:$BF$121,0))&" ---> "&INDEX($E$123:$BF$158,MATCH($B65,$D$123:$D$158,0),MATCH($A$1,$E$121:$BF$121,0)),"-") -> - | G65: =IFERROR(INDEX($E$162:$AY$183,MATCH($B65&G$6,$A$162:$A$183,0),MATCH($A$2,$E$160:$AY$160,0))&" ---> "&INDEX($E$162:$AY$183,MATCH($B65&G$6,$A$162:$A$183,0),MATCH($A$1,$E$160:$AY$160,0)),"-") -> - | H65: =IFERROR(INDEX($E$162:$AY$183,MATCH($B65&H$6,$A$162:$A$183,0),MATCH($A$2,$E$160:$AY$160,0))&" ---> "&INDEX($E$162:$AY$183,MATCH($B65&H$6,$A$162:$A$183,0),MATCH($A$1,$E$160:$AY$160,0)),"-") -> - | I65: =IFERROR(INDEX($E$188:$BK$215,MATCH($B65&I$6,$A$188:$A$215,0),MATCH($A$2,$E$186:$BK$186,0))&" ---> "&INDEX($E$188:$BK$215,MATCH($B65&I$6,$A$188:$A$215,0),MATCH($A$1,$E$186:$BK$186,0)),"-") -> - | J65: =IFERROR(INDEX($E$188:$AY$215,MATCH($B65&J$6,$A$188:$A$215,0),MATCH($A$2,$E$186:$AY$186,0))&" ---> "&INDEX($E$188:$AY$215,MATCH($B65&J$6,$A$188:$A$215,0),MATCH($A$1,$E$186:$AY$186,0)),"-") -> - | K65: =IFERROR(INDEX($E$188:$AY$215,MATCH($B65&K$6,$A$188:$A$215,0),MATCH($A$2,$E$186:$AY$186,0))&" ---> "&INDEX($E$188:$AY$215,MATCH($B65&K$6,$A$188:$A$215,0),MATCH($A$1,$E$186:$AY$186,0)),"-") -> - | L65: =IFERROR(INDEX($E$219:$BD$231,MATCH($B65&L$6,$A$219:$A$231,0),MATCH($A$2,$E$217:$BD$217,0))&" ---> "&INDEX($E$219:$BD$231,MATCH($B65&L$6,$A$219:$A$231,0),MATCH($A$1,$E$217:$BD$217,0)),"-") -> - | M65: =IFERROR(INDEX($E$235:$AY$251,MATCH($B65,$D$235:$D$251,0),MATCH($A$2,$E$233:$AY$233,0))&" ---> "&INDEX($E$235:$AY$251,MATCH($B65,$D$234:$D$251,0),MATCH($A$1,$E$233:$AY$233,0)),"-") -> -
B68: ='SANTA LUCIA'!A2 | C68: ='SANTA LUCIA'!B2 | D68: ='SANTA LUCIA'!C2 | E68: ='SANTA LUCIA'!D2 -> 45820 | F68: ='SANTA LUCIA'!E2 -> 45826 | G68: ='SANTA LUCIA'!F2 -> 45833 | H68: ='SANTA LUCIA'!G2 -> 45840 | I68: ='SANTA LUCIA'!H2 -> 45847 | ... Z68: ='SANTA LUCIA'!Y2 -> 45964 | AA68: ='SANTA LUCIA'!AA2 -> 45971 | AB68: ='SANTA LUCIA'!AB2 -> 45978 | AC68: ='SANTA LUCIA'!AC2 -> 45979 | AD68: ='SANTA LUCIA'!AD2 -> 45981 | AE68: ='SANTA LUCIA'!AE2 -> 45985 | AF68: ='SANTA LUCIA'!AF2 -> 45988 | AG68: ='SANTA LUCIA'!AG2 -> 45992 | AH68: ='SANTA LUCIA'!AH2 -> 45993 | ... BH68: ='SANTA LUCIA'!BH2 -> 46069 | BI68: ='SANTA LUCIA'!BH2 -> 46069 | BJ68: ='SANTA LUCIA'!BI2 -> 46072 | BK68: ='SANTA LUCIA'!BJ2 -> 46078 | BL68: ='SANTA LUCIA'!BK2 -> 27/02-2026 | BM68: ='SANTA LUCIA'!BL2 -> 46083 | BN68: ='SANTA LUCIA'!BM2 -> 46090 | BO68: ='SANTA LUCIA'!BN2 -> 46093 | BP68: ='SANTA LUCIA'!BO2 -> 46097 | ... BV68: ='SANTA LUCIA'!BU2
B69: ='SANTA LUCIA'!A3 -> Sede | C69: ='SANTA LUCIA'!B3 -> Proveedor | D69: ='SANTA LUCIA'!C3 -> Producto | E69: ='SANTA LUCIA'!D3 -> Stock Actual | F69: ='SANTA LUCIA'!E3 -> Stock Actual | G69: ='SANTA LUCIA'!F3 -> Stock Actual | H69: ='SANTA LUCIA'!G3 -> Stock Actual | I69: ='SANTA LUCIA'!H3 -> Stock Actual | ... BV69: ='SANTA LUCIA'!BU3
B70: ='SANTA LUCIA'!A4 -> Santa Lucia | C70: ='SANTA LUCIA'!B4 -> Cafeteria | D70: ='SANTA LUCIA'!C4 -> Cafe Grano (KG) | E70: ='SANTA LUCIA'!D4 -> 0 | F70: ='SANTA LUCIA'!E4 -> 10 | G70: ='SANTA LUCIA'!F4 -> 12 | H70: ='SANTA LUCIA'!G4 -> 11 | I70: ='SANTA LUCIA'!H4 -> 16 | ... BV70: ='SANTA LUCIA'!BU4
B71: ='SANTA LUCIA'!A5 -> Santa Lucia | C71: ='SANTA LUCIA'!B5 -> Cafeteria | D71: ='SANTA LUCIA'!C5 -> Toalla de Papel Jumbo (UN) | E71: ='SANTA LUCIA'!D5 -> 10 | F71: ='SANTA LUCIA'!E5 -> 0 | G71: ='SANTA LUCIA'!F5 -> 12 | H71: ='SANTA LUCIA'!G5 -> 0 | I71: ='SANTA LUCIA'!H5 -> 0 | ... BV71: ='SANTA LUCIA'!BU5
B72: ='SANTA LUCIA'!A6 -> Santa Lucia | C72: ='SANTA LUCIA'!B6 -> Cafeteria | D72: ='SANTA LUCIA'!C6 -> Papel Higienico (UN) | E72: ='SANTA LUCIA'!D6 -> 11 | F72: ='SANTA LUCIA'!E6 -> 48 | G72: ='SANTA LUCIA'!F6 -> 76 | H72: ='SANTA LUCIA'!G6 -> 14 | I72: ='SANTA LUCIA'!H6 -> 12 | ... BV72: ='SANTA LUCIA'!BU6
B73: ='SANTA LUCIA'!A7 -> Santa Lucia | C73: ='SANTA LUCIA'!B7 -> Cafeteria | D73: ='SANTA LUCIA'!C7 -> Resma Papel Fotocopia (UN) | E73: ='SANTA LUCIA'!D7 -> 10 | F73: ='SANTA LUCIA'!E7 -> 10 | G73: ='SANTA LUCIA'!F7 -> 9 | H73: ='SANTA LUCIA'!G7 -> 9 | I73: ='SANTA LUCIA'!H7 -> 7 | ... BV73: ='SANTA LUCIA'!BU7
B74: ='SANTA LUCIA'!A8 -> Santa Lucia | C74: ='SANTA LUCIA'!B8 -> Cafeteria | D74: ='SANTA LUCIA'!C8 -> Servilletas | E74: ='SANTA LUCIA'!D8 | F74: ='SANTA LUCIA'!E8 -> 23 | G74: ='SANTA LUCIA'!F8 -> 15 | H74: ='SANTA LUCIA'!G8 -> 0 | I74: ='SANTA LUCIA'!H8 -> 0 | ... BV74: ='SANTA LUCIA'!BU8
B75: ='SANTA LUCIA'!A9 -> Santa Lucia | C75: ='SANTA LUCIA'!B9 -> Cafeteria | D75: ='SANTA LUCIA'!C9 -> Leche Liquida | E75: ='SANTA LUCIA'!D9 | F75: ='SANTA LUCIA'!E9 | G75: ='SANTA LUCIA'!F9 | H75: ='SANTA LUCIA'!G9 | I75: ='SANTA LUCIA'!H9 | ... BV75: ='SANTA LUCIA'!BU9
B76: ='SANTA LUCIA'!A10 -> Santa Lucia | C76: ='SANTA LUCIA'!B10 -> Cafeteria | D76: ='SANTA LUCIA'!C10 -> Cafe Granulado | E76: ='SANTA LUCIA'!D10 | F76: ='SANTA LUCIA'!E10 | G76: ='SANTA LUCIA'!F10 | H76: ='SANTA LUCIA'!G10 | I76: ='SANTA LUCIA'!H10 | ... BV76: ='SANTA LUCIA'!BU10
B77: ='SANTA LUCIA'!A11 -> Santa Lucia | C77: ='SANTA LUCIA'!B11 -> Cafeteria | D77: ='SANTA LUCIA'!C11 -> Endulzante | E77: ='SANTA LUCIA'!D11 | F77: ='SANTA LUCIA'!E11 | G77: ='SANTA LUCIA'!F11 | H77: ='SANTA LUCIA'!G11 | I77: ='SANTA LUCIA'!H11 | ... BV77: ='SANTA LUCIA'!BU11
B78: ='SANTA LUCIA'!A12 -> Santa Lucia | C78: ='SANTA LUCIA'!B12 -> Cafeteria | D78: ='SANTA LUCIA'!C12 -> Azucar kg | E78: ='SANTA LUCIA'!D12 | F78: ='SANTA LUCIA'!E12 | G78: ='SANTA LUCIA'!F12 | H78: ='SANTA LUCIA'!G12 | I78: ='SANTA LUCIA'!H12 | ... BV78: ='SANTA LUCIA'!BU12
B79: ='SANTA LUCIA'!A13 -> Santa Lucia | C79: ='SANTA LUCIA'!B13 -> Aseo | D79: ='SANTA LUCIA'!C13 -> Cloro Gel | E79: ='SANTA LUCIA'!D13 | F79: ='SANTA LUCIA'!E13 | G79: ='SANTA LUCIA'!F13 | H79: ='SANTA LUCIA'!G13 | I79: ='SANTA LUCIA'!H13 | ... BV79: ='SANTA LUCIA'!BU13
B80: ='SANTA LUCIA'!A14 -> Santa Lucia | C80: ='SANTA LUCIA'!B14 -> Aseo | D80: ='SANTA LUCIA'!C14 -> Limpia Piso | E80: ='SANTA LUCIA'!D14 | F80: ='SANTA LUCIA'!E14 | G80: ='SANTA LUCIA'!F14 | H80: ='SANTA LUCIA'!G14 | I80: ='SANTA LUCIA'!H14 | ... BV80: ='SANTA LUCIA'!BU14
... B85: ='SANTA LUCIA'!A19 -> Santa Lucia | C85: ='SANTA LUCIA'!B19 -> Aseo | D85: ='SANTA LUCIA'!C19 -> Mopa Redonda | E85: ='SANTA LUCIA'!D19 | F85: ='SANTA LUCIA'!E19 | G85: ='SANTA LUCIA'!F19 | H85: ='SANTA LUCIA'!G19 | I85: ='SANTA LUCIA'!H19 | ... BV85: ='SANTA LUCIA'!BU19
BJ86: ='SANTA LUCIA'!BI20 | BK86: ='SANTA LUCIA'!BJ20 | BL86: ='SANTA LUCIA'!BK20 | BM86: ='SANTA LUCIA'!BL20 | BN86: ='SANTA LUCIA'!BM20 | BO86: ='SANTA LUCIA'!BN20 | BP86: ='SANTA LUCIA'!BO20 | BQ86: ='SANTA LUCIA'!BP20 | ... BS86: ='SANTA LUCIA'!BR20
B87: ='PLAZA EGAÑA'!A2 | C87: ='PLAZA EGAÑA'!B2 | D87: ='PLAZA EGAÑA'!C2 | E87: ='PLAZA EGAÑA'!D2 -> 45811 | F87: ='PLAZA EGAÑA'!E2 -> 45817 | G87: ='PLAZA EGAÑA'!F2 -> 45824 | H87: ='PLAZA EGAÑA'!G2 -> 45831 | I87: ='PLAZA EGAÑA'!H2 -> 45838 | ... W87: ='PLAZA EGAÑA'!V2 -> 45936 | X87: ='PLAZA EGAÑA'!Y2 -> 45957 | Y87: ='PLAZA EGAÑA'!Z2 -> 45964 | Z87: ='PLAZA EGAÑA'!AB2 -> 45971 | AA87: ='PLAZA EGAÑA'!AC2 -> 45978 | AB87: ='PLAZA EGAÑA'!AD2 -> 45979 | AC87: ='PLAZA EGAÑA'!AE2 -> 45981 | AD87: ='PLAZA EGAÑA'!AF2 -> 45985 | AE87: ='PLAZA EGAÑA'!AG2 -> 45989 | AF87: ='PLAZA EGAÑA'!AH2 -> 45992 | AG87: ='PLAZA EGAÑA'!AI2 -> 45995 | ... AZ87: ='PLAZA EGAÑA'!BB2 -> 46069 | BA87: ='PLAZA EGAÑA'!AZ2 -> 46062 | BB87: ='PLAZA EGAÑA'!BA2 -> 46065 | BC87: ='PLAZA EGAÑA'!BB2 -> 46069 | BD87: ='PLAZA EGAÑA'!BC2 -> 46072 | BE87: ='PLAZA EGAÑA'!BD2 -> 46076 | BF87: ='PLAZA EGAÑA'!BE2 -> 46079 | BG87: ='PLAZA EGAÑA'!BF2 -> 46083 | BH87: ='PLAZA EGAÑA'!BG2 -> 46086 | ... BQ87: ='PLAZA EGAÑA'!BP2
B88: ='PLAZA EGAÑA'!A3 -> Sede | C88: ='PLAZA EGAÑA'!B3 -> Proveedor | D88: ='PLAZA EGAÑA'!C3 -> Producto | E88: ='PLAZA EGAÑA'!D3 -> Stock Actual | F88: ='PLAZA EGAÑA'!E3 -> Stock Actual | G88: ='PLAZA EGAÑA'!F3 -> Stock Actual | H88: ='PLAZA EGAÑA'!G3 -> Stock Actual | I88: ='PLAZA EGAÑA'!H3 -> Stock Actual | ... BQ88: ='PLAZA EGAÑA'!BP3
B89: ='PLAZA EGAÑA'!A4 -> Plaza Egaña | C89: ='PLAZA EGAÑA'!B4 -> Cafeteria | D89: ='PLAZA EGAÑA'!C4 -> Cafe Grano (KG) | E89: ='PLAZA EGAÑA'!D4 -> 1 | F89: ='PLAZA EGAÑA'!E4 -> 0 | G89: ='PLAZA EGAÑA'!F4 -> 13 | H89: ='PLAZA EGAÑA'!G4 -> 7 | I89: ='PLAZA EGAÑA'!H4 -> 3 | ... BQ89: ='PLAZA EGAÑA'!BP4
B90: ='PLAZA EGAÑA'!A5 -> Plaza Egaña | C90: ='PLAZA EGAÑA'!B5 -> Cafeteria | D90: ='PLAZA EGAÑA'!C5 -> Toalla de Papel Jumbo (UN) | E90: ='PLAZA EGAÑA'!D5 -> 1 | F90: ='PLAZA EGAÑA'!E5 -> 0 | G90: ='PLAZA EGAÑA'!F5 -> 0 | H90: ='PLAZA EGAÑA'!G5 -> 6 | I90: ='PLAZA EGAÑA'!H5 -> 1 | ... BQ90: ='PLAZA EGAÑA'!BP5
B91: ='PLAZA EGAÑA'!A6 -> Plaza Egaña | C91: ='PLAZA EGAÑA'!B6 -> Cafeteria | D91: ='PLAZA EGAÑA'!C6 -> Papel Higienico (UN) | E91: ='PLAZA EGAÑA'!D6 -> 8 | F91: ='PLAZA EGAÑA'!E6 -> 4 | G91: ='PLAZA EGAÑA'!F6 -> 0 | H91: ='PLAZA EGAÑA'!G6 -> 6 | I91: ='PLAZA EGAÑA'!H6 -> 4 | ... BQ91: ='PLAZA EGAÑA'!BP6
B92: ='PLAZA EGAÑA'!A7 -> Plaza Egaña | C92: ='PLAZA EGAÑA'!B7 -> Cafeteria | D92: ='PLAZA EGAÑA'!C7 -> Resma Papel Fotocopia (UN) | E92: ='PLAZA EGAÑA'!D7 -> 4 | F92: ='PLAZA EGAÑA'!E7 -> 3 | G92: ='PLAZA EGAÑA'!F7 -> 1 | H92: ='PLAZA EGAÑA'!G7 -> 0 | I92: ='PLAZA EGAÑA'!H7 -> 0 | ... BQ92: ='PLAZA EGAÑA'!BP7
B93: ='PLAZA EGAÑA'!A8 -> Plaza Egaña | C93: ='PLAZA EGAÑA'!B8 -> Cafeteria | D93: ='PLAZA EGAÑA'!C8 -> Servilletas | E93: ='PLAZA EGAÑA'!D8 | F93: ='PLAZA EGAÑA'!E8 | G93: ='PLAZA EGAÑA'!F8 | H93: ='PLAZA EGAÑA'!G8 | I93: ='PLAZA EGAÑA'!H8 | ... BQ93: ='PLAZA EGAÑA'!BP8
B94: ='PLAZA EGAÑA'!A9 -> Plaza Egaña | C94: ='PLAZA EGAÑA'!B9 -> Cafeteria | D94: ='PLAZA EGAÑA'!C9 -> Leche Liquida | E94: ='PLAZA EGAÑA'!D9 | F94: ='PLAZA EGAÑA'!E9 | G94: ='PLAZA EGAÑA'!F9 | H94: ='PLAZA EGAÑA'!G9 | I94: ='PLAZA EGAÑA'!H9 | ... BQ94: ='PLAZA EGAÑA'!BP9
B95: ='PLAZA EGAÑA'!A10 -> Plaza Egaña | C95: ='PLAZA EGAÑA'!B10 -> Cafeteria | D95: ='PLAZA EGAÑA'!C10 -> Cafe Granulado | E95: ='PLAZA EGAÑA'!D10 | F95: ='PLAZA EGAÑA'!E10 | G95: ='PLAZA EGAÑA'!F10 | H95: ='PLAZA EGAÑA'!G10 | I95: ='PLAZA EGAÑA'!H10 | ... BQ95: ='PLAZA EGAÑA'!BP10
B96: ='PLAZA EGAÑA'!A11 -> Plaza Egaña | C96: ='PLAZA EGAÑA'!B11 -> Cafeteria | D96: ='PLAZA EGAÑA'!C11 -> Endulzante | E96: ='PLAZA EGAÑA'!D11 | F96: ='PLAZA EGAÑA'!E11 | G96: ='PLAZA EGAÑA'!F11 | H96: ='PLAZA EGAÑA'!G11 | I96: ='PLAZA EGAÑA'!H11 | ... BQ96: ='PLAZA EGAÑA'!BP11
B97: ='PLAZA EGAÑA'!A12 -> Plaza Egaña | C97: ='PLAZA EGAÑA'!B12 -> Aseo | D97: ='PLAZA EGAÑA'!C12 -> Cloro Gel | E97: ='PLAZA EGAÑA'!D12 | F97: ='PLAZA EGAÑA'!E12 | G97: ='PLAZA EGAÑA'!F12 | H97: ='PLAZA EGAÑA'!G12 | I97: ='PLAZA EGAÑA'!H12 | ... BQ97: ='PLAZA EGAÑA'!BP12
B98: ='PLAZA EGAÑA'!A13 -> Plaza Egaña | C98: ='PLAZA EGAÑA'!B13 -> Aseo | D98: ='PLAZA EGAÑA'!C13 -> Limpia Piso | E98: ='PLAZA EGAÑA'!D13 | F98: ='PLAZA EGAÑA'!E13 | G98: ='PLAZA EGAÑA'!F13 | H98: ='PLAZA EGAÑA'!G13 | I98: ='PLAZA EGAÑA'!H13 | ... BQ98: ='PLAZA EGAÑA'!BP13
B99: ='PLAZA EGAÑA'!A14 -> Plaza Egaña | C99: ='PLAZA EGAÑA'!B14 -> Aseo | D99: ='PLAZA EGAÑA'!C14 -> Bolsas Basura 50x70 | E99: ='PLAZA EGAÑA'!D14 | F99: ='PLAZA EGAÑA'!E14 | G99: ='PLAZA EGAÑA'!F14 | H99: ='PLAZA EGAÑA'!G14 | I99: ='PLAZA EGAÑA'!H14 | ... BQ99: ='PLAZA EGAÑA'!BP14
... B103: ='PLAZA EGAÑA'!A18 -> Plaza Egaña | C103: ='PLAZA EGAÑA'!B18 -> Aseo | D103: ='PLAZA EGAÑA'!C18 -> Mopa Redonda | E103: ='PLAZA EGAÑA'!D18 | F103: ='PLAZA EGAÑA'!E18 | G103: ='PLAZA EGAÑA'!F18 | H103: ='PLAZA EGAÑA'!G18 | I103: ='PLAZA EGAÑA'!H18 | ... BQ103: ='PLAZA EGAÑA'!BP18
B104: =NEOHAUS!A2 | C104: =NEOHAUS!B2 | D104: =NEOHAUS!C2 | E104: =NEOHAUS!D2 -> 45811 | F104: =NEOHAUS!E2 -> 45817 | G104: =NEOHAUS!F2 -> 45824 | H104: =NEOHAUS!G2 -> 45831 | I104: =NEOHAUS!H2 -> 45838 | ... BH104: =NEOHAUS!BG2
B105: =NEOHAUS!A3 -> Sede | C105: =NEOHAUS!B3 -> Proveedor | D105: =NEOHAUS!C3 -> Producto | E105: =NEOHAUS!D3 -> Stock Actual | F105: =NEOHAUS!E3 -> Stock Actual | G105: =NEOHAUS!F3 -> Stock Actual | H105: =NEOHAUS!G3 -> Stock Actual | I105: =NEOHAUS!H3 -> Stock Actual | ... BP105: =NEOHAUS!BO3
B106: =NEOHAUS!A4 -> Neohaus | C106: =NEOHAUS!B4 -> Corporate Coffe | D106: =NEOHAUS!C4 -> Cafe Grano (KG) | E106: =NEOHAUS!D4 -> 1 KG | F106: =NEOHAUS!E4 -> 1 KG | G106: =NEOHAUS!F4 -> 1 KG | H106: =NEOHAUS!G4 -> 1 KG | I106: =NEOHAUS!H4 -> 0 | ... BP106: =NEOHAUS!BO4
B107: =NEOHAUS!A5 -> Neohaus | C107: =NEOHAUS!B5 -> Cafeteria | D107: =NEOHAUS!C5 -> Toalla de Papel Jumbo (UN) | E107: =NEOHAUS!D5 -> 8 paquetes | F107: =NEOHAUS!E5 -> 4 paquetes | G107: =NEOHAUS!F5 -> 3 paquetes | H107: =NEOHAUS!G5 -> 1 paquete | I107: =NEOHAUS!H5 -> 0 | ... BP107: =NEOHAUS!BO5
B108: =NEOHAUS!A6 -> Neohaus | C108: =NEOHAUS!B6 -> Cafeteria | D108: =NEOHAUS!C6 -> Papel Higienico (UN) | E108: =NEOHAUS!D6 -> 14 paquetes | F108: =NEOHAUS!E6 -> 10 paquetes | G108: =NEOHAUS!F6 -> 9 paquetes | H108: =NEOHAUS!G6 -> 7 paquetes | I108: =NEOHAUS!H6 -> 4 paquetes | ... BP108: =NEOHAUS!BO6
B109: =NEOHAUS!A7 -> Neohaus | C109: =NEOHAUS!B7 -> Papelería | D109: =NEOHAUS!C7 -> Resma Papel Fotocopia (UN) | E109: =NEOHAUS!D7 -> 2 | F109: =NEOHAUS!E7 -> 0 | G109: =NEOHAUS!F7 -> 0 | H109: =NEOHAUS!G7 -> 0 | I109: =NEOHAUS!H7 -> 0 | ... BP109: =NEOHAUS!BO7
...

Sheet SANTA LUCIA
D1: JUNIO | E1: JUNIO | F1: JUNIO | G1: JUNIO | AC1: LLEGÓ PEDIDO | AH1: LLEGÓ PEDIDO | AM1: LLEGÓ PEDIDO | AQ1: LLEGÓ CAFÉ | AT1: LLEGÓ PEDIDO | AX1: LLEGÓ PEDIDO | BA1: LLEGÓ CAFÉ | BE1: LLEGO PEDIDO EL VIERNES 6 | BG1: LLEGÓ CAFÉ | BH1: LLEGÓ PEDIDO | BL1: se compro nova y servilletas con caja chica
D2: 45820 | E2: =D2+6 -> 45826 | F2: =E2+7 -> 45833 | G2: =F2+7 -> 45840 | H2: =G2+7 -> 45847 | I2: =H2+5 -> 45852 | J2: =I2+7 -> 45859 | K2: =J2+7 -> 45866 | L2: 45873 | M2: 45880 | N2: 45887 | O2: 45894 | P2: 45901 | Q2: 45908 | R2: 45915 | S2: 45915 | T2: 45929 | U2: =T2+7 -> 45936 | V2: =U2+7 -> 45943 | W2: =V2+7 -> 45950 | X2: =W2+7 -> 45957 | Y2: =X2+7 -> 45964 | Z2: 45967 | AA2: =Z2+4 -> 45971 | AB2: =AA2+7 -> 45978 | AC2: =AB2+1 -> 45979 | AD2: 45981 | AE2: 45985 | AF2: 45988 | AG2: 45992 | AH2: 45993 | AI2: 45995 | AJ2: 46000 | AK2: 46002 | AL2: 46006 | AM2: 46013 | AN2: 46009 | AO2: 46020 | AP2: 46027 | AQ2: 46029 | AR2: 46030 | AS2: 46033 | AT2: 46034 | AU2: 46037 | AV2: 46041 | AW2: 46043 | AX2: 46044 | AY2: 46045 | AZ2: 46048 | BA2: 46050 | BB2: 46051 | BC2: 46057 | BD2: 46058 | BE2: 46062 | BF2: 46065 | BG2: 46068 | BH2: 46069 | BI2: 46072 | BJ2: 46078 | BK2: 27/02-2026 | BL2: 46083 | BM2: 46090 | BN2: 46093 | BO2: 46097 | BP2: 46100 | BQ2: 46104
A3: Sede | B3: Proveedor | C3: Producto | D3: Stock Actual | E3: Stock Actual | F3: Stock Actual | G3: Stock Actual | H3: Stock Actual | I3: Stock Actual | J3: Stock Actual | K3: Stock Actual | L3: Stock Actual | M3: Stock Actual | N3: Stock Actual | O3: Stock Actual | P3: Stock Actual | Q3: Stock Actual | R3: Stock Actual | S3: Stock Actual | T3: Stock Actual | U3: Stock Actual | V3: Stock Actual | W3: Stock Actual | X3: Stock Actual | Y3: Stock Actual | Z3: Stock Actual | AA3: Stock Actual | AB3: Stock Actual | AC3: Stock Actual | AD3: Stock Actual | AE3: Stock Actual | AF3: Stock Actual | AG3: Stock Actual | AH3: Stock Actual | AI3: Stock Actual | AJ3: Stock Actual | AK3: Stock Actual | AL3: Stock Actual | AM3: Stock Actual | AN3: Stock Actual | AO3: Stock Actual | AP3: Stock Actual | AQ3: Stock Actual | AR3: Stock Actual | AS3: Stock Actual | AT3: Stock Actual | AU3: Stock Actual | AV3: Stock Actual | AW3: Stock Actual | AX3: Stock Actual | AY3: Stock Actual | AZ3: Stock Actual | BA3: Stock Actual | BB3: Stock Actual | BC3: Stock Actual | BD3: Stock Actual | BE3: Stock Actual | BF3: Stock Actual | BG3: Stock Actual | BH3: Stock Actual | BI3: Stock Actual | BJ3: Stock Actual | BK3: stock Actual | BL3: stock actual | BM3: stock actual | BN3: stock actual | BO3: stock actual | BP3: stock actual | BQ3: stock actual
A4: Santa Lucia | B4: Cafeteria | C4: Cafe Grano (KG) | D4: 0 | E4: 10 | F4: 12 | G4: 11 | H4: 16 | I4: 10 | J4: 7 | K4: 1 | L4: 35 | M4: 13 | N4: 22 | O4: 16 | P4: 0 | Q4: 4 | R4: 10 | S4: 6 | T4: 35 | U4: 25 | V4: 16 | W4: 16 | X4: 20 | Y4: 4 | Z4: 13k | AA4: 12 (bolsas) | AB4: 3K | AC4: 13K | AD4: 12.5 | AE4: 8.5 | AF4: 6 | AG4: 6 | AH4: 21 | AI4: 19 | AJ4: 17.5 | AK4: 15 | AL4: 12 | AM4: 10 | AN4: 10 | AO4: 7 | AP4: 5.5 | AQ4: 13.5 | AR4: 12 | AS4: 11 | AT4: 10.5 | AU4: 8.5 | AV4: 6 | AW4: 3.5 | AX4: 3 | AY4: 2 | AZ4: 1.5 | BA4: 9.5 | BB4: 8 | BC4: 6 | BD4: 5 | BE4: 2.5 | BF4: 0 | BG4: 8 | BH4: 6 | BI4: 4.5 | BJ4: 2.5 | BK4: 24 | BL4: 20.5 | BM4: 14 | BN4: 12 | BO4: 10 | BP4: 20 | BQ4: 17.5
A5: Santa Lucia | B5: Cafeteria | C5: Toalla de Papel Jumbo (UN) | D5: 10 | E5: 0 | F5: 12 | G5: 0 | H5: 0 | I5: 2 | J5: 1 | K5: 10 | L5: 3 | M5: 0 | N5: 2 | O5: 0 | P5: 4 | Q5: 0 | R5: 0 | S5: 0 | T5: 5 | U5: 0 | V5: 0 | W5: 0 | X5: 0 | Y5: 0 | Z5: 6 | AA5: 5 | AB5: 0 | AC5: 10 | AD5: 4 | AE5: 0 | AF5: 0 | AG5: 0 | AH5: 18 | AI5: 0 | AJ5: 0 | AK5: 0 | AL5: 0 | AM5: 22 | AN5: 0 | AO5: 18 | AP5: 11 | AQ5: 2 | AR5: 8 | AS5: 2 | AT5: 7 | AU5: 2 | AV5: 0 | AW5: 1 | AX5: 27 | AY5: 22 | AZ5: 18 | BA5: 10 | BB5: 5 | BC5: 0 | BD5: 0 | BE5: 22 | BF5: 7 | BG5: 4 | BH5: 23 | BI5: 14 | BJ5: 2 | BK5: 0 | BL5: 4 | BM5: 0 | BN5: 0 | BO5: 0 | BP5: 27 | BQ5: 30
A6: Santa Lucia | B6: Cafeteria | C6: Papel Higienico (UN) | D6: 11 | E6: 48 | F6: 76 | G6: 14 | H6: 12 | I6: 8 | J6: 6 | K6: 11 | L6: 4 | M6: 3 | N6: 8 | O6: 8 | P6: 12 | Q6: 7 | R6: 6 | S6: 4 | T6: 8 | U6: 3 | V6: 6 | W6: 6 | X6: 3 | Y6: 6 | Z6: 6 | AA6: 32 | AB6: 24 | AC6: 32 | AD6: 24 | AE6: 24 | AF6: 16 | AG6: 12 | AH6: 20 | AI6: 20 | AJ6: 16 | AK6: 12 | AL6: 4 | AM6: 36 | AN6: 4 | AO6: 28 | AP6: 20 | AR6: 4 | AS6: 3 | AT6: 34 | AU6: 29 | AV6: 24 | AW6: 16 | AX6: 44 | AY6: 42 | AZ6: 40 | BA6: 13 | BB6: 40 | BC6: 33 | BD6: 29 | BE6: 37 | BF6: 32 | BG6: 24 | BH6: 29 | BI6: 26 | BJ6: 14 | BK6: 12 | BL6: 0 | BM6: 0 | BN6: 24 | BO6: 20 | BP6: 20 | BQ6: 9
A7: Santa Lucia | B7: Cafeteria | C7: Resma Papel Fotocopia (UN) | D7: 10 | E7: 10 | F7: 9 | G7: 9 | H7: 7 | I7: 5 | J7: 4 | K7: 7 | L7: 8 | M7: 6 | N7: 4 | O7: 2 | P7: 5 | Q7: 5 | R7: 3 | S7: 3 | T7: 8 | U7: 6 | V7: 4 | W7: 4 | X7: 5 | Y7: 3 | Z7: 2 | AA7: 1 | AB7: 1 | AC7: 3 | AD7: 3 | AE7: 3 | AF7: 0 | AG7: 0 | AH7: 0 | AI7: 0 | AJ7: 0 | AK7: 1 | AL7: 0 | AM7: 8 | AN7: 0 | AO7: 7 | AP7: 6 | AR7: 5 | AS7: 5 | AT7: 5 | AU7: 4 | AV7: 4 | AW7: 3 | AX7: 3 | AY7: 3 | AZ7: 2 | BA7: 2 | BB7: 1 | BC7: 4 | BD7: 4 | BE7: 3 | BF7: 1 | BG7: 1 | BH7: 4 | BI7: 4 | BJ7: 3 | BK7: 3 | BL7: 2 | BM7: 1 | BN7: 7 | BO7: 7 | BP7: 6 | BQ7: 9
A8: Santa Lucia | B8: Cafeteria | C8: Servilletas | E8: 23 | F8: 15 | G8: 0 | H8: 0 | I8: 0 | J8: 0 | K8: 14 | L8: 7 | M8: 9 | N8: 2 | O8: 0 | P8: 0 | Q8: 4 | R8: 2 | S8: 0 | T8: 3 | U8: 0 | V8: 0 | W8: 0 | X8: 3 | Y8: 6 | Z8: 18 | AA8: 15 | AB8: 6 | AC8: 15 | AD8: 15 | AE8: 9 | AF8: 4 | AG8: 0 | AH8: 15 | AI8: 11 | AJ8: 9 | AK8: 6 | AL8: 1 | AM8: 17 | AN8: 0 | AO8: 16 | AP8: 9 | AR8: 5 | AS8: 2 | AT8: 17 | AU8: 16 | AV8: 11 | AW8: 6 | AX8: 19 | AY8: 19 | AZ8: 16 | BA8: 10 | BB8: 7 | BC8: 2 | BD8: 2 | BE8: 8 | BF8: 0 | BG8: 0 | BH8: 0 | BI8: 7 | BJ8: 1 | BK8: 0 | BL8: 2 | BM8: 0 | BN8: 16 | BO8: 13 | BP8: 6 | BQ8: 3
A9: Santa Lucia | B9: Cafeteria | C9: Leche Liquida | Y9: 0 | Z9: 23 | AA9: 15 | AB9: 7 | AC9: 27 | AD9: 24 | AE9: 19 | AF9: 12 | AG9: 10 | AH9: 22 | AI9: 20 | AJ9: 13 | AK9: 9 | AL9: 5 | AM9: 23 | AN9: 0 | AO9: 16 | AP9: 11 | AR9: 2 | AS9: 0 | AT9: 9 | AU9: 8 | AV9: 3 | AW9: 0 | AX9: 23 | AY9: 21 | AZ9: 18 | BA9: 11 | BB9: 6 | BC9: 2 | BD9: 0 | BE9: 21 | BF9: 14 | BG9: 9 | BH9: 30 | BI9: 26 | BJ9: 16 | BK9: 12 | BL9: 8 | BM9: 0 | BN9: 18 | BO9: 16 | BP9: 10 | BQ9: 7
A10: Santa Lucia | B10: Cafeteria | C10: Cafe Granulado | BN10: 3 | BO10: 3 | BP10: 2 | BQ10: 2
A11: Santa Lucia | B11: Cafeteria | C11: Endulzante | Q11: Sin nova 12/09 | T11: sin servilletas ni café instantaneo 02/10 | Y11: 0 | Z11: 2 | AA11: 1 | AB11: 0 | AC11: 2 | AD11: 2 | AE11: 2 | AF11: 2 | AG11: 1 | AH11: 3 | AI11: 2 | AJ11: 2 | AK11: 1 | AL11: 1 | AM11: 4 | AN11: 1 | AO11: 4 | AP11: 4 | AR11: 3 | AS11: 2 | AT11: 2 | AU11: 2 | AV11: 2 | AW11: 2 | AX11: 3 | AY11: 3 | AZ11: 3 | BA11: 3 | BB11: 3 | BC11: 2 | BD11: 2 | BE11: 2 | BF11: 0 | BG11: 0 | BH11: 0 | BI11: 0 | BJ11: 0 | BK11: 0 | BL11: 0 | BM11: 0 | BN11: 3 | BO11: 3 | BP11: 3 | BQ11: 2
A12: Santa Lucia | B12: Cafeteria | C12: Azucar kg | AV12: 0 | AW12: 0 | AX12: 0 | AY12: 0 | AZ12: 0 | BA12: 0 | BB12: 0 | BC12: 0 | BD12: 0 | BE12: 0 | BF12: 0 | BG12: 0 | BH12: 1 caja | BI12: 1 caja | BJ12: 1 caja | BK12: 1 caja | BL12: 2 | BM12: 0 | BN12: 1 caja | BO12: 1/2 caja | BP12: 0 | BQ12: 0
A13: Santa Lucia | B13: Aseo | C13: Cloro Gel | W13: - | X13: - | Y13: - | Z13: - | AA13: - | AB13: 0 | AC13: 2 | AD13: 2 | AE13: 1 | AF13: 0 | AG13: 0 | AH13: 1 | AI13: 0 | AJ13: 0 | AK13: 0 | AL13: 0 | AM13: 1 | AN13: 0 | AO13: 1 | AP13: 0 | AR13: 0 | AS13: 0 | AT13: 1 | AU13: 1 | AV13: 1 | AW13: 0 | AX13: 2 | AY13: 1 | AZ13: 1 | BA13: 2 | BB13: 1 | BC13: 1 | BD13: 1 | BE13: 4 | BF13: 0 | BG13: 1 | BH13: 2 | BI13: 2 | BJ13: 1 | BK13: 0 | BL13: 0 | BM13: 0 | BN13: 1 | BO13: 0 | BP13: 0 | BQ13: 0
A14: Santa Lucia | B14: Aseo | C14: Limpia Piso | W14: - | X14: - | Y14: - | Z14: - | AA14: - | AB14: 1 | AC14: 2 | AD14: 2 | AE14: 2 | AF14: 2 | AG14: 1 | AH14: 3 | AI14: 2 | AJ14: 3 | AK14: 1 | AL14: 1 | AM14: 2 | AN14: 1 | AO14: 1 | AP14: 1 | AR14: 0 | AS14: 0 | AT14: 0 | AU14: 0 | AV14: 0 | AW14: 0 | AX14: 4 | AY14: 3 | AZ14: 3 | BA14: 5 | BB14: 5 | BC14: 3 | BD14: 3 | BE14: 2 | BF14: 0 | BG14: 0 | BH14: 3 | BI14: 3 | BJ14: 1 | BK14: 1 | BL14: 0 | BM14: 0 | BN14: 1 | BO14: 1 | BP14: 1 | BQ14: 0
A15: Santa Lucia | B15: Aseo | C15: Bolsas Basura 50x70 | W15: - | X15: - | Y15: - | Z15: - | AA15: - | AB15: 3 grandes / 0 chicas | AC15: 80x110: 10 | AD15: 80x110: 10 | AE15: 12 | AF15: 7 | AG15: 5 | AH15: 13 | AI15: 9 | AJ15: 9 | AK15: 9 | AL15: 4 | AM15: 11 | AN15: 3 | AO15: 8 | AP15: 2 | AR15: 3 | AS15: 3 | AT15: 5 | AU15: 3 | AV15: 3 | AW15: 0 | AX15: 10 | AY15: 9 | AZ15: 5 | BA15: 4 | BB15: 2 | BC15: 0 | BD15: 0 | BE15: 10 | BF15: 7 | BG15: 1 | BH15: 12 | BI15: 8 | BJ15: 0 | BK15: 0 | BL15: 0 | BM15: 0 | BN15: 1 | BO15: 0 | BP15: 0 | BQ15: 0
A16: Santa Lucia | B16: Aseo | C16: Bolsas Basura 70x90 | AC16: 70X90:10 | AD16: 70X90: 8 | AE16: 3 | AF16: 0 | AG16: 0 | AH16: 8 | AI16: 2 | AJ16: 0 | AK16: 0 | AL16: 0 | AM16: 8 | AN16: 0 | AO16: 5 | AP16: 0 | AR16: 3 | AS16: 2 | AT16: 10 | AU16: 7 | AV16: 7 | AW16: 4 | AX16: 14 | AY16: 12 | AZ16: 9 | BA16: 12 | BB16: 5 | BC16: 3 | BD16: 1 | BE16: 1 | BF16: 0 | BG16: 0 | BH16: 11 | BI16: 6 | BJ16: 4 | BK16: 4 | BL16: 1 | BM16: 0 | BN16: 8 | BO16: 7 | BP16: 2 | BQ16: 1
A17: Santa Lucia | B17: Aseo | C17: Bolsas Basura 80x110 | AC17: 50x70:17 | AD17: 50x70: 2 | AE17: 0 | AF17: 0 | AG17: 0 | AH17: 8 | AI17: 0 | AJ17: 0 | AK17: 0 | AL17: 0 | AM17: 8 | AN17: 0 | AO17: 2 | AP17: 0 | AR17: 0 | AS17: 0 | AT17: 5 | AU17: 4 | AV17: 4 | AW17: 0 | AX17: 14 | AY17: 11 | AZ17: 7 | BA17: 11 | BB17: 14 | BC17: 13 | BD17: 13 | BE17: 8 | BF17: 5 | BG17: 4 | BH17: 15 | BI17: 3 | BJ17: 2 | BK17: 1 | BL17: 0 | BM17: 0 | BN17: 8 | BO17: 7 | BP17: 2 | BQ17: 2
A18: Santa Lucia | B18: Aseo | C18: Esponja 4U | W18: - | X18: - | Y18: - | Z18: - | AA18: - | AB18: 6 | AC18: 3 | AD18: 3 | AE18: 2 | AF18: 2 | AG18: 1 | AH18: 3 | AI18: 1 | AJ18: 2 | AK18: 2 | AL18: 2 | AM18: 5 | AN18: 1 | AO18: 4 | AP18: 4 | AR18: 3 | AS18: 3 | AT18: 4 | AU18: 3 | AV18: 3 | AW18: 2 | AX18: 4 | AY18: 4 | AZ18: 2 | BA18: 4 | BB18: 4 | BC18: 4 | BD18: 4 | BE18: 6 | BF18: 4 | BG18: 4 | BH18: 5 | BI18: 5 | BJ18: 5 | BK18: 5 | BL18: 4 | BM18: 3 | BN18: 3 | BO18: 9 | BP18: 16 | BQ18: 12
A19: Santa Lucia | B19: Aseo | C19: Mopa Redonda | W19: - | X19: - | Y19: - | Z19: - | AA19: - | AB19: 6 | AC19: 6 | AD19: 6 | AE19: 5 | AF19: 4 | AG19: 4 | AH19: 7 | AI19: 7 | AJ19: 7 | AK19: 7 | AL19: 7 | AM19: 9 | AN19: 5 | AO19: 8 | AR19: 5 | AS19: 2 | AT19: 2 | AU19: 2 | AV19: 2 | AW19: 0 | AX19: 6 | AY19: 5 | AZ19: 4 | BA19: 6 | BB19: 6 | BC19: 3 | BD19: 3 | BE19: 2 | BF19: 1 | BG19: 0 | BH19: 5 | BI19: 5 | BJ19: 4 | BK19: 2 | BL19: 0 | BM19: 0 | BN19: 5 | BO19: 4 | BP19: 3 | BQ19: 2
A20: Santa Lucia | B20: Aseo | C20: Microfribra azul | BA20: PD: Berta trajo algunos insumos desde Manuel Montt
A21: Santa Lucia | B21: Aseo | C21: Microfribra verde
A22: Santa Lucia | B22: Aseo | C22: Microfribra amarillo

Sheet SANTA ROSA 
D1: LLEGO PEDIDO | Q1: piso 5 () - piso 6 ()
D2: 45992 | E2: 46020 | F2: 46027 | G2: 46031 | H2: 46034 | I2: 46037 | J2: 46041 | K2: 46045 | L2: 46049 | M2: 46051 | N2: 46055 | O2: 46058 | P2: 46062 | Q2: 46065 | R2: 46069 | S2: 46072 | T2: 46076 | U2: 46077 | V2: 46083 | W2: 46086 | X2: 46090 | Y2: 46094 | Z2: 46100 | AA2: 46104
A3: Sede | B3: Proveedor | C3: Producto | D3: Stock Actual | E3: Stock Actual | F3: Stock Actual | G3: Stock Actual | H3: Stock Actual | I3: Stock Actual | J3: Stock Actual | K3: Stock Actual | L3: Stock Actual | M3: Stock Actual | N3: Stock Actual | O3: Stock Actual | P3: Stock Actual | Q3: Stock Actual | R3: Stock Actual | S3: Stock Actual | T3: Stock Actual | U3: Stock Actual | V3: Stock Actual | W3: Stock Actual | X3: Stock Actual | Y3: Stock Actual | Z3: Stock Actual | AA3: Stock Actual
A4: Santa Rosa | B4: Cafeteria | C4: Cafe Grano (KG) | D4: 6 - 6 | E4: 3 - 3 | F4: piso 5 (2) - piso 6 (2) | G4: piso 5 (2) - piso 6 (2) | H4: piso 5 (2) - piso 6 (2) | I4: piso 5 (2) - piso 6 (1) | J4: piso 5 (1) - piso 6 (0) | K4: piso 5 (0) - piso 6 (0) | L4: piso 5 (1) - piso 6 (0) | M4: piso 5 (0) - piso 6 (0) | N4: piso 5 (2) - piso 6 (2) | O4: piso 5 (2) - piso 6 (1) | P4: piso 5 (1) - piso 6 (2) | Q4: piso 5 (4) - piso 6 (5) | R4: piso 5 (3) - piso 6 (4) | S4: piso 5 (2) - piso 6 (4) | T4: piso 5 (2) - piso 6 (4) | U4: piso 5 (4) - piso 6 (3) | V4: piso 5 (4) - piso 6 (3) | W4: piso 5 (3) - piso 6 (2) | X4: piso 5 (2) - piso 6 (1) | Y4: piso 5 () - piso 6 () | Z4: piso 5 (9) - piso 6 (9) | AA4: piso 3 (3)- piso 5 (2) - piso 6 (3)
A5: Santa Rosa | B5: Cafeteria | C5: Vainilla 500gr | D5: 12 - 12 | E5: 6 - 8 | F5: piso 5 (6) - piso 6 (8) | G5: piso 5 (5) - piso 6 (6) | H5: piso 5 (5) - piso 6 (6) | I5: piso 5 (5) - piso 6 (5) | J5: piso 5 (3) - piso 6 (4) | K5: piso 5 (3) - piso 6 (3) | L5: piso 5 (6) - piso 6 (6) | M5: piso 5 (5) - piso 6 (5) | N5: piso 5 (8) - piso 6 (8) | O5: piso 5 (7) - piso 6 (7) | P5: piso 5 (5) - piso 6 (6) | Q5: piso 5 (10) - piso 6 (11) | R5: piso 5 (9) - piso 6 (10) | S5: piso 5 (8) - piso 6 (9) | T5: piso 5 (6) - piso 6 (9) | U5: piso 5 (10) - piso 6 (8) | V5: piso 5 (10) - piso 6 (7) | W5: piso 5 (9) - piso 6 (6) | X5: piso 5 (7) - piso 6 (4) | Y5: piso 5 () - piso 6 () | Z5: piso 5 (15) - piso 6 (14) | AA5: piso 3 (6)- piso 5 (6) - piso 6 (6)
A6: Santa Rosa | B6: Cafeteria | C6: Chocolate | D6: 6 - 6 | E6: 4 - 4 | F6: piso 5 (3) - piso 6 (4) | G6: piso 5 (3) - piso 6 (3) | H6: piso 5 (3) - piso 6 (3) | I6: piso 5 (3) - piso 6 (3) | J6: piso 5 (2) - piso 6 (3) | K6: piso 5 (2) - piso 6 (1) | L6: piso 5 (2) - piso 6 (3) | M6: piso 5 (5) - piso 6 (1) | N6: piso 5 (3) - piso 6 (5) | O6: piso 5 (3) - piso 6 (5) | P6: piso 5 (4) - piso 6 (3) | Q6: piso 5 (5) - piso 6 (6) | R6: piso 5 (5) - piso 6 (6) | S6: piso 5 (5) - piso 6 (5) | T6: piso 5 (5) - piso 6 (5) | U6: piso 5 (5) - piso 6 (5) | V6: piso 5 (4) - piso 6 (5) | W6: piso 5 (4) - piso 6 (5) | X6: piso 5 (3) - piso 6 (4) | Y6: piso 5 () - piso 6 () | Z6: piso 5 (10) - piso 6 (15) | AA6: piso 3 (6)- piso 5 (4) - piso 6 (6)
A7: Santa Rosa | B7: Cafeteria | C7: Te Natural | D7: 1 - 1 | E7: en uso maq | F7: en uso maq | G7: en maquina | H7: en maquina | I7: en maquina | J7: en maquina | K7: en maquina | L7: 1 bolsa | M7: 1 bolsa | N7: 1 bolsa | O7: 1 bolsa | P7: 1 bolsa | Q7: 1 bolsa | R7: 1 bolsa | S7: 1 bolsa | T7: 1 bolsa | U7: 2 bolsas | V7: 2 bolsas | W7: 2 bolsas | X7: 1 bolsas | Z7: 2 | AA7: 3
A8: Santa Rosa | B8: Aseo | C8: Toalla de Papel Jumbo (UN) | E8: 2ud | F8: 2 ud | G8: 1ud | H8: 0 | I8: 0 | J8: 10 | K8: 8 | L8: 4 | M8: 2 | N8: 0 | O8: 14 | P8: 14 | Q8: 18 | R8: 14 | S8: 12 | T8: 12 | U8: 4 | V8: 2 | W8: 4 | X8: 4 | Z8: 26 | AA8: 20
A9: Santa Rosa | B9: Aseo | C9: Papel Higienico (UN) | E9: 7 | F9: 4 ud | G9: 16ud | H9: 8 | I9: 8 | J9: 24 | K9: 52 | L9: 40 | M9: 36 | N9: 32 | O9: 32 | P9: 32 | Q9: 40 | R9: 36 | S9: 36 | T9: 36 | U9: 36 | V9: 32 | W9: 28 | X9: 28 | Z9: 40 | AA9: 36
A10: Santa Rosa | B10: Cafeteria | C10: Resma Papel Fotocopia (UN) | E10: 5 | F10: 5 | G10: 5 | H10: 5 | I10: 5 | J10: 5 | K10: 6 | L10: 5 | M10: 5 | N10: 5 | O10: 5 | P10: 5 | Q10: 4 | R10: 4 | S10: 5 | T10: 5 | U10: 5 | V10: 5 | W10: 5 | X10: 5 | Z10: 5 | AA10: 6
A11: Santa Rosa | B11: Cafeteria | C11: Servilletas | E11: 9 | F11: 8 | G11: 8 | H11: 7 | I11: 7 | J11: 5 | K11: 10 | L11: 9 | M11: 8 | N11: 7 | O11: 6 | P11: 6 | Q11: 44 | R11: 44 | S11: 40 | T11: 39 | U11: 33 | V11: 30 | W11: 25 | X11: 25 | Z11: 29 | AA11: 29
A12: Santa Rosa | B12: Cafeteria | C12: Leche en polvo | E12: 6 - 7 | F12: piso 5 (4) - piso 6 (6) | G12: piso 5 (4) - piso 6 (4) | H12: piso 5 (3) - piso 6 (4) | I12: piso 5 (2) - piso 6 (3) | J12: piso 5 (1) - piso 6 (2) | K12: piso 5 (0) - piso 6 (0) | L12: piso 5 (2) - piso 6 (2) | M12: piso 5 (1) - piso 6 (1) | N12: piso 5 (5) - piso 6 (4) | O12: piso 5 (2) - piso 6 (1) | P12: piso 5 (2) - piso 6 (2) | Q12: piso 5 (6) - piso 6 (7) | R12: piso 5 (5) - piso 6 (6) | S12: piso 5 (4) - piso 6 (5) | T12: piso 5 (3) - piso 6 (6) | U12: piso 5 (6) - piso 6 (6) | V12: piso 5 (6) - piso 6 (6) | W12: piso 5 (5) - piso 6 (5) | X12: piso 5 (2) - piso 6 (2) | Y12: piso 5 () - piso 6 () | Z12: piso 5 (16) - piso 6 (15) | AA12: piso 3 (6)- piso 5 (6) - piso 6 (6)
A13: Santa Rosa | B13: Cafeteria | C13: Cafe Granulado | Z13: 2 | AA13: 1
A14: Santa Rosa | B14: Cafeteria | C14: Endulzante | E14: 0 | F14: 0 | G14: 0 | H14: 0 | I14: 0 | J14: 0 | K14: 0 | L14: 0 | M14: 0 | N14: 0 | O14: 0 | P14: 1 | Q14: 1 | R14: 1 | S14: 1 | T14: 1 | U14: 1 | V14: 1 | W14: 1 | X14: 1 | Z14: 4 | AA14: 5
A15: Santa Rosa | B15: Aseo | C15: Cloro Gel | E15: 0 | F15: 0 | G15: 0 | H15: 0 | I15: 0 | J15: 1 | K15: 1 | L15: 1 | M15: 1 | N15: 1 | O15: 1 | P15: 1 | Q15: 3 | R15: 3 | S15: 2 | T15: 2 | U15: 1 | V15: 1 | W15: 1 | X15: 0 | Z15: 1 | AA15: 1
A16: Santa Rosa | B16: Aseo | C16: Limpia Piso | E16: 2 | F16: 2 | G16: 1 | H16: 1 | I16: 1 | J16: 1 | K16: 2 | L16: 2 | M16: 2 | N16: 2 | O16: 2 | P16: 2 | Q16: 5 | R16: 4 | S16: 3 | T16: 3 | U16: 3 | V16: 3 | W16: 1 | X16: 1 | Z16: 1 | AA16: 3
A17: Santa Rosa | B17: Aseo | C17: Bolsas Basura 80x110 | D17: 80x110 | E17: 5 | F17: 5 | G17: 2 | H17: 1 | I17: 1 | J17: 8 | K17: 11 | L17: 11 | M17: 10 | N17: 8 | O17: 8 | P17: 8 | Q17: 25 | R17: 24 | S17: 24 | T17: 24 | U17: 20 | V17: 15 | W17: 15 | X17: 15 | Z17: 28 | AA17: 26
A18: Santa Rosa | B18: Aseo | C18: Bolsas Basura 70x90 | D18: 70x90 | E18: 6 | F18: 5 | G18: 5 | H18: 2 | I18: 2 | J18: 8 | K18: 16 | L18: 13 | M18: 13 | N18: 10 | O18: 8 | P18: 8 | Q18: 20 | R18: 17 | S18: 16 | T18: 16 | U18: 13 | V18: 10 | W18: 3 | X18: 3 | Z18: 21 | AA18: 13
A19: Santa Rosa | B19: Aseo | C19: Bolsas Basura 50x70 | D19: 50x70 | E19: 9 | F19: 6 | G19: 4 | H19: 1 | I19: 1 | J19: 5 | K19: 12 | L19: 9 | M19: 7 | N19: 4 | O19: 1 | P19: 1 | Q19: 20 | R19: 17 | S19: 9 | T19: 7 | U19: 2 | V19: 0 | W19: 0 | X19: 0 | Z19: 4 | AA19: 13
A20: Santa Rosa | B20: Aseo | C20: Esponja 4U | E20: 0 | F20: 0 | G20: 0 | H20: 0 | I20: 0 | J20: 0 | K20: 16 | L20: 12 | M20: 8 | N20: 6 | O20: 4 | P20: 2 | Q20: 12 | R20: 9 | S20: 9 | T20: 4 | U20: 4 | V20: 4 | W20: 0 | X20: 0 | Z20: 4 | AA20: 4
A21: Santa Rosa | B21: Aseo | C21: Mopa Redonda | E21: 2 | F21: 2 | G21: 2 | H21: 2 | I21: 2 | J21: 4 | K21: 8 | L21: 7 | M21: 7 | N21: 7 | O21: 7 | P21: 7 | Q21: 11 | R21: 11 | S21: 3 | T21: 2 | U21: 1 | V21: 0 | W21: 0 | X21: 0 | Z21: 5 | AA21: 4

Sheet PLAZA EGAÑA
D1: JUNIO | E1: JUNIO | F1: JUNIO | G1: JUNIO | H1: JUNIO | I1: JULIO | J1: JULIO | K1: JULIO | L1: JULIO | M1: AGOSTO | N1: AGOSTO | O1: AGOSTO | P1: AGOSTO | Q1: SEPTIEMBRE | R1: SEPTIEMBRE | S1: SEPTIEMBRE | T1: SEPTIEMBRE | U1: SEPTIEMBRE | V1: OCTUBRE | W1: OCTUBRE | X1: OCTUBRE | Y1: OCTUBRE | Z1: NOVIEMBRE | AA1: NOVIEMBRE | AB1: NOVIEMBRE | AC1: NOVIEMBRE | AD1: NOVIEMBRE | AE1: NOVIEMBRE | AF1: NOVIEMBRE | AG1: NOVIEMBRE | AH1: DICIEMBRE | AI1: DICIEMBRE | AJ1: DICIEMBRE | AK1: DICIEMBRE | AL1: DICIEMBRE | AM1: DICIEMBRE | AN1: DICIEMBRE | AO1: DICIEMBRE | AP1: ENERO | AQ1: ENERO | AR1: ENERO | AS1: ENERO | AT1: ENERO | AU1: ENERO | AV1: ENERO | AW1: ENERO | AX1: FEBRERO | AY1: FEBRERO | AZ1: FEBRERO | BA1: FEBRERO | BB1: FEBRERO | BC1: FEBRERO | BD1: FEBRERO | BE1: FEBRERO | BF1: MARZO | BG1: MARZO | BH1: MARZO | BI1: MARZO | BJ1: MARZO | BK1: MARZO | BL1: MARZO | BM1: MARZO | BN1: MARZO
D2: 45811 | E2: =D2+6 -> 45817 | F2: =E2+7 -> 45824 | G2: =F2+7 -> 45831 | H2: =G2+7 -> 45838 | I2: =H2+7 -> 45845 | J2: =I2+7 -> 45852 | K2: =J2+7 -> 45859 | L2: =K2+7 -> 45866 | M2: 45873 | N2: 45880 | O2: 45887 | P2: 45894 | Q2: 45901 | R2: 45908 | S2: 45915 | T2: 45922 | U2: 45929 | V2: =U2+7 -> 45936 | W2: 45943 | X2: 45950 | Y2: 45957 | Z2: =Y2+7 -> 45964 | AA2: 45967 | AB2: 45971 | AC2: 45978 | AD2: 45979 | AE2: 45981 | AF2: 45985 | AG2: 45989 | AH2: 45992 | AI2: 45995 | AJ2: 46000 | AK2: 46002 | AL2: 46006 | AM2: 46009 | AN2: 46013 | AO2: 46020 | AP2: 46027 | AQ2: 46030 | AR2: 46034 | AS2: 46037 | AT2: 46041 | AU2: 46044 | AV2: 46048 | AW2: 46051 | AX2: 46055 | AY2: 46058 | AZ2: 46062 | BA2: 46065 | BB2: 46069 | BC2: 46072 | BD2: 46076 | BE2: 46079 | BF2: 46083 | BG2: 46086 | BH2: 46090 | BI2: 46093 | BJ2: 46097 | BK2: 46100 | BL2: 46104 | BM2: 46107 | BN2: 46111
A3: Sede | B3: Proveedor | C3: Producto | D3: Stock Actual | E3: Stock Actual | F3: Stock Actual | G3: Stock Actual | H3: Stock Actual | I3: Stock Actual | J3: Stock Actual | K3: Stock Actual | L3: Stock Actual | M3: Stock Actual | N3: Stock Actual | O3: Stock Actual | P3: Stock Actual | Q3: Stock Actual | R3: Stock Actual | S3: Stock Actual | T3: Stock Actual | U3: Stock Actual | V3: Stock Actual | W3: Stock Actual | X3: Stock Actual | Y3: Stock Actual | Z3: Stock Actual | AA3: Stock Actual | AB3: Stock Actual | AC3: Stock Actual | AD3: Stock Actual | AE3: Stock Actual | AF3: Stock Actual | AG3: Stock Actual | AH3: Stock Actual | AI3: Stock Actual | AJ3: Stock Actual | AK3: Stock Actual | AL3: Stock Actual | AM3: Stock Actual | AN3: Stock Actual | AO3: Stock Actual | AP3: Stock Actual | AQ3: Stock Actual | AR3: Stock Actual | AS3: Stock Actual | AT3: Stock Actual | AU3: Stock Actual | AV3: Stock Actual | AW3: Stock Actual | AX3: Stock Actual | AY3: Stock Actual | AZ3: Stock Actual | BA3: Stock Actual | BB3: Stock Actual | BC3: Stock Actual | BD3: Stock Actual | BE3: Stock Actual | BF3: Stock Actual | BG3: Stock Actual | BH3: Stock Actual | BI3: Stock Actual | BJ3: Stock Actual | BK3: Stock Actual | BL3: Stock Actual | BM3: Stock Actual | BN3: Stock Actual
A4: Plaza Egaña | B4: Cafeteria | C4: Cafe Grano (KG) | D4: 1 | E4: 0 | F4: 13 | G4: 7 | H4: 3 | I4: 20 | J4: 9 | K4: 4 | L4: 10 | M4: 4 | N4: 1 | O4: 0 | P4: 1 | Q4: 7 | R4: 4 | S4: 1 | T4: 0 | U4: 9 | V4: 7 | W4: 4 | X4: 1 | Y4: 12 | Z4: 9KG | AA4: 7 kg | AB4: 3 kg | AC4: 0 | AD4: 8 kg | AE4: 5 KG | AF4: 3kg | AG4: 2 kg | AH4: 0 | AI4: 10 kg | AJ4: 9kg | AK4: 8 kg | AL4: 6 kig | AM4: 3 kg | AN4: 13 | AO4: 10 | AP4: 10 | AQ4: 8 | AR4: 7 | AS4: 6 | AT4: 5 | AU4: 4 | AV4: 3 | AW4: 10 | AX4: 9 | AY4: 8 | AZ4: 7 | BA4: 5 | BB4: 5 | BC4: 4 | BD4: 1 | BE4: 0 | BF4: 13 | BG4: 10 | BH4: 8 | BI4: 6 | BJ4: 5 | BK4: 16 | BL4: 15
A5: Plaza Egaña | B5: Cafeteria | C5: Toalla de Papel Jumbo (UN) | D5: 1 | E5: 0 | F5: 0 | G5: 6 | H5: 1 | I5: 3 | J5: 1 | K5: 0 | L5: 2 | M5: 1 | N5: 0 | O5: 3 | P5: 1 | Q5: 0 | R5: 3 | S5: 1 | T5: 0 | U5: 0 | V5: 0 | W5: 2 | X5: 0 | Y5: 4 | Z5: 2 | AA5: 0 | AB5: 0 | AC5: 3 | AE5: 2 | AF5: 0 | AG5: 0 | AH5: 0 | AI5: 7 | AJ5: 6 | AK5: 3 | AL5: 2 | AM5: 1 | AN5: 7 | AO5: 5 | AP5: 4 | AQ5: 3 | AR5: 3 | AS5: 8 | AT5: 7 | AU5: 11 | AV5: 11 | AW5: 9 | AX5: 9 | AY5: 8 | AZ5: 6 | BA5: 3 | BB5: 1 | BC5: 6 | BD5: 5 | BE5: 4 | BF5: 3 | BG5: 1 | BH5: 0 | BI5: 5 | BJ5: 5 | BK5: 1 | BL5: 0
A6: Plaza Egaña | B6: Cafeteria | C6: Papel Higienico (UN) | D6: 8 | E6: 4 | F6: 0 | G6: 6 | H6: 4 | I6: 5 | J6: 3 | K6: 0 | L6: 3 | M6: 2 | N6: 0 | O6: 3 | P6: 2 | Q6: 3/ sin papel | R6: 4 | S6: 3 | T6: 2 | U6: 0 | V6: 0 | W6: 4 | X6: 1 | Y6: 7 | Z6: 5 | AA6: 4 | AB6: 1 | AC6: 7 | AE6: 6 | AF6: 6 | AG6: 5 | AH6: 6 | AI6: 7 | AJ6: 7 | AK6: 6 | AL6: 6 | AM6: 5 | AN6: 8 | AO6: 6 | AP6: 6 | AQ6: 5 | AR6: 5 | AS6: 10 | AT6: 9 | AU6: 12 | AV6: 12 | AW6: 11 | AX6: 9 | AY6: 8 | AZ6: 7 | BA6: 7 | BB6: 6 | BC6: 8 | BD6: 13 | BE6: 12 | BF6: 10 | BG6: 8 | BH6: 8 | BI6: 9 | BJ6: 9 | BK6: 8 | BL6: 7
A7: Plaza Egaña | B7: Cafeteria | C7: Resma Papel Fotocopia (UN) | D7: 4 | E7: 3 | F7: 1 | G7: 0 | H7: 0 | I7: 0 | J7: 0 | K7: 0 | L7: 3 | M7: 1 | N7: 0 | O7: 0 | P7: 0 | Q7: 0 | R7: 3 | S7: 2 | T7: 2 | U7: 2 | V7: 2 | W7: 2 | X7: 2 | Y7: 2 | Z7: 2 | AA7: 2 | AB7: 1 | AC7: 4 | AE7: 4 | AF7: 4 | AG7: 4 | AH7: 4 | AI7: 3 | AJ7: 3 | AK7: 3 | AL7: 3 | AM7: 3 | AN7: 6 | AO7: 6 | AP7: 6 | AQ7: 6 | AR7: 6 | AS7: 6 | AT7: 6 | AU7: 6 | AV7: 6 | AW7: 6 | AX7: 6 | AY7: 6 | AZ7: 6 | BA7: 6 | BB7: 6 | BC7: 8 | BD7: 8 | BE7: 8 | BF7: 8 | BG7: 7 | BH7: 7 | BI7: 8 | BJ7: 8 | BK7: 7 | BL7: 7
A8: Plaza Egaña | B8: Cafeteria | C8: Servilletas | P8: 1 | Q8: 0 | U8: 0 | V8: 0 | W8: esto alcanza para esta semana | Z8: 7 | AA8: 4 | AB8: 2 | AC8: 10 paq | AE8: 7 | AF8: 6 | AG8: 4 | AH8: 2 | AI8: 10 | AJ8: 7 | AK8: 4 | AL8: 4 | AM8: 2 | AN8: 14 | AO8: 12 | AP8: 6 | AQ8: 4 | AR8: 4 | AS8: 10 | AT8: 9 | AU8: 21 | AV8: 21 | AW8: 19 | AX8: 16 | AY8: 12 | AZ8: 7 | BA8: 6 | BB8: 4 | BC8: 18 | BD8: 14 | BE8: 10 | BF8: 6 | BG8: 2 | BH8: 2 | BI8: 16 | BJ8: 14 | BK8: 12 | BL8: 10
A9: Plaza Egaña | B9: Cafeteria | C9: Leche Liquida | Z9: 19 LTS | AA9: 15 lts | AB9: 11 lts | AC9: 13 lts | AE9: 9 | AF9: 8 | AG9: 6 | AH9: 8 | AI9: 7 | AJ9: 6 | AK9: 5 | AL9: 4 | AM9: 1 | AN9: 1 | AO9: 0 | AP9: 0 | AQ9: 0 | AR9: 0 | AS9: 0 | AT9: 0 | AU9: 12 | AV9: 11 | AW9: 7 | AX9: 5 | AY9: 4 | AZ9: 2 | BA9: 0 | BB9: 0 | BC9: 14 | BD9: 12 | BE9: 9 | BF9: 7 | BG9: 2 | BH9: 0 | BI9: 22 | BJ9: 20 | BK9: 11 | BL9: 8
A10: Plaza Egaña | B10: Cafeteria | C10: Cafe Granulado | BI10: 1 | BJ10: 1 | BK10: 1 | BL10: 1
A11: Plaza Egaña | B11: Cafeteria | C11: Endulzante | Z11: 2 | AA11: 2 | AB11: 1 | AC11: 0 | AE11: 0 | AF11: 0 | AG11: 0 | AH11: 0 | AI11: 3 | AJ11: 2 | AK11: 1 | AL11: 1 | AM11: 1 | AN11: 1 | AO11: 3 | AP11: 3 | AQ11: 2 | AR11: 2 | AS11: 2 | AT11: 2 | AU11: 3 | AV11: 3 | AW11: 2 | AX11: 2 | AY11: 1 | AZ11: 1 | BA11: 1 | BB11: 1 | BC11: 1 | BD11: 2 | BE11: 2 | BF11: 0 | BG11: 0 | BH11: 0 | BI11: 1 | BJ11: 0 | BK11: 0 | BL11: 0
A12: Plaza Egaña | B12: Aseo | C12: Cloro Gel | V12: - | W12: - | X12: - | Y12: - | Z12: - | AA12: - | AB12: - | AC12: 0 | AE12: 0 | AF12: 0 | AG12: 0 | AH12: 0 | AI12: 0 | AJ12: 0 | AK12: 0 | AL12: 0 | AM12: 0 | AN12: 1 | AO12: 3 | AP12: 2 | AQ12: 0 | AR12: 0 | AS12: 1 | AT12: 1 | AU12: 1 | AV12: 1 | AW12: 1 | AX12: 0 | AY12: 0 | AZ12: 0 | BA12: 0 | BB12: 0 | BC12: 1 | BD12: 2 | BE12: 2 | BF12: 1 | BG12: 1 | BH12: 1 | BI12: 1 | BJ12: 1 | BK12: 0 | BL12: 0
A13: Plaza Egaña | B13: Aseo | C13: Limpia Piso | V13: - | W13: - | X13: - | Y13: - | Z13: - | AA13: - | AB13: - | AC13: 1 | AE13: 1 | AF13: 1 | AG13: 1 | AH13: 1 | AI13: 1 | AJ13: 1 | AK13: 0 | AL13: 0 | AM13: 0 | AN13: 2 | AO13: 1 | AP13: 1 | AQ13: 1 | AR13: 1 | AS13: 1 | AT13: 1 | AU13: 1 | AV13: 1 | AW13: 1 | AX13: 1 | AY13: 1 | AZ13: 1 | BA13: 1 | BB13: 1 | BC13: 2 | BD13: 2 | BE13: 2 | BF13: 1 | BG13: 1 | BH13: 1 | BI13: 1 | BJ13: 1 | BK13: 1 | BL13: 1
A14: Plaza Egaña | B14: Aseo | C14: Bolsas Basura 50x70 | V14: - | W14: - | X14: - | Y14: - | Z14: - | AA14: - | AB14: - | AC14: 3 | AE14: 3 | AF14: 3 | AG14: 3 | AH14: 0 | AI14: 29 | AJ14: 27 | AK14: 25 | AL14: 24 | AM14: 21 | AN14: 45 | AO14: 42 | AP14: 40 | AQ14: 36 | AR14: 35 | AS14: 59 | AT14: 57 | AU14: 20 | AV14: 19 | AW14: 15 | AX14: 12 | AY14: 12 | AZ14: 9 | BA14: 6 | BB14: 5 | BC14: 12 | BD14: 12 | BE14: 12 | BF14: 10 | BG14: 7 | BH14: 7 | BI14: 18 | BJ14: 16 | BK14: 14 | BL14: 11
A15: Plaza Egaña | B15: Aseo | C15: Bolsas Basura 70x90 | AO15: 0 | AP15: 0 | AQ15: 0 | AR15: 0 | AS15: 0 | AT15: 0 | AU15: 20 | AV15: 19 | AW15: 15 | AX15: 14 | AY15: 14 | AZ15: 11 | BA15: 7 | BB15: 6 | BC15: 14 | BD15: 14 | BE15: 14 | BF15: 12 | BG15: 9 | BH15: 9 | BI15: 20 | BJ15: 18 | BK15: 16 | BL15: 14
A16: Plaza Egaña | B16: Aseo | C16: Bolsas Basura 80x110 | AO16: 0 | AP16: 0 | AQ16: 0 | AR16: 0 | AS16: 0 | AT16: 0 | AU16: 30 | AV16: 29 | AW16: 15 | AX16: 13 | AY16: 13 | AZ16: 9 | BA16: 6 | BB16: 5 | BC16: 12 | BD16: 12 | BE16: 12 | BF16: 10 | BG16: 7 | BH16: 7 | BI16: 8 | BJ16: 6 | BK16: 4 | BL16: 2
A17: Plaza Egaña | B17: Aseo | C17: Esponja 4U | V17: - | W17: - | X17: - | Y17: - | Z17: - | AA17: - | AB17: - | AC17: 1 | AE17: 1 | AF17: 1 | AG17: 1 | AH17: 0 | AI17: 1 | AJ17: 0 | AK17: 0 | AL17: 0 | AM17: 0 | AN17: 2 | AO17: 1 | AP17: 1 | AQ17: 1 | AR17: 1 | AS17: 2 | AT17: 1 | AU17: 1 | AV17: 1 | AW17: 1 | AX17: 1 | AY17: 1 | AZ17: 1 | BA17: 2 | BB17: 2 | BC17: 2 | BD17: 1 | BE17: 0 | BF17: 0 | BG17: 0 | BH17: 0 | BI17: 2 | BJ17: 0 | BK17: 0 | BL17: 0
A18: Plaza Egaña | B18: Aseo | C18: Mopa Redonda | V18: - | W18: - | X18: - | Y18: - | Z18: - | AA18: - | AB18: - | AC18: 1 | AE18: 1 | AF18: 1 | AG18: 1 | AH18: 1 | AI18: 3 | AJ18: 3 | AK18: 3 | AL18: 2 | AM18: 2 | AN18: 4 | AO18: 3 | AP18: 2 | AQ18: 2 | AR18: 1 | AS18: 3 | AT18: 3 | AU18: 2 | AV18: 2 | AW18: 2 | AX18: 2 | AY18: 2 | AZ18: 2 | BA18: 2 | BB18: 2 | BC18: 4 | BD18: 4 | BE18: 3 | BF18: 3 | BG18: 3 | BH18: 3 | BI18: 6 | BJ18: 6 | BK18: 5 | BL18: 4

Sheet NEOHAUS
D1: JUNIO | E1: JUNIO | F1: JUNIO | G1: JUNIO | H1: JUNIO
D2: 45811 | E2: =D2+6 -> 45817 | F2: =E2+7 -> 45824 | G2: =F2+7 -> 45831 | H2: =G2+7 -> 45838 | I2: =H2+7 -> 45845 | J2: =I2+7 -> 45852 | K2: =J2+7 -> 45859 | L2: =K2+7 -> 45866 | M2: 45873 | N2: 45880 | O2: 45887 | P2: 45894 | Q2: 45915 | R2: 45922 | S2: 45929 | T2: =S2+7 -> 45936 | U2: =T2+7 -> 45943 | V2: =U2+7 -> 45950 | W2: =V2+7 -> 45957 | X2: =W2+7 -> 45964 | Y2: 45971 | Z2: 45978 | AA2: 45981 | AB2: 45985 | AC2: 45987 | AD2: 45988 | AE2: 45993 | AF2: 45996 | AG2: 46000 | AH2: 46006 | AI2: 46013 | AJ2: 46020 | AK2: 46027 | AL2: 46030 | AM2: 46034 | AN2: 46037 | AO2: 46041 | AP2: 46051 | AQ2: 46055 | AR2: 46065 | AS2: 46069 | AT2: 46072 | AU2: 46076 | AV2: 46079 | AW2: 46083 | AX2: 46086 | AY2: 46090 | AZ2: 46091 | BA2: 46093 | BB2: 46097 | BC2: 46100 | BD2: 46104
A3: Sede | B3: Proveedor | C3: Producto | D3: Stock Actual | E3: Stock Actual | F3: Stock Actual | G3: Stock Actual | H3: Stock Actual | I3: Stock Actual | J3: Stock Actual | K3: Stock Actual | L3: Stock Actual | M3: Stock Actual | N3: Stock Actual | O3: Stock Actual | P3: Stock Actual | Q3: Stock Actual | R3: Stock Actual | S3: Stock Actual | T3: Stock Actual | U3: Stock Actual | V3: Stock Actual | W3: Stock Actual | X3: Stock Actual | Y3: Stock Actual | Z3: Stock Actual | AA3: Stock Actual | AB3: Stock Actual | AC3: Stock Actual | AD3: Stock Actual | AE3: Stock Actual | AF3: Stock Actual | AG3: Stock Actual | AH3: Stock Actual | AI3: Stock Actual | AJ3: Stock Actual | AK3: Stock Actual | AL3: Stock Actual | AM3: Stock Actual | AN3: Stock Actual | AO3: Stock Actual | AP3: Stock Actual | AQ3: Stock Actual | AR3: Stock Actual | AS3: Stock Actual | AT3: Stock Actual | AU3: Stock Actual | AV3: Stock Actual | AW3: Stock Actual | AX3: Stock Actual | AY3: Stock Actual | AZ3: Stock Actual | BA3: Stock Actual | BB3: Stock Actual | BC3: Stock Actual | BD3: Stock Actual
A4: Neohaus | B4: Corporate Coffe | C4: Cafe Grano (KG) | D4: 1 KG | E4: 1 KG | F4: 1 KG | G4: 1 KG | H4: 0 | I4: 1 KG | J4: 1 KG | K4: 1 KG | L4: 1 KG | M4: 1 kg | N4: 0 | O4: 0 | P4: 0 | Q4: 0 | R4: 0 | S4: 2 | T4: 0 | U4: 0 | V4: 0 | W4: 0 | X4: 1 | Y4: 1 | Z4: 1 kilo | AB4: 1 kilo | AC4: 3 kilos | AD4: 2 kilos | AE4: Sin stock | AF4: 2 kilos | AG4: 1 kilo | AH4: sin stock | AI4: 1 kilo | AJ4: 1 kilo | AK4: sin stock | AL4: 1 kilo | AM4: sin stock | AN4: 1 kilo | AO4: sin stock | AP4: sin stock | AQ4: 2 kilos | AR4: 1 kilo | AS4: 1 kilo | AT4: 1 kilo | AU4: 1 kilo | AV4: sin stock | AW4: sin stock | AX4: 2 kilos | AY4: 1 kilo | AZ4: 1 kilo | BA4: 3 kilos | BB4: 1 kilo | BC4: 2 kilos | BD4: 1 kilos
A5: Neohaus | B5: Cafeteria | C5: Toalla de Papel Jumbo (UN) | D5: 8 paquetes | E5: 4 paquetes | F5: 3 paquetes | G5: 1 paquete | H5: 0 | I5: 8 paquetes | J5: 4 paquetes | K5: 2 paquetes | L5: 5 paquetes | M5: 4 paquetes | N5: 0 | O5: 0 | P5: 0 | Q5: 0 | R5: 0 | S5: 0 | T5: 0 | U5: 0 | V5: 0 | W5: 3 | X5: 2 | Y5: 2 | Z5: 0 | AA5: Sin stock | AB5: Sin stock | AC5: Sin stock | AD5: Sin stock | AE5: 6 paquetes | AF5: 3 paquetes | AG5: 2 paquetes | AH5: 1 paquetes | AI5: 2 paquetes | AJ5: 4 paquetes | AK5: 3 paquetes | AL5: 2 paquetes | AM5: 1 paquete | AN5: 1 paquete | AO5: sin stock | AP5: sin stock | AQ5: 3 paquetes | AR5: 2 paquetes | AS5: 2 paquetes | AT5: 2 paquetes | AU5: sin stock | AV5: sin stock | AW5: sin stock | AX5: sin stock | AY5: sin stock | AZ5: 6 paquetes | BA5: 3 paquetes | BB5: sin stock | BC5: sin stock | BD5: sin stock
A6: Neohaus | B6: Cafeteria | C6: Papel Higienico (UN) | D6: 14 paquetes | E6: 10 paquetes | F6: 9 paquetes | G6: 7 paquetes | H6: 4 paquetes | I6: 14 paquetes | J6: 10 paquetes | K6: 7 paquetes | L6: 9 paquetes | M6: 12 paquetes | N6: 9 paquetes | O6: 8 paquetes | P6: 6 paquetes | Q6: 5 paquetes | R6: 2 paquetes | S6: 6 paquetes | T6: 4 paquetes | U6: 4 paquetes | V6: 3 paquetes | W6: 6 paquetes | X6: 5 paquetes | Y6: 5 paquetes | Z6: 3 paquetes | AA6: 3 paquetes | AB6: 3 paquetes | AC6: 2 paquetes | AD6: 2 paquetes | AE6: 4 paquetes | AF6: 6 paquetes | AG6: 4 paquetes | AH6: 2 paquetes | AI6: 6 paquetes | AJ6: 9 paquetes | AK6: 6 paquetes | AL6: 6 paquetes | AM6: 6 paquetes | AN6: 6 paquetes | AO6: 4 unidades | AP6: 4 unidades | AQ6: 6 paquetes | AR6: 4 paquetes | AS6: sin stock | AT6: sin stock | AU6: sin stock | AV6: sin stock | AW6: sin stock | AX6: sin stock | AY6: sin stock | AZ6: 6 paquetes | BA6: 6 paquetes | BB6: 6 paquetes | BC6: 6 paquetes | BD6: 4 paquetes
A7: Neohaus | B7: Papelería | C7: Resma Papel Fotocopia (UN) | D7: 2 | E7: 0 | F7: 0 | G7: 0 | H7: 0 | I7: 2 | J7: 0 | K7: 0 | L7: 3 | M7: 2 | N7: 0 | O7: 0 | P7: 0 | Q7: 0 | R7: 0 | S7: 1 | T7: 0 | U7: 0 | V7: 0 | W7: 0 | X7: 0 | Y7: 0 | Z7: 0 | AA7: Sin stock | AB7: Sin stock | AC7: Sin stock | AD7: Sin stock | AE7: 4 paquetes | AF7: 1 paquetes | AG7: sin stock | AH7: sin stock | AI7: 5 paquetes | AJ7: 1 paquete | AK7: sin stock | AL7: sin stock | AM7: sin stock | AN7: sin stock | AO7: sin stock | AP7: sin stock | AQ7: sin stock | AR7: sin stock | AS7: sin stock | AT7: sin stock | AU7: sin stock | AV7: sin stock | AW7: sin stock | AX7: sin stock | AY7: sin stock | AZ7: 8 unidades | BA7: 5 unidades | BB7: 3 unidades | BC7: 3 unidades | BD7: 2 unidades
A8: Neohaus | B8: Cafeteria | C8: Cafe Granulado | BB8: 1 unidad | BC8: 1 unidad | BD8: 1 unidad
A9: Neohaus | B9: Cafeteria | C9: Endulzante | Z9: 3 paquetes | AA9: 2 paquetes | AB9: 1.5 paquetes | AC9: 2 paquetes | AD9: 2 paquetes | AE9: 1 unidad | AF9: 2 unidades | AG9: 1 unidad | AH9: 1 unidad | AI9: 3 unidad | AJ9: 3 unidades | AK9: 3 unidades | AL9: 2 unidades | AM9: 2 unidades | AN9: 2 unidades | AO9: 2 unidades | AP9: 3 unidades | AQ9: 3 unidades | AR9: 2 unidades | AS9: 2 unidades | AT9: 2 unidades | AU9: 2 unidades | AV9: 1 unidades | AW9: 1 unidades | AX9: 1 unidades | AY9: 1 unidades | AZ9: 1 unidades | BA9: 1 unidad | BB9: 1 unidad | BC9: 1 unidad | BD9: 1 unidad
A10: Neohaus | B10: Cafeteria | C10: Vasos de cartón | AE10: 8 paquetes | AF10: 5 paquetes | AG10: 4 paquetes | AH10: 1 paquete | AI10: 10 paquete | AJ10: 7 paquetes | AK10: 5 paquetes | AL10: 2 paquetes | AM10: 1 paquete | AN10: sin stock | AO10: sin stock | AP10: 6 paquetes | AQ10: 5 paquetes | AR10: 2 paquetes | AS10: 1 paquete | AT10: 1 paquete | AU10: sin stock | AV10: sin stock | AW10: sin stock | AX10: sin stock | AY10: sin stock | AZ10: 8 paquetes | BA10: 5 paquetes | BB10: 3 paquetes | BC10: 3 paquetes | BD10: sin stock
A11: Neohaus | B11: Cafeteria | C11: Aceite de oliva | Z11: Sin stock | AA11: Sin stock | AB11: Sin stock | AC11: Sin stock | AD11: Sin stock | AE11: Sin stock | AF11: Sin stock | AG11: Sin stock | AH11: Sin stock | AI11: Sin stock | AJ11: Sin stock | AK11: Sin stock | AL11: Sin stock | AM11: Sin stock | AN11: sin stock | AO11: sin stock | AP11: 2 unidades | AQ11: Sin stock | AR11: Sin stock | AS11: Sin stock | AT11: Sin stock | AU11: Sin stock | AV11: Sin stock | AW11: Sin stock | AX11: Sin stock | AY11: Sin stock | AZ11: 4 unidades | BA11: 3 unidades | BB11: 3 unidades | BC11: 3 unidades | BD11: 2 unidades
A12: Neohaus | B12: Aseo | C12: Cloro Gel | T12: - | U12: - | V12: - | W12: - | X12: - | Y12: - | Z12: 2 unidades | AA12: 1 unidad | AB12: 1 unidad | AC12: 1 unidad | AD12: 1 unidad | AE12: 1 bidón | AF12: 1 bidón | AG12: 1 bidón | AH12: 1 bidón | AI12: 1 bidón | AJ12: 1 bidón | AK12: 1 bidón | AL12: 1 bidón | AM12: 1 bidón | AN12: 1 bidón | AO12: 1 bidón | AP12: 1 bidón | AQ12: 1 bidón | AR12: 1 bidón | AS12: 1 bidón | AT12: 1 bidón | AU12: 1 bidón | AV12: 1 bidón | AW12: 1 bidón | AX12: 1 bidón | AY12: 1 bidón | AZ12: 1 bidón | BA12: 1 bidón | BB12: 1 bidón | BC12: 1 bidón | BD12: 1 bidón
A13: Neohaus | B13: Aseo | C13: Limpia Piso | T13: - | U13: - | V13: - | W13: - | X13: - | Y13: - | Z13: medio bidón (2.5 litros) | AA13: Sin stock | AB13: Sin stock | AC13: Sin stock | AD13: Sin stock | AE13: 1 bidón | AF13: 1 bidón | AG13: 1 bidón | AH13: 1 bidón | AI13: 2 bidones | AJ13: 2 bidones | AK13: 2 bidones | AL13: 1 bidón | AM13: 1 bidón | AN13: 1 bidón | AO13: 1 bidón | AP13: 1 bidón | AQ13: 1 bidón | AR13: 1 bidón | AS13: 1 bidón | AT13: 1 bidón | AU13: 1 bidón | AV13: 1 bidón | AW13: 1 bidón | AX13: 1 bidón | AY13: 1 bidón | AZ13: 1 bidón | BA13: 1 bidón | BB13: 1 bidón | BC13: 1 bidón | BD13: 1 bidón
A14: Neohaus | B14: Aseo | C14: Bolsas Basura | T14: - | U14: - | V14: - | W14: - | X14: - | Y14: - | Z14: 2 paquetes de las pequñas, 4 paquetes de las medianas | AA14: 1 paquete de las pequeñas, 3 paquetes de las medianas | AB14: 1 paquete de las pequeñas, 2 paquetes de las medianas | AC14: 1 paquete de las pequeñas, 2 paquetes de las medianas | AD14: 1 paquete de las pequeñas, 2 paquetes de las medianas | AE14: 5 paquetes de cada tamaño | AF14: 4 paquetes de cada tamaño | AG14: 4 paquetes de cada tamaño | AH14: 4 paquetes de cada tamaño | AI14: 35 paquetes entre todos los tamaños | AJ14: 35 paquetes entre todos los tamaños | AK14: 22 paquetes entre todos los tamaños | AL14: 3 paquetes pequeñas, 5 paquetes medianas, 6 paquetes grandes. | AM14: 3 paquetes pequeñas, 5 paquetes medianas, 6 paquetes grandes. | AN14: 2 paquetes pequeñas, 3 paquetes medianas, 4 paquetes grandes. | AO14: 2 paquetes pequeñas, 3 paquetes medianas, 4 paquetes grandes. | AP14: 2 paquetes pequeñas, 3 paquetes medianas, 4 paquetes grandes. | AQ14: 2 paquetes pequeñas, 3 paquetes medianas, 4 paquetes grandes. | AR14: 2 paquetes pequeñas, 3 paquetes medianas, 4 paquetes grandes. | AS14: 2 paquetes pequeñas, 3 paquetes medianas, 4 paquetes grandes. | AT14: 4paquetes pequeñas, 5 paquetes medianas, 6paquetes grandes. | AU14: 2 paquetes pequeñas, 3 paquetes medianas, 3 paquetes grandes. | AV14: 2 paquetes pequeñas, 3 paquetes medianas, 3 paquetes grandes. | AW14: 2 paquetes pequeñas, 3 paquetes medianas, 3 paquetes grandes. | AX14: 2 paquetes pequeñas, 3 paquetes medianas, 3 paquetes grandes. | AY14: 2 paquetes pequeñas, 3 paquetes medianas, 3 paquetes grandes. | AZ14: 6 paquetes pequeñas, 7 paquetes medianas, 7 paquetes grandes. | BA14: 6 paquetes pequeñas, 7 paquetes medianas, 7 paquetes grandes. | BB14: 6 paquetes pequeñas, 7 paquetes medianas, 7 paquetes grandes. | BC14: 6 paquetes pequeñas, 7 paquetes medianas, 7 paquetes grandes. | BD14: 6 paquetes pequeñas, 7 paquetes medianas, 7 paquetes grandes.
A15: Neohaus | B15: Aseo | C15: Esponja 4U | T15: - | U15: - | V15: - | W15: - | X15: - | Y15: - | Z15: 3 unidades de esponja | AA15: 1 unidad | AB15: 1 unidad | AC15: 1 unidad | AD15: 1 unidad | AE15: 1 paquete | AF15: 1 paquete | AG15: 1 paquete | AH15: 1 paquete | AI15: 2 paquetes | AJ15: 2 paquetes | AK15: 2 paquetes | AL15: 2 paquetes | AM15: 2 paquetes | AN15: 2 paquetes | AO15: 1 paquete | AP15: 1 paquete | AQ15: 1 paquete | AR15: 1 paquete | AS15: 1 paquete | AT15: 1 paquete | AU15: 1 paquete | AV15: 1 paquete | AW15: 1 paquete | AX15: sin stock | AY15: sin stock | AZ15: 1 paquete | BA15: 1 paquete | BB15: 1 paquete | BC15: 1 paquete | BD15: 1 paquete
A16: Neohaus | B16: Aseo | C16: Papel interfoliado | Z16: Sin stock | AA16: Sin stock | AB16: Sin stock | AC16: Sin stock | AD16: Sin stock | AE16: 37 unidades | AF16: 28 unidades | AG16: 21 unidades | AH16: 16 unidades | AI16: 30 unidades | AJ16: 25 unidades | AK16: 18 unidades | AL16: 10 unidades | AM16: 7 unidades | AN16: 2 unidades | AO16: 1 unidad | AP16: 20 unidades | AQ16: 7 unidades | AR16: 47 unidades | AS16: 47 unidades | AT16: 1 paquete | AU16: 1 paquete | AV16: sin stock | AW16: sin stock | AX16: sin stock | AY16: sin stock | AZ16: 8 paquetes | BA16: 3 paquetes | BB16: sin stock | BC16: sin stock | BD16: sin stock
A17: Neohaus | B17: Aseo | C17: Mopa Redonda | T17: - | U17: - | V17: - | W17: - | X17: - | Y17: - | Z17: 2 unidades | AA17: 2 unidades | AB17: 2 unidades | AC17: 2 unidades | AD17: 2 unidades | AE17: 4 unidades | AF17: 6 unidades | AG17: 5 unidades | AH17: 4 unidades | AI17: 6 unidades | AJ17: 6 unidades | AK17: 5 unidades | AL17: 4 unidades | AM17: 4 unidades | AN17: 4 unidades | AO17: 2 unidades | AP17: 2 unidades | AQ17: 2 unidades | AR17: 2 unidades | AS17: 2 unidades | AT17: 2 unidades | AU17: 2 unidades | AV17: 2 unidades | AW17: 2 unidades | AX17: sin stock | AY17: sin stock | AZ17: 2 unidades | BA17: 2 unidades | BB17: 2 unidades | BC17: 2 unidades | BD17: 2 unidades

Sheet MANUEL MONTT 2 & 5
C1: MES | D1: JUNIO | E1: JUNIO | F1: JUNIO | G1: JUNIO | H1: JUNIO | I1: JULIO | J1: JULIO | K1: JULIO | L1: JULIO | M1: AGOSTO | N1: AGOSTO | O1: AGOSTO | P1: AGOSTO | Q1: SEPTIEMBRE | R1: SEPTIEMBRE | S1: SEPTIEMBRE | T1: SEPTIEMBRE | U1: SEPTIEMBRE | V1: OCTUBRE | W1: OCTUBRE | X1: OCTUBRE | Y1: OCTUBRE
D2: 45811 | E2: =D2+6 -> 45817 | F2: =E2+7 -> 45824 | G2: =F2+7 -> 45831 | H2: =G2+7 -> 45838 | I2: 45845 | J2: 45852 | K2: 45859 | L2: =K2+7 -> 45866 | M2: 45873 | N2: 45880 | O2: 45887 | P2: 45894 | Q2: 45901 | R2: 45908 | S2: 45915 | T2: 45922 | U2: 45929 | V2: =U2+7 -> 45936 | W2: =V2+7 -> 45943 | X2: =W2+7 -> 45950 | Y2: =X2+7 -> 45957 | Z2: =Y2+7 -> 45964 | AA2: 45967 | AB2: =Z2+7 -> 45971 | AC2: 45978 | AD2: 45979 | AE2: 45981 | AF2: 45985 | AG2: 45988 | AH2: 45988 | AI2: 45992 | AJ2: 45995 | AK2: 46000 | AL2: 46002 | AM2: 46006 | AN2: 46009 | AO2: 46013 | AP2: 46020 | AQ2: 46027 | AR2: 46030 | AS2: 46034 | AT2: 46037 | AU2: 46041 | AV2: 46044 | AW2: 46048
A3: Sede | B3: Proveedor | C3: Producto | D3: Stock Actual | E3: Stock Actual | F3: Stock Actual | G3: Stock Actual | H3: Stock Actual | I3: Stock Actual | J3: Stock Actual | K3: Stock Actual | L3: Stock Actual | M3: Stock Actual | N3: Stock Actual | O3: Stock Actual | P3: Stock Actual | Q3: Stock Actual | R3: Stock Actual | S3: Stock Actual | T3: Stock Actual | U3: Stock Actual | V3: Stock Actual | W3: Stock Actual | X3: Stock Actual | Y3: Stock Actual | Z3: Stock Actual | AA3: Stock Actual | AB3: Stock Actual | AC3: Stock Actual | AD3: Stock Actual | AE3: Stock Actual | AF3: Stock Actual | AG3: Stock Actual | AH3: Stock Actual | AI3: Stock Actual | AJ3: Stock Actual | AK3: Stock Actual | AL3: Stock Actual | AM3: Stock Actual | AN3: Stock Actual | AO3: Stock Actual | AP3: Stock Actual | AQ3: Stock Actual | AR3: Stock Actual | AS3: Stock Actual | AT3: Stock Actual | AU3: Stock Actual | AV3: Stock Actual | AW3: Stock Actual
A4: Manuel Montt piso 2 | B4: Cafeteria | C4: Cafe Grano (KG) | D4: 0 | E4: 0 | F4: 3 Kg | G4: 500 grs | H4: 0 | I4: 0 | J4: 4 | K4: 500 grs | L4: 4 | M4: 2 KG | N4: 1 | O4: 4 | P4: 2 | Q4: 5 | R4: 2 | S4: 0 | T4: 0 | U4: 4 | V4: 1 | W4: 4 | X4: 1.5 | Y4: 1 | Z4: 0 | AA4: 0 | AB4: 0 | AC4: 1 | AD4: 5 | AE4: 4 | AF4: 4 | AG4: 1 | AH4: 1 | AI4: 0 | AJ4: 4 | AK4: 3 | AL4: 1 1/2 | AM4: 45689 | AN4: 0 | AO4: 5 | AP4: 4 1/2 | AQ4: 4 | AR4: 8 1/2 | AS4: 8 | AT4: 6 1/2 | AU4: 4 | AV4: 3 | AW4: 2
A5: Manuel Montt piso 2 | B5: Cafeteria | C5: Toalla de Papel Jumbo (UN) | D5: 0 | E5: 4 | F5: 3 | G5: 1 | H5: 0 | I5: 0 | J5: 3 | K5: 1 | L5: 2 | M5: 4 | N5: 1 | O5: 0 | P5: 3 | Q5: 0 | R5: 4 | S5: 3 | T5: 3 | U5: 2 | V5: 1 | W5: 5 | X5: 3 | Y5: 6 | Z5: 5 | AA5: 3 | AB5: 2,5P | AC5: 4U | AD5: 10 | AE5: 8 | AF5: 8 | AG5: 7 | AH5: 7 | AI5: 6 | AJ5: 3 | AK5: 2 | AL5: 1 | AM5: 0 | AN5: 0 | AO5: 0 | AP5: 4 | AQ5: 4 | AR5: 4 | AS5: 1 | AT5: 2 | AU5: 1 | AV5: 11 | AW5: 11
A6: Manuel Montt piso 2 | B6: Cafeteria | C6: Papel Higienico (UN) | D6: 0 | E6: 6 | F6: 3 | G6: 2 | H6: 1 | I6: 0 | J6: 7 | K6: 6 | L6: 5 | M6: 8 | N6: 6 | O6: 3 | P6: 4 | Q6: 3 | R6: 3 | S6: 2 | T6: 2 | U6: 1 | V6: 0 | W6: 5 | X6: 4 | Y6: 6 | Z6: 6 | AA6: 4 | AB6: 4,5P | AC6: 16U | AD6: 26 | AE6: 24 | AF6: 13 | AG6: 12 | AH6: 12 | AI6: 11 | AJ6: 8 | AK6: 5 | AL6: 3 | AM6: 1 | AN6: 0 | AO6: 0 | AP6: 13 | AQ6: 10 | AR6: 10 | AS6: 7 | AT6: 3 | AU6: 1 | AV6: 30 | AW6: 30
A7: Manuel Montt piso 2 | B7: Cafeteria | C7: Resma Papel Fotocopia (UN) | D7: 0 | E7: 4 | F7: 3 | G7: 2 | H7: 2 | I7: 2 | J7: 2 | K7: 1 | L7: 6 | M7: 5 | N7: =M7 -> 5 | O7: 3 | P7: 3 | Q7: 2 | R7: 2 | S7: 1 | T7: 1 | U7: 1 | V7: 1 | W7: 2 | X7: 1 | Y7: 1 | Z7: 0 | AA7: 1 | AB7: 1 | AC7: 1 | AD7: 2 | AE7: 2 | AF7: 2 | AG7: 1 | AH7: 1 | AI7: 1 | AJ7: 1 | AK7: 1 | AL7: 0 | AM7: 0 | AN7: 0 | AO7: 0 | AP7: 2 | AQ7: 2 | AR7: 2 | AS7: 2 | AT7: 1 | AU7: 1 | AV7: 1 | AW7: 1
A8: Manuel Montt piso 2 | B8: Cafeteria | C8: Leche Líquida | Q8: - | R8: - | T8: - | U8: - | V8: - | W8: - | X8: - | Y8: 10 | Z8: 8 | AA8: 5 | AB8: 4 | AC8: 0 | AD8: 8 | AE8: 7 | AF8: 6 | AG8: 4 | AH8: 4 | AI8: 3 | AJ8: 1 | AK8: 0 | AL8: 0 | AM8: 0 | AN8: 0 | AO8: 0 | AP8: 8 | AQ8: 7 | AR8: 4 | AS8: 2 | AT8: 0 | AU8: 0 | AV8: 24 | AW8: 20
A9: Manuel Montt piso 2 | B9: Cafeteria | C9: Endulzante | Q9: - | R9: - | S9: - | T9: - | U9: - | V9: - | W9: - | X9: - | Y9: 2 | Z9: 1 | AA9: 0 | AB9: 0 | AC9: 0 | AD9: 1 | AE9: 1 | AF9: 1 | AG9: 1 | AH9: 1 | AI9: 1 | AJ9: 1 | AK9: 1 | AL9: 1 | AM9: 1 | AN9: 0 | AO9: 0 | AP9: 1 | AQ9: 1 | AR9: 1 | AS9: 0 | AT9: 0 | AU9: 0 | AV9: 1 | AW9: 1
A10: Manuel Montt piso 2 | B10: Cafeteria | C10: Servilleta | AP10: 0 | AQ10: 0 | AR10: 0 | AS10: 0 | AT10: 0 | AU10: 0 | AV10: 10 | AW10: 6
A11: Manuel Montt piso 2 | B11: Aseo | C11: Cloro Gel | AC11: 1 | AD11: 2 | AE11: 2 | AF11: 2 | AG11: 1 | AH11: 1 | AI11: 1 | AJ11: 1 | AK11: 1 | AL11: 1 | AM11: 1 | AN11: 1 | AO11: 1 | AP11: 1 | AQ11: 1 | AR11: 1 | AS11: 1 | AT11: 1 | AU11: 1 | AV11: 2 | AW11: 2
A12: Manuel Montt piso 2 | B12: Aseo | C12: Limpia piso | AC12: 0 | AD12: 2 | AE12: 2 | AF12: 2 | AG12: 1 | AH12: 1 | AI12: 1 | AJ12: 1 | AK12: 1 | AL12: 1 | AM12: 1 | AN12: 1 | AO12: 1 | AP12: 1 | AQ12: 1 | AR12: 1 | AS12: 1 | AT12: 1 | AU12: 1 | AV12: 2 | AW12: 2
A13: Manuel Montt piso 2 | B13: Aseo | C13: Bolsas Basura 50x70 | AC13: 50x70=12 70x90=15 80x110=16 | AD13: 50x70=37 70x90=15 80x110=16 | AE13: 50x70=37 70x90=15 80x110=16 | AF13: 50x70= 36 70x90= 14 80x110= 16 | AG13: 50x70= 25 70x90= 14 80x110= 12 | AH13: 50x70= 25 70x90= 14 80x110= 12 | AI13: 50x70= 22 70x90= 80x110= 11 | AJ13: 50x70= 16 70x90= 0 80x110= 10 | AK13: 50x70= 14 70x90= 0 80x110= 8 | AL13: 50x70=15 70x90= 0 80x110= 7 | AM13: 50x70= 12 70x90= 0 80x110= 6 | AN13: 50x70= 70x90= 0 80x110= | AO13: 50x70= 70x90= 0 80x110= | AP13: =21 -> 21 | AQ13: 18 | AR13: 16 | AS13: 16 | AT13: 15 | AU13: 14 | AV13: 21 | AW13: 21
A14: Manuel Montt piso 2 | B14: Aseo | C14: Bolsas Basura 70x90 | AP14: 5 | AQ14: 4 | AR14: 2 | AS14: 2 | AT14: 1 | AU14: 0 | AV14: 5 | AW14: 3
A15: Manuel Montt piso 2 | B15: Aseo | C15: Bolsas Basura 80x110 | AP15: 12 | AQ15: 11 | AR15: 10 | AS15: 8 | AT15: 5 | AU15: 5 | AV15: 9 | AW15: 6
A16: Manuel Montt piso 2 | B16: Aseo | C16: Esponja 4U | AC16: 1 | AD16: 8U | AE16: 8U | AF16: 8U | AG16: 7U | AH16: 7U | AI16: 6 | AJ16: 5 | AK16: 4 | AL16: 4 | AN16: 3U | AO16: 3U | AP16: 8U | AQ16: 8U | AR16: 8U | AS16: 7U | AT16: 7U | AU16: 6U | AV16: 11 | AW16: 8U
A17: Manuel Montt piso 2 | B17: Aseo | C17: Mopa Redonda | AC17: 0 | AD17: 1 | AE17: 0 | AF17: 0 | AG17: 0 | AH17: 0 | AI17: 0 | AJ17: 0 | AK17: 0 | AL17: 0 | AM17: 0 | AN17: 0 | AO17: 0 | AP17: 1 | AQ17: 1 | AR17: 1 | AS17: 0 | AT17: 0 | AU17: 0 | AV17: 2 | AW17: 2
A18: Manuel Montt piso 5 | B18: Cafeteria | C18: Cafe Grano (KG) | D18: 0 | E18: 0 | F18: 4 Kg | G18: 1 Kg | H18: 0 | I18: 0 | J18: 3 | K18: 500 grs | L18: 5 | M18: 2.5 KG | N18: 2 | O18: 4 | P18: 3 | Q18: 1 | R18: 2 | S18: 0 | T18: 0 | U18: 4.5 | V18: 2.5 | W18: 5 | X18: 4 | Y18: 3 | Z18: 2 | AA18: 1 | AB18: 1 | AC18: 1 | AD18: 4.5 | AE18: 4 | AF18: 3.5 | AG18: 3 | AH18: 3 | AI18: 2 | AJ18: 6 | AK18: 5 | AL18: 4 1/2 | AM18: 4 | AN18: 1 | AO18: 5 1/2 | AP18: 8 | AQ18: 7 | AR18: 8 | AS18: 7 1/2 | AT18: 7 | AU18: 6 | AV18: 6 1/2 | AW18: 6
A19: Manuel Montt piso 5 | B19: Cafeteria | C19: Toalla de Papel Jumbo (UN) | D19: 0 | E19: 4 | F19: 3 | G19: 3 | H19: 1 | I19: 0 | J19: 3 | K19: 2 | L19: 4 | M19: 4 | N19: 1 | O19: 0 | P19: 4 | Q19: 1 | R19: 5 | S19: 4 | T19: 3 | U19: 2 | V19: 1 | W19: 5 | X19: 4 | Y19: 6 | Z19: 4 | AA19: 3 | AB19: 2,5 P | AC19: 4U | AD19: 10 | AE19: 9 | AF19: 9 | AG19: 8 | AH19: 8 | AI19: 7 | AJ19: 6 | AK19: 5 | AL19: 5 | AM19: 5 | AN19: 4 | AO19: 4 | AP19: 9 | AQ19: 9 | AR19: 8 | AS19: 8 | AT19: 4 | AU19: 4 | AV19: 2 | AW19: 1
A20: Manuel Montt piso 5 | B20: Cafeteria | C20: Papel Higienico (UN) | D20: 0 | E20: 6 | F20: 5 | G20: 2 | H20: 1 | I20: 0 | J20: 4 | K20: 3 | L20: 10 | M20: 8 | N20: 6 | O20: 3 | P20: 4 | Q20: 6 | R20: 5 | S20: 4 | T20: 4 | U20: 2 | V20: 1 | W20: 3 | X20: 3 | Y20: 6 | Z20: 6 | AA20: 4 | AB20: 3,5P | AC20: 12U | AD20: 22 | AE20: 22 | AF20: 19 | AG20: 16 | AH20: 16 | AI20: 15 | AJ20: 15 | AK20: 15 | AL20: 14 | AM20: 13 | AN20: 13 | AO20: 13 | AP20: 22 | AQ20: 22 | AR20: 20 | AS20: 20 | AT20: 19 | AU20: 19 | AV20: 19 | AW20: 18
A21: Manuel Montt piso 5 | B21: Cafeteria | C21: Resma Papel Fotocopia (UN) | D21: 0 | E21: 4 | F21: 4 | G21: 4 | H21: 3 | I21: 3 | J21: 3 | K21: 2 | L21: 5 | M21: 4 | N21: =M21 -> 4 | O21: 3 | P21: 3 | Q21: 2 | R21: 2 | S21: 2 | T21: 2 | U21: 2 | V21: 1 | W21: 2 | X21: 1 | Y21: 1 | Z21: 1 | AA21: 1 | AB21: 1 | AC21: 1 | AD21: 2 | AE21: 2 | AF21: 2 | AG21: 2 | AH21: 2 | AI21: 2 | AJ21: 2 | AK21: 1 | AL21: 0 | AM21: 0 | AN21: 0 | AO21: 0 | AP21: 2 | AQ21: 2 | AR21: 2 | AS21: 2 | AT21: 2 | AU21: 2 | AV21: 2 | AW21: 2
A22: Manuel Montt piso 5 | B22: Cafeteria | C22: Leche Liquida | Q22: - | R22: - | S22: - | T22: - | U22: - | V22: - | W22: - | X22: - | Y22: 11 | Z22: 9 | AA22: 6 | AB22: 3 | AC22: 0 | AD22: 7 | AE22: 6 | AF22: 5 | AG22: 4 | AH22: 4 | AI22: 3 | AJ22: 1 | AK22: 0 | AL22: 0 | AM22: 0 | AN22: 0 | AO22: 0 | AP22: 9 | AQ22: 9 | AR22: 6 | AS22: 5 | AT22: 4 | AU22: 3 | AV22: 2 | AW22: 2
A23: Manuel Montt piso 5 | B23: Cafeteria | C23: Endulzante | Q23: - | R23: - | S23: - | T23: - | U23: - | V23: - | W23: - | X23: - | Y23: 2 | Z23: 1 | AA23: 1 | AB23: 1 | AC23: 1 | AD23: 2 | AE23: 2 | AF23: 2 | AG23: 1 | AH23: 1 | AI23: 1 | AJ23: 1 | AK23: 1 | AL23: 1 | AM23: 1 | AN23: 1 | AO23: 1 | AP23: 1 | AQ23: 1 | AR23: 1 | AS23: 1 | AT23: 1 | AU23: 1 | AV23: 1 | AW23: 1
A24: Manuel Montt piso 5 | B24: Cafeteria | C24: Servilleta | AP24: 0 | AQ24: 0 | AR24: 0 | AS24: 0 | AT24: 0 | AU24: 0 | AV24: 0 | AW24: 0
A25: Manuel Montt piso 5 | B25: Aseo | C25: Cloro Gel | X25: - | Y25: - | Z25: - | AA25: - | AB25: - | AC25: 1 | AD25: 1 | AE25: 1 | AF25: 1 | AG25: 1 | AH25: 1 | AI25: 1 | AJ25: 1 | AK25: 0 | AL25: 0 | AM25: 0 | AN25: 0 | AO25: 0 | AP25: 1 | AQ25: 0 | AR25: 0 | AS25: 0 | AT25: 0 | AU25: 0 | AV25: 0 | AW25: 1
A26: Manuel Montt piso 5 | B26: Aseo | C26: Limpia Piso | X26: - | Y26: - | Z26: - | AA26: - | AB26: - | AC26: 1 | AD26: 1 | AE26: 1 | AF26: 1 | AG26: 1 | AH26: 1 | AI26: 1 | AJ26: 1 | AK26: 1 | AL26: 1 | AM26: 1 | AN26: 1 | AO26: 1 | AP26: 1 | AQ26: 1 | AR26: 1 | AS26: 1 | AT26: 1 | AU26: 1 | AV26: 1 | AW26: 2
A27: Manuel Montt piso 5 | B27: Aseo | C27: Bolsas Basura 50x70 | X27: - | Y27: - | Z27: - | AA27: - | AB27: - | AC27: 50x70=2 70x90=3 80x110=8 | AD27: 50x70=5 70x90=3 80x110=8 | AE27: 50x70=5 70x90= 3 80x110= 8 | AF27: 50x70= 5 70x90= 2 80x110= 8 | AG27: 50x70= 5 70x90= 1 80x110= 8 | AH27: 50x70= 5 70x90= 1 80x110= 8 | AI27: 50x70= 5 70x90= 0 80x110= 8 | AJ27: 50x70= 3 70x90= 0 80x110= 8 | AK27: 50x70= 3 70x90= 0 80x110= 8 | AL27: 50x70= 2 70x90= 0 80x110= 8 | AM27: 50x70= 3 70x90= 0 80x110= 7 | AN27: 50x70= 3 70x90= 0 80x110= 7 | AO27: 50x70= 3 70x90= 0 80x110= 7 | AP27: 9 | AQ27: 8 | AR27: 6 | AS27: 5 | AT27: 4 | AU27: 4 | AV27: 10 | AW27: 10
A28: Manuel Montt piso 5 | B28: Aseo | C28: Bolsas Basura 70x90 | AP28: 5 | AQ28: 4 | AR28: 3 | AS28: 2 | AT28: 1 | AU28: 1 | AV28: 3 | AW28: 3
A29: Manuel Montt piso 5 | B29: Aseo | C29: Bolsas Basura 80x110 | AP29: 8 | AQ29: 8 | AR29: 8 | AS29: 8 | AT29: 6 | AU29: 6 | AV29: 6 | AW29: 6
A30: Manuel Montt piso 5 | B30: Aseo | C30: Esponja 4U | X30: - | Y30: - | Z30: - | AA30: - | AB30: - | AC30: 1 | AD30: 8U | AE30: 8U | AF30: 8U | AG30: 7U | AH30: 7U | AI30: 7U | AJ30: 6U | AK30: 4U | AL30: 3U | AM30: 3U | AN30: 3U | AO30: 3U | AP30: 6U | AQ30: 5U | AR30: 5U | AS30: 5U | AT30: 4U | AU30: 4U | AV30: 3U | AW30: 3U
A31: Manuel Montt piso 5 | B31: Aseo | C31: Mopa Redonda | X31: - | Y31: - | Z31: - | AA31: - | AB31: - | AC31: 0 | AD31: 1 | AE31: 1 | AF31: 1 | AG31: 1 | AH31: 1 | AI31: 1 | AJ31: 0 | AK31: 0 | AL31: 0 | AM31: 0 | AN31: 0 | AO31: 0 | AP31: 1 | AQ31: 1 | AR31: 1 | AS31: 1 | AT31: 1 | AU31: 1 | AV31: 3 | AW31: 3

Sheet SUECIA 7 & 8
D1: JUNIO | E1: JUNIO | F1: JUNIO | G1: JUNIO | H1: JUNIO | K1: JULIO | L1: JULIO | M1: AGOSTO | N1: AGOSTO | O1: AGOSTO | P1: AGOSTO | Q1: SEPTIEMBRE | R1: SEPTIEMBRE | S1: SEPTIEMBRE | T1: SEPTIEMBRE | U1: SEPTIEMBRE | V1: OCTUBRE | W1: OCTUBRE | X1: OCTUBRE | Y1: OCTUBRE
